Multiple size <= 100
OK
Multiple size <= 500
TEST 1 ARG:-85 -244 -10 214 -23 -155 -123 127 -157 -20 134 49 -231 154 -227 33 -66 -236 17 172 96 -33 39 -42 -137 121 31 235 118 177 178 -128 -89 51 -169 196 184 98 229 120 -117 101 -171 -57 -158 -132 -216 9 68 -250 87 244 239 112 -153 247 -178 20 -225 -232 167 91 27 42 -80 106 231 -36 77 179 116 57 130 -22 -204 -197 88 -107 -26 162 113 74 248 -233 -19 -172 -206 -212 -159 125 -188 28 226 -248 -242 171 -184 24 129 -64 140 -12 228 -247 50 78 -220 152 -207 -164 47 233 -201 -87 230 -62 -156 234 -161 -49 43 -7 -151 133 242 111 53 188 114 -9 -99 -29 -6 12 -5 203 -94 -91 94 -226 -183 25 -39 15 -179 -195 -194 150 151 -165 -133 -79 164 -147 -142 -213 -61 -41 -55 -77 83 -76 194 75 -58 165 -114 -30 222 139 -190 -72 44 -173 156 -95 -82 160 73 249 -59 205 3 -40 61 -45 142 181 -146 -138 -177 -21 -193 22 -205 -125 157 141 245 211 -122 -148 -54 243 18 221 224 128 110 -98 -88 -44 -211 -219 100 10 -100 -34 59 202 144 -35 -51 -218 -4 -235 220 -130 -149 -249 -185 190 138 123 -52 -70 148 197 -191 145 213 146 136 153 -237 -199 45 84 6 93 -65 -166 155 41 -69 -60 115 166 135 -16 207 40 216 -170 193 -83 -15 246 21 192 29 11 126 -101 -118 -162 -214 -230 -140 -154 143 -224 -228 132 -187 52 201 -8 46 158 -221 200 -208 71 -78 -109 209 -113 67 -102 174 -175 168 -127 -116 -215 -18 81 7 105 219 137 227 92 -103 -105 -97 30 63 8 64 56 82 185 169 95 -245 80 -223 -63 -160 1 108 204 13 217 -163 -203 86 16 -71 -81 -129 103 89 -111 -192 198 -198 170 62 -43 -135 206 223 -53 -48 232 23 76 69 161 -240 58 -210 191 -27 -182 183 117 131 237 -67 187 -90 -106 -50 14 2 163 -176 -96 66 70 -3 26 -246 -84 180 -134 48 124 -139 122 -112 236 85 104 212 19 -108 -28 -46 225 -189 107 -234 -200 238 99 -25 -202 -86 -239 147 -68 4 0 -37 195 -24 -47 -74 199 -1 240 159 -38 -93 210 -145 -13 -180 36 176 186 37 -32 -124 34 32 35 79 -229 -121 -217 -150 -92 -196 -75 241 102 -168 182 -73 -238 -186 -167 -222 -119 119 -2 65 109 -31 -126 -11 -141 -17 -144 -181 38 -14 -243 -152 -143 5 -110 215 173 -104 -115 149 54 72 97 208 -174 189 -209 -241 -136 218 90 55 60 -131 175 -120 -56 
TEST 2 ARG:143 208 235 203 90 -18 157 45 -187 -123 169 10 218 183 -4 -86 115 38 91 -150 245 138 -87 11 -244 -220 12 33 219 120 69 68 162 -65 105 -232 -51 -139 -32 -99 -2 153 171 -83 197 17 -44 -231 76 -96 -242 -42 204 -133 180 127 100 25 139 67 106 55 196 174 -84 -64 -223 170 -164 -128 -59 178 244 -246 137 -194 165 209 221 -137 43 -189 -156 -113 39 -106 -159 -39 -200 -235 -56 97 136 192 95 62 74 163 41 -63 -110 -10 -224 -211 -217 -225 225 -48 -121 4 242 241 -210 146 -28 -43 88 -68 151 -212 44 -155 248 71 -222 -101 -152 -147 229 -247 -21 -182 123 24 -170 188 40 31 185 176 199 6 211 -1 -67 222 168 -31 82 56 -79 -114 -33 201 -78 49 -173 -55 53 23 66 98 -108 -216 -27 -175 -100 -71 -167 65 160 193 42 154 -166 -195 61 84 18 -49 142 -201 -127 -218 15 -141 -228 215 145 238 220 -105 -185 -134 46 110 50 124 -66 -162 -52 -115 7 -160 -241 -144 3 -5 -104 -98 -186 -102 -13 64 202 -36 -111 72 190 -126 -219 -45 30 83 224 227 155 -142 -88 -237 0 234 147 89 -169 182 -240 26 -109 -119 187 54 -80 8 75 5 118 29 -234 -179 206 156 16 -70 36 132 -221 -50 223 195 179 109 167 93 158 -193 2 21 -9 -233 -230 161 233 47 181 232 -47 59 -57 -34 159 -145 243 -14 -58 104 216 226 -148 119 1 -208 177 173 96 79 92 -77 77 217 116 -3 73 150 -7 134 -90 121 -207 -190 51 -204 -191 210 -116 -248 133 -120 231 -30 131 -202 28 -61 -6 108 -178 -197 -215 114 19 48 -249 126 164 -203 -250 -198 -12 198 -196 9 -180 -188 194 -176 -136 58 -75 80 189 -192 94 52 172 101 141 -143 -92 -17 -74 205 -132 -118 -26 -165 102 -23 200 212 135 175 128 -85 236 -40 22 -25 -181 -37 -213 -69 -171 -124 -125 -35 -38 214 247 -161 111 -112 85 -206 -163 86 -153 -94 140 -140 107 122 -243 249 -146 -168 63 -214 32 -19 -245 -236 -82 130 99 112 -95 117 -62 -183 -53 -54 37 81 60 -20 -89 -226 -209 -107 14 -76 230 228 -8 -29 -238 -229 -97 207 237 129 -60 -205 166 -24 -157 87 78 246 184 103 -131 -158 148 27 20 -130 -138 -81 -16 13 -122 149 144 -227 191 -172 152 70 186 57 240 -73 -154 -22 -41 -93 -135 -177 -46 -11 113 -117 -149 -72 -15 -239 -129 35 125 -199 239 -151 -103 -184 34 213 -91 -174 
TEST 3 ARG:-129 132 165 -31 -54 -56 235 -246 -45 -67 -142 194 -173 -84 -10 30 -249 22 -110 -97 233 236 -15 218 -198 171 88 -42 114 249 153 -9 187 23 -167 -147 125 193 33 228 -140 138 19 234 -22 148 -216 -51 -143 9 24 -162 -94 25 170 -175 -113 188 13 -77 -111 160 75 154 78 -122 -242 -222 55 -14 108 137 226 26 -86 -38 -39 -48 -172 -89 47 -69 199 90 16 -191 -139 -230 231 119 -57 87 -12 145 197 -11 -227 -238 225 157 10 -155 111 97 215 144 -33 247 -203 152 167 -165 31 -209 -85 -29 131 -130 82 -214 -210 -99 -248 77 191 -93 146 -24 -185 -177 220 201 -17 -118 -231 59 207 -44 -125 -160 203 -106 141 79 5 86 -223 3 -37 -52 -208 -121 -135 241 206 -136 -186 66 -200 -157 238 -46 -41 74 -146 -228 178 246 196 -66 -151 -108 230 -27 -156 7 -192 121 133 64 -211 -196 159 18 -171 -184 173 -202 80 -221 -119 29 115 198 -180 212 -70 112 127 169 -3 124 68 -243 -74 -40 185 -141 161 204 -145 -53 -82 57 182 168 186 189 117 -60 -87 -193 151 -199 -61 118 216 -2 -123 -58 -6 -96 96 -5 11 -163 -190 -215 227 179 56 92 -138 106 -117 -236 195 -34 -247 27 -101 -126 -90 32 42 -206 91 85 240 39 -26 99 181 242 71 -250 172 -153 232 143 -64 -19 209 -1 100 -49 -43 49 -134 -104 -194 -92 51 93 -241 -220 156 248 -217 -204 219 -149 43 -65 135 -21 -205 0 122 102 -197 -181 45 214 -224 -158 -195 -183 222 200 61 -144 -30 72 -78 -207 8 224 -23 84 -59 -213 -68 40 202 52 113 -240 34 164 128 -225 126 89 -63 103 -120 -47 158 237 123 -218 17 -168 -107 -169 120 -32 -182 129 174 -115 210 217 134 50 20 -124 208 -73 -187 155 -127 142 -13 2 -81 107 166 -159 184 -137 -4 -16 -7 62 -76 83 -79 -132 41 162 116 -189 -128 1 -28 -244 -8 -237 147 -91 243 15 -212 -170 -179 180 -161 -116 69 104 -25 -150 -114 -100 6 -18 176 4 183 -201 -112 192 149 44 -232 53 139 -109 105 12 190 70 136 -188 -72 81 -229 37 239 163 101 48 -174 -233 221 94 205 -234 35 -80 110 -71 -20 150 54 36 95 109 -95 -226 140 130 38 -239 -219 -166 -178 65 -164 63 -103 -102 -152 213 -131 244 -235 -35 -105 28 76 223 177 -133 73 98 229 -36 -88 -98 -176 60 175 67 -50 -55 14 211 -245 -75 21 -62 -148 58 -83 -154 245 46 
TEST 4 ARG:110 11 220 21 194 -231 49 99 -57 79 -76 198 199 -149 -98 -104 208 78 72 -63 -58 -117 100 112 -203 3 -12 -201 -39 -245 73 230 166 -28 -38 158 17 -114 192 200 -217 -156 14 -151 114 96 47 223 107 -92 245 -3 -193 243 23 148 -161 -153 -152 136 -205 64 -213 174 22 191 1 -26 4 -182 101 171 248 -179 211 27 227 108 225 19 152 -244 -10 -218 -68 -80 -167 -45 -204 91 124 237 179 183 -52 -200 217 55 38 -112 61 54 159 182 127 82 32 130 -215 65 205 -86 -60 -83 187 239 -8 -199 -96 48 -105 -100 102 -91 -73 -188 84 -214 178 5 -11 247 90 -163 168 25 162 71 109 -246 87 213 -224 2 -103 221 93 -230 -180 241 160 -176 -144 -46 -31 63 -15 -208 -170 234 -20 -164 -146 -198 74 51 176 -7 -212 -4 215 -165 119 -54 -171 154 -115 89 149 233 131 -66 18 -248 147 153 -88 210 75 40 113 -110 36 -25 -70 46 -209 143 173 -75 -197 135 -43 56 106 -84 -116 -123 138 -192 -186 236 197 105 59 -216 -1 -225 -109 -122 -97 -222 203 68 57 -23 13 -32 41 45 9 139 -65 186 -44 -243 -148 184 -185 -85 20 52 209 -172 189 219 -211 146 111 -2 195 -250 -93 -181 -158 -241 -132 226 92 -89 -160 -206 -22 -79 104 39 -62 -90 -40 188 -87 218 -41 -128 98 -78 -67 145 -59 121 -234 122 -143 -61 155 97 163 196 103 -247 -169 95 -6 -16 -232 -141 -139 -48 -131 -135 201 -72 -56 -71 -236 232 7 -138 -229 30 228 94 -126 -111 -159 -239 -242 -173 -18 -49 -134 151 81 -81 69 -136 -174 224 -9 -220 -189 246 -121 -184 249 -140 50 -95 -237 -101 -145 144 76 165 -177 -127 -133 -30 86 180 33 175 -238 -228 -34 206 -53 -219 -233 -150 -108 -166 -194 -42 12 238 -99 157 216 -178 43 -55 -27 207 -5 169 -35 -47 -21 15 -51 8 229 0 53 -175 133 -36 -226 10 161 190 -157 -210 37 235 -240 83 85 44 -130 137 80 -147 70 -17 -37 42 242 -125 -19 24 -221 222 -82 140 167 -33 35 116 -223 -196 212 115 28 120 -190 126 -227 26 -207 170 129 -129 34 -118 16 -155 172 -142 202 -235 193 31 -106 123 181 -113 125 -64 -77 -187 128 66 177 88 -183 -249 -162 -29 134 117 185 -102 156 -137 6 29 -154 62 150 -124 240 -107 -14 231 -168 -69 164 67 -191 118 -120 -202 -50 -74 141 132 244 -119 142 214 60 204 -24 -195 -94 58 -13 77 
TEST 5 ARG:-35 -23 174 -145 35 6 -248 134 -21 -54 -5 137 186 78 206 179 205 -7 126 -232 -109 248 -179 56 -56 -170 -130 70 -133 168 83 -212 113 -190 -183 -1 -168 98 -172 -159 -245 -43 220 -91 -102 147 42 1 -71 -207 -59 -166 227 -26 166 140 -233 -246 -85 -55 -3 104 -176 -197 229 -192 143 -200 118 225 173 -49 -177 -114 47 -147 195 90 -15 192 -139 -47 -27 28 -228 74 -12 97 -193 223 110 178 -13 -79 24 2 184 -86 -161 -17 150 -64 -46 11 -63 -171 -220 157 -225 105 191 21 203 -72 -76 -96 -18 -58 -73 -158 -48 -25 -81 51 -128 -239 -169 123 116 100 0 -116 -30 95 -173 -140 92 -62 101 8 125 71 -2 -138 197 -70 171 25 -203 -65 181 9 -61 -226 -113 115 144 16 -208 164 208 -153 -156 -136 189 55 45 52 -40 -10 -202 106 -174 62 -141 243 -230 76 -118 -247 154 247 -157 -88 209 219 -144 -19 133 138 222 -52 -184 81 153 139 -98 22 200 -108 3 -160 -164 -29 146 -24 -195 -242 216 131 49 32 -189 -41 -100 -121 23 152 -222 88 -8 -132 175 176 -227 61 -9 182 240 163 -20 217 -229 194 -33 -45 -28 -211 177 -152 215 -31 238 236 -82 185 -249 148 20 -84 159 -66 26 -180 93 -151 -148 7 30 -191 218 156 -182 -78 69 -117 165 169 -213 107 59 -237 57 -217 -22 -155 190 -107 85 -215 119 -201 -6 -57 112 80 -127 -134 246 -223 213 -221 12 -243 162 -122 -74 -129 89 40 68 27 -103 -39 -38 -123 -120 -188 -142 135 -199 63 53 13 31 65 -167 198 -104 -149 187 121 44 -110 79 -175 149 -37 172 19 127 193 72 -150 111 232 239 130 188 242 -204 77 60 39 15 228 167 -111 -90 14 142 -124 99 54 117 214 -77 -50 -112 86 -234 -97 91 -68 -216 -16 -178 -198 160 -89 204 -162 145 -238 -53 41 66 29 48 -143 -60 122 136 67 -11 -187 -241 -32 207 230 94 -42 235 -194 224 -186 201 36 114 37 -240 -185 -95 -93 33 226 -219 -83 244 109 -106 211 212 231 210 -80 -154 237 -236 -44 183 -119 82 -51 -235 196 43 -209 -137 241 -205 108 120 -206 180 102 202 -14 73 5 -94 -231 58 -69 -181 75 87 96 245 -146 -105 -250 18 155 84 -135 -163 221 10 128 -125 -75 -34 -67 -4 34 124 -210 129 64 -224 170 158 -196 151 -115 234 199 -36 -126 -244 -165 -131 -101 249 161 50 -214 132 4 46 141 17 -218 -92 -87 38 103 233 -99 
TEST 6 ARG:-189 -104 20 138 -18 -154 103 -6 -103 39 -196 -67 176 -235 -208 207 0 206 139 -60 97 50 -79 -123 191 -97 98 211 -206 -99 -146 243 224 -65 -46 -69 -20 80 154 71 -127 119 -158 -179 -111 239 -225 -249 -240 -227 198 15 -169 32 -25 81 -45 -187 4 -183 49 -116 162 -115 156 -109 113 136 96 -147 133 -76 104 112 155 -238 150 -229 -26 129 142 53 82 3 -95 75 115 164 -156 215 117 29 187 -34 -138 -118 237 212 -51 6 -203 14 -93 -172 -152 54 36 -29 242 -230 -41 -161 -106 -149 204 -135 124 65 -160 168 99 -246 86 44 -17 -195 -59 160 -171 -241 57 241 -145 -153 18 10 -19 63 -23 -232 222 182 -163 181 -166 -164 91 175 231 43 178 87 -105 218 -33 102 171 163 149 -66 -197 228 40 107 245 25 188 2 -159 -125 -215 209 -57 106 -14 62 -198 -124 -188 -53 -83 -96 -8 -12 -90 236 -74 -165 1 -5 180 -193 84 166 -162 201 -43 41 -22 -150 121 -243 -100 47 11 174 105 -151 122 101 221 -48 -242 35 130 45 -212 -119 203 -202 -210 42 -176 220 -80 13 -226 208 246 61 -247 -36 137 -220 -221 -31 -37 234 177 67 146 -112 -126 76 -55 110 172 -1 -186 -81 147 189 -217 143 100 60 -218 230 51 197 132 89 92 -4 70 217 52 68 134 17 -68 213 -11 5 131 193 -102 216 151 192 238 111 30 8 116 152 194 233 34 -117 26 12 -39 -47 -94 -133 66 108 77 199 -248 226 114 90 73 184 -181 179 -82 -73 240 -204 -178 -137 -71 -38 -15 202 118 74 183 -107 83 -141 -233 144 -155 -101 85 235 -245 -192 -185 -91 19 79 195 -13 -205 135 -120 219 -167 -136 -236 -122 126 88 -180 169 170 -49 109 -194 38 -88 165 -228 -190 -121 16 33 -58 69 127 140 -244 -44 -216 128 -56 -54 -77 -84 55 -72 157 -239 -231 248 225 59 145 -131 78 7 -140 123 48 196 -9 -114 -63 161 -70 94 -30 -184 185 -64 -134 -89 247 -132 -62 -200 37 -148 -213 -35 22 -182 249 232 200 -92 -98 -170 -207 -16 -143 -250 64 -86 205 -199 -219 -209 125 -177 -168 167 58 -214 214 223 -28 56 -2 -142 -21 -173 -174 186 93 27 9 141 159 -42 -222 -24 -27 -234 -32 -139 -157 -10 -78 158 210 46 153 -75 23 95 -201 -128 72 -175 -40 -223 21 -108 229 244 -7 227 -211 -3 120 28 190 -191 -113 -110 -130 31 24 148 -237 -224 -85 -52 -144 -129 -87 -50 173 -61 
TEST 7 ARG:192 246 -27 -60 54 101 -143 -186 -216 1 -144 232 -187 -40 46 -195 128 237 49 -55 142 -192 -202 132 -25 -102 214 -22 240 -248 -65 145 -123 -206 171 150 99 90 -154 -129 138 -225 -172 108 45 -79 -131 114 33 115 -107 129 -239 -165 130 -159 -89 19 206 -249 -74 32 -54 220 69 189 -108 152 194 -211 221 -196 -112 -81 -19 -243 76 -62 136 200 21 141 124 -250 -190 -88 -176 -245 -210 -137 74 60 -18 -20 -139 -109 -170 -163 -53 122 98 195 -58 65 94 170 235 91 96 -203 -160 -67 219 -193 -91 105 163 -66 225 213 -57 -126 -213 35 -217 -35 -185 -90 107 -150 -41 236 190 106 164 117 -229 -167 -52 119 243 -17 -156 18 126 -169 104 222 -200 -12 -162 -21 183 -158 223 40 -235 -215 208 159 -208 -227 -237 -85 -105 92 179 -178 -59 191 -64 -161 247 -32 103 31 29 13 -39 81 -11 43 -219 111 48 120 -247 85 113 -48 -83 -82 -10 -175 12 -122 37 -224 -236 102 -152 -8 160 -86 -201 203 17 -214 -94 162 -183 -106 -155 -72 -189 -134 231 -46 53 121 28 -145 -231 167 -92 127 7 209 27 75 -23 147 -61 140 -164 -121 143 -93 -241 123 -194 11 116 212 -56 239 55 207 -205 -115 -4 211 185 82 -181 -15 -36 -24 -138 134 24 80 -98 197 144 70 -71 97 3 -140 218 -63 204 242 224 26 -148 -130 -1 42 118 23 -44 67 -125 -31 -141 -2 -77 -128 -30 -146 165 227 61 20 238 -68 201 -42 41 205 -240 -222 73 151 -84 -228 78 169 87 8 155 -157 -233 -110 -221 -7 93 -80 -120 -188 -149 177 184 -171 79 -47 156 172 -142 -204 4 -198 5 2 229 14 -174 135 -132 57 -117 68 176 -75 -124 95 89 -9 64 -234 -33 -51 -101 210 -69 16 -113 -220 166 125 193 149 154 -223 -209 86 -76 175 -179 -6 -199 217 112 199 -182 51 44 -166 -147 -95 25 234 -207 6 -136 10 178 -177 -87 -197 228 188 158 168 202 198 -238 -212 -116 -43 133 52 -28 -151 -78 174 -29 -184 -73 216 233 248 72 -218 -111 -37 196 56 148 109 59 -96 -173 180 34 -114 186 -3 -104 -119 244 -13 -5 -103 -38 -153 131 58 -180 137 -97 -70 215 100 -49 -226 181 50 -230 30 -34 66 230 71 157 36 -26 146 -50 -232 22 187 -118 249 -100 38 -242 -246 15 -99 -45 -244 245 -14 -168 47 110 9 226 173 63 77 -191 84 -127 88 139 62 241 153 -135 83 39 -133 0 182 161 -16 
TEST 8 ARG:-227 206 0 132 -243 70 -242 -44 -233 5 103 -101 -219 200 -18 -202 -197 -124 226 -1 -105 236 38 119 -214 147 -174 142 135 -16 42 118 -215 -157 191 -25 49 -136 -167 60 47 -39 -185 212 27 141 -173 139 46 10 179 -110 -199 68 171 246 -75 172 34 192 102 -192 3 205 196 100 228 50 -99 162 248 -176 95 -169 -29 129 -117 -48 -107 -239 -14 -162 -32 -168 -12 -36 211 -178 -249 -248 178 112 12 -206 -144 -17 207 241 -163 -30 194 -112 87 -220 26 -181 1 53 130 -11 -143 -250 -119 -200 240 233 76 -70 79 -42 -218 216 18 143 -115 237 -237 81 208 54 11 24 -38 -216 93 -24 220 90 -128 35 -226 -45 96 -84 -3 157 168 108 239 177 21 199 -33 -74 45 -7 -69 -62 -190 204 64 -187 -194 -201 245 -40 -102 -172 160 -159 86 203 166 -60 -50 -65 92 -23 106 -104 -106 -96 58 104 48 -123 -94 -103 84 128 -179 186 22 -210 44 20 -151 78 -170 -188 -37 -6 -217 23 123 -131 -195 -229 209 155 67 -72 -132 182 -208 14 -27 117 -147 -58 -205 180 -120 51 202 30 -189 -54 -223 217 111 97 17 75 -148 28 105 227 -93 115 -145 -90 -141 -155 159 99 223 -43 195 184 91 176 -149 -100 33 -211 -98 101 230 197 -59 -118 89 140 120 114 -8 127 57 131 221 -212 -47 6 -165 231 -184 7 -231 -127 185 -91 124 109 -228 59 -19 234 -207 88 144 -193 80 232 137 -88 69 98 -64 -5 214 138 244 -126 -28 -244 146 -142 145 -92 -222 32 72 218 -241 -152 -79 77 -164 -51 83 36 -175 175 215 235 -246 201 -26 -234 -86 -68 242 247 74 163 -55 125 -186 -240 198 -66 -52 -35 13 -63 224 2 -247 243 -235 -108 -224 85 -76 -114 19 190 82 -89 -121 -61 62 41 249 -95 133 -182 -230 -20 167 -9 -53 -183 193 -153 55 213 -204 -56 -133 -82 165 -154 -41 94 -10 187 -196 56 61 -225 -209 110 161 52 -109 238 -67 40 -85 -150 -57 -34 121 -134 153 -158 -236 229 -191 -49 15 37 -15 71 174 113 29 189 164 -111 -213 16 -129 -137 -78 -198 -46 181 -22 148 9 222 -232 -180 -203 156 173 -21 -113 -138 65 134 43 188 149 126 -122 225 -177 219 151 39 63 -13 -139 -130 -77 -135 -166 -160 107 25 -2 73 -125 -245 -81 -238 -156 31 -71 -31 210 -97 136 4 183 -83 -73 -4 -80 -87 152 150 116 122 -116 169 -146 154 158 66 -171 -140 -161 8 -221 170 
TEST 9 ARG:-134 7 -216 -207 -142 220 147 85 -191 -186 91 202 78 86 -127 114 226 206 -245 56 -29 128 23 -77 -126 -224 110 -193 -180 -92 -88 210 -145 -198 -4 122 -141 -1 160 -122 57 101 0 -174 -26 -97 -37 207 136 -82 -5 -164 27 -166 34 -14 180 -155 -225 192 31 17 -185 150 191 96 20 72 42 -21 138 90 -62 -49 228 -219 3 184 -158 214 -53 244 44 -36 -23 106 -45 -81 -228 -235 -48 -143 79 167 -172 -238 154 -222 16 5 18 -151 -133 236 -60 -13 -239 231 -11 13 137 -42 124 -230 -78 -107 -66 243 65 45 -159 -212 107 81 -184 -70 135 35 64 -138 -246 -162 -205 178 140 -83 169 -169 58 -236 55 -208 -231 74 -52 -65 -178 80 133 -113 102 9 19 12 -195 -233 61 70 186 -46 116 218 -147 -73 -173 121 97 -95 -103 -190 -120 94 54 -241 118 -243 11 -150 -128 249 142 177 -44 -30 -6 -40 247 248 37 -210 166 115 -55 -160 241 -129 -123 235 -167 104 238 -34 50 119 -59 -209 187 197 -50 -156 -229 157 15 -110 -215 40 -117 -108 173 126 32 -214 -20 -136 67 -54 -165 -194 127 -187 -28 193 201 -220 63 -176 -139 69 208 -101 51 111 24 203 -18 233 14 174 33 30 52 172 246 87 -75 225 123 -94 168 -121 -131 -38 -237 -111 1 159 -114 -175 -41 223 205 125 -115 181 -16 46 -232 153 -149 66 -93 4 212 25 -86 -248 237 98 -7 227 234 179 38 -188 -226 -3 82 -249 -79 199 216 -177 232 -112 175 152 71 -109 217 -170 28 -211 204 -31 139 -22 -12 215 -90 -148 89 209 -183 -91 99 120 -118 -72 -99 68 -217 26 161 -234 -223 39 156 -35 162 -15 43 -181 2 -47 224 196 47 141 146 -43 183 53 -204 -125 21 176 -242 171 -221 22 195 198 92 -130 -64 -157 222 -146 -124 -84 -152 -2 -96 170 -168 36 230 -74 -33 164 -67 -154 -105 144 -244 -189 242 -227 95 -206 -201 77 -161 158 -104 -9 -17 132 -213 -25 -153 -100 -182 -144 -57 76 -69 -197 -250 129 -76 109 200 -58 239 29 -56 -140 165 -8 -68 83 -102 -218 73 213 185 -106 -51 211 -39 221 -63 -119 -87 -32 -71 -135 49 148 108 -200 -89 100 151 245 62 -80 48 -61 6 -179 143 188 -240 134 75 182 -199 -10 -192 117 149 155 194 219 10 -163 112 131 240 -85 189 130 -171 -27 41 -202 190 105 113 84 -98 103 163 60 145 -116 8 -132 229 -196 -247 59 93 88 -137 -203 -19 -24 
TEST 10 ARG:110 -146 -189 61 222 44 42 88 -46 117 -221 198 49 11 154 14 111 -21 101 119 105 139 100 -112 31 192 -93 -18 -149 -79 -92 55 243 225 26 82 43 -159 18 -103 193 -100 -7 157 -121 37 121 36 167 -240 -32 64 -239 -125 227 186 239 116 120 -176 -72 -153 -111 -28 -39 -102 -83 -137 -65 148 -154 -69 7 -90 152 33 -38 -231 -218 -75 73 -174 209 -152 -124 -155 247 -107 210 -161 -158 35 -188 130 -101 -213 165 48 -4 107 38 205 187 -127 197 215 -248 -230 -143 176 201 54 109 -150 -31 219 22 171 115 147 -10 -180 -120 -133 -84 -202 -201 159 -70 144 -135 -142 -162 -214 -234 175 52 85 183 -132 -233 -238 -47 104 160 50 -227 -249 204 94 -118 95 -236 -106 -245 -183 -181 196 -215 97 -211 -63 -64 -88 106 -5 6 -17 188 -22 -197 -160 16 72 -172 156 10 -226 228 -2 -40 124 81 -30 -29 -27 -220 -199 46 -203 207 -243 -12 -210 -151 -49 -60 -246 74 -141 -81 -87 25 -91 178 172 -185 202 233 226 136 -19 221 -122 -216 -205 -198 21 217 76 9 -175 162 141 -222 149 129 -3 15 143 -89 84 63 220 32 8 93 -191 -45 -43 -148 -95 66 29 -33 182 123 -54 -194 -56 -24 -11 -164 245 -23 12 19 2 -241 90 27 166 69 -229 87 -53 -228 -204 -139 -14 118 -178 -192 62 -41 146 194 190 -51 128 -55 -144 -179 -171 89 -208 -98 -104 158 150 -145 -57 131 -116 125 -77 185 191 -94 -86 -110 177 0 114 -34 -250 -59 -13 168 236 -157 246 137 203 -217 -169 170 -109 -119 96 -223 169 211 195 -36 -232 -147 -108 -187 -206 -20 -1 -140 212 122 214 145 103 -52 223 -99 113 -247 -168 -44 242 132 -163 3 58 -200 47 -96 -16 -66 79 155 -193 -76 161 -235 140 -73 67 -123 -6 -113 91 180 -115 153 65 -85 60 41 70 -80 -131 199 -167 -184 216 127 -67 34 237 108 -74 102 -177 99 133 224 -42 5 -105 184 -25 -212 -156 92 142 80 189 -237 200 -61 234 -9 -82 163 59 -136 235 1 240 -26 -186 -8 45 213 -117 -48 135 -165 -224 24 -207 -50 13 -62 -78 181 174 248 51 -138 -219 164 208 -130 -35 -182 -166 -97 230 134 179 229 -68 40 -134 -196 4 232 249 112 98 53 39 218 238 23 173 231 -170 56 77 151 244 -129 20 -225 -190 -114 86 -58 -173 68 -209 57 75 -195 -37 78 28 241 -126 126 -71 -242 -128 71 206 -244 138 17 -15 83 30 
TEST 11 ARG:-175 10 -231 -70 -208 -147 82 -178 -118 -215 -128 233 -234 52 -87 41 -192 -67 -201 123 247 -71 -55 194 73 -21 -161 -94 176 -156 156 -98 49 -194 -186 -32 31 140 40 207 -36 11 -179 126 69 -95 132 111 181 -6 9 -92 55 234 -14 209 130 -108 113 90 -225 87 -115 -84 -117 -237 -5 -63 227 -74 -109 -196 89 -97 95 -222 -135 -143 182 -22 56 46 205 -107 163 48 -15 -165 42 35 244 -238 193 81 -50 -124 47 -47 -236 -205 159 -122 51 235 -204 -184 173 -65 133 1 229 212 15 106 -140 -30 -213 -8 -182 -106 238 -210 -202 206 201 -193 237 2 208 190 -142 -12 -34 196 -18 152 32 -223 198 -149 169 211 72 70 -16 -69 -103 -86 60 155 85 199 23 118 144 171 183 213 119 103 192 -206 96 -157 -39 57 79 -233 232 -218 102 145 -73 215 -37 -219 116 -203 -247 -79 -235 200 204 -111 -173 -180 138 -246 -158 -153 151 -177 -40 -46 34 -93 -155 218 -187 54 222 -191 146 243 -216 78 -248 -114 131 -188 -23 -163 210 -49 65 -166 134 108 -189 -3 160 50 -75 220 157 149 -230 18 216 -78 -68 -221 120 117 -42 122 127 -17 137 4 75 -116 164 -170 -146 -1 99 -164 -226 -168 -60 -134 221 143 74 166 67 33 -162 186 -64 107 -104 97 202 -244 -99 142 63 88 -28 53 -44 148 -61 98 225 5 -131 -31 -121 -199 224 168 195 37 109 -148 121 -174 -85 -4 136 129 -24 43 153 -62 115 -212 29 -129 -48 -245 124 36 68 -11 -136 135 -239 214 -154 -51 170 7 139 -9 -35 -27 17 125 172 92 -53 -102 -224 -127 -90 219 -125 -160 147 14 141 -198 26 -57 -101 24 197 161 28 16 39 -190 -228 0 66 -209 150 -45 230 101 64 -185 -172 -13 -130 -81 -242 -169 20 -151 -144 71 25 236 -195 -20 246 158 62 -96 -110 -229 -76 165 110 100 -133 167 -80 240 38 61 12 -120 77 -26 104 -113 22 6 -119 -41 84 -72 114 -249 -207 21 112 -2 -217 -59 184 -89 44 -66 -56 76 -132 91 249 3 -243 189 27 178 -19 58 -181 59 -25 -183 -145 241 -250 174 -214 -123 -52 -167 -159 245 217 -112 19 13 -29 -241 162 -240 -54 128 179 180 187 191 -91 185 231 -152 -7 -105 175 177 -137 93 30 -82 -232 -58 105 242 -141 223 -43 -77 8 -211 239 86 228 -10 154 188 83 -83 -100 203 248 45 80 -38 -220 -88 -176 -33 -138 -171 -227 -197 -150 -200 -139 -126 94 226 
TEST 12 ARG:-228 46 -39 100 73 169 170 -118 42 197 -57 -73 240 104 -111 -62 65 -127 -144 202 70 -93 -81 51 -27 249 -145 25 -24 24 155 52 192 -214 -7 63 23 85 -190 -75 14 -229 29 50 -119 184 35 53 185 -84 -88 150 106 -55 -236 -218 112 138 160 118 179 57 22 -182 -43 -209 -153 -67 47 -26 -123 -161 -128 -246 -71 -244 187 -6 129 -41 239 97 55 71 -16 98 171 6 121 210 -205 2 -171 -173 61 247 124 109 -120 -74 -36 -78 110 -40 16 -136 -147 34 15 -126 -242 32 228 -194 79 -56 -70 3 140 -206 48 -216 -170 -237 72 92 -141 234 -68 -112 -249 211 199 183 -172 -215 231 88 -65 -235 -212 66 -220 11 122 -107 245 147 -14 90 -66 -188 -51 133 149 -33 191 -195 18 7 0 157 -97 162 -140 -124 83 -241 -166 31 -72 -15 -225 95 188 58 -151 -76 156 226 103 -117 126 -104 -46 212 -61 -28 -201 -238 -196 89 86 -91 69 -103 38 189 -222 114 230 -168 203 152 -183 -135 -184 132 -198 -47 214 -25 115 19 -193 238 236 21 -79 -239 -82 229 201 -38 80 -185 181 -52 39 -125 146 193 222 119 243 -208 -3 76 175 123 144 54 194 -164 -133 30 165 -44 -49 99 173 -240 -34 -102 217 10 130 -174 151 45 -199 -167 233 139 -230 116 -155 -110 -5 -219 81 107 20 -175 -77 154 -35 -233 82 -29 74 -162 4 -108 -159 -200 -224 -187 28 -223 125 -134 137 232 9 242 -137 -248 111 -160 -4 244 41 -139 -83 -179 -234 224 -8 94 -31 135 -32 174 -180 219 -207 -192 -202 -130 -226 -197 -227 -54 -113 27 142 -63 -21 -96 -143 -69 195 -149 176 60 235 -115 -186 120 -9 -211 -20 -53 -109 -221 -90 -178 102 78 -106 -80 220 -245 -169 -247 -154 127 -89 159 -13 59 37 -213 -132 -86 163 186 113 167 -23 -87 -177 68 -142 1 -22 -11 5 136 178 208 145 -101 -99 -116 158 -2 -138 213 -122 -45 87 105 -30 -181 166 164 17 190 -150 204 172 -19 -98 -146 206 -250 -94 -157 -152 248 221 -243 75 216 -92 13 -165 -59 117 141 180 93 -37 223 209 -105 -48 -85 -203 -114 -64 134 227 33 182 161 -231 168 49 84 -163 91 -158 225 128 -204 108 131 -95 -148 -191 177 -60 26 77 36 218 198 -189 -121 237 196 -176 96 8 -50 12 -210 -18 44 241 -12 64 62 148 67 -131 205 -42 -217 -232 143 -100 56 153 101 -156 -58 -17 215 -129 -10 200 207 246 -1 43 40 
TEST 13 ARG:27 -244 29 -248 -142 162 -154 -140 -238 148 -246 156 57 182 -102 -170 93 168 -176 -167 -216 -13 40 -100 127 152 48 -152 -60 -228 23 236 39 -125 -240 -74 43 -89 -239 56 15 217 -106 -87 -222 -28 5 109 -65 -44 -171 -208 89 -56 -33 108 -245 58 -242 -188 -223 106 -64 -95 -198 -101 -227 -185 -57 21 -205 -139 -215 24 -193 91 -77 215 234 49 -133 63 -30 -214 -148 229 -241 -82 143 225 30 200 82 3 -90 128 -79 123 -128 155 18 -104 -173 -115 68 -184 206 -124 -147 -225 -164 111 -194 185 96 -55 114 241 -23 6 88 -207 130 249 -24 -233 -109 -19 -37 -61 8 -10 -135 227 181 183 70 231 -94 -192 73 38 -26 159 -36 -209 72 110 -108 83 -204 -137 -143 1 44 -247 208 153 204 99 -68 -127 -7 136 -189 -98 92 -4 -186 -12 -27 -113 -131 -161 -18 -123 221 171 179 -46 154 -219 54 134 17 103 186 116 -92 97 12 -73 -3 118 -178 -8 -72 189 -110 -62 -160 -232 164 117 141 101 121 -230 188 -220 -226 86 35 22 242 173 -84 219 52 207 -66 115 -21 191 -210 -120 -141 -1 -11 74 170 -158 84 -146 230 -217 196 163 161 119 233 -149 214 -51 124 4 -25 -157 100 187 -31 -91 42 -249 -78 -211 -70 -103 112 -14 245 14 211 235 -9 157 137 -121 -165 222 -177 -151 144 -221 113 -179 122 -48 147 -138 238 178 -85 -155 36 132 85 61 -187 62 -201 158 -32 -199 210 -156 -195 76 19 -107 -136 160 -169 129 -69 -162 209 71 -96 -183 194 226 -59 -212 -29 -116 -191 81 -175 -47 -49 7 -202 140 237 -83 213 247 175 13 150 -50 -6 25 78 2 28 64 -153 -172 -203 -15 -39 -2 192 -45 -197 60 -234 50 205 -63 47 20 -35 220 102 107 165 180 -86 -236 -129 -22 -88 149 66 16 202 167 203 -181 -168 75 -17 -166 146 87 65 -42 -97 -190 -40 216 240 33 198 -93 104 197 169 80 195 105 -71 199 -231 -117 94 -237 -235 151 31 -180 145 -130 59 -229 11 69 -81 46 -134 -132 246 41 232 -163 -16 201 -38 239 -206 243 98 -213 142 131 133 184 -119 -53 -224 32 -105 -52 34 126 -243 51 -182 -112 -250 53 -114 0 193 -111 176 -218 248 -196 -67 -174 9 135 -76 -43 -75 37 139 212 138 26 -5 79 10 244 -99 -118 172 174 -34 90 -159 -144 -20 77 -126 95 223 -41 177 120 166 218 -54 -122 190 125 -58 224 55 45 -150 -145 -200 -80 228 67 
TEST 14 ARG:-134 -224 -7 -88 7 -230 68 17 39 131 141 101 -63 199 -9 10 -234 99 54 201 -194 -8 -90 237 215 -1 -237 43 91 -59 -92 -132 233 -25 -183 122 -14 -94 -97 -209 33 -95 3 -48 146 -107 128 -105 49 -46 247 -140 -155 20 5 -151 55 96 -29 83 -123 -207 -202 -100 -128 -67 -129 154 -179 -136 19 -139 9 -99 -232 -210 8 156 -52 -122 121 -127 -198 -245 157 -35 -82 149 60 -117 208 14 107 40 -2 116 11 167 -39 109 163 143 -173 110 -4 218 161 -98 246 89 126 70 -163 -56 -141 185 153 -174 95 -137 52 204 44 -204 183 -233 4 57 188 -61 127 176 51 138 200 120 173 -115 158 -193 76 -16 171 -104 -190 118 93 -87 92 15 25 -170 -142 -102 214 -77 -64 -247 -131 -111 219 165 63 136 225 -220 184 245 -65 152 -223 -201 -19 42 -75 34 -214 -12 85 -158 0 197 -13 115 -225 -154 -219 -113 46 -192 -218 206 -186 123 -36 77 -69 222 47 220 -217 -49 -228 -211 -191 -152 -23 80 90 -147 -80 -157 -164 -78 -205 155 -240 133 88 1 119 -96 -162 231 -229 -185 147 -41 135 166 50 -27 6 -239 31 12 -31 -161 -130 69 182 -124 73 -145 -188 191 192 -126 100 124 108 195 -47 66 211 105 24 -74 -184 -38 -215 81 -206 164 -58 -89 221 -18 72 244 189 210 104 240 58 30 -208 74 18 -120 -32 -93 -44 -196 -21 -51 -197 87 -57 26 212 239 223 227 -22 35 186 97 203 -212 190 224 -110 -54 134 22 -249 37 130 -153 -231 193 21 -55 -118 -156 -6 -103 -26 -187 145 232 -221 86 132 -125 -68 234 174 -3 -72 78 139 103 111 36 137 177 -216 160 -116 -171 229 -189 -66 -34 249 -24 -50 209 217 -175 -101 102 -71 53 248 27 -33 -109 168 61 41 213 235 -246 196 -40 228 238 -165 179 -135 180 -114 -226 170 216 32 -160 28 -5 75 142 181 71 -169 -121 -167 144 79 -213 -182 2 -176 64 140 -241 -10 -244 -235 -79 -91 -73 150 45 -85 148 -17 -86 -203 48 -84 112 242 -62 129 236 226 -149 38 178 67 -20 -53 -178 -37 -138 -81 -112 -108 -70 23 -133 -144 -11 -180 -42 -150 230 113 125 -43 -166 -76 207 -15 -199 194 -168 -181 -177 -248 117 159 114 -146 187 175 -172 241 -222 243 -236 56 172 202 82 198 98 -106 162 106 -238 -143 65 -45 -159 16 94 151 169 -200 -227 59 -28 84 -30 -83 -119 -60 -243 -148 -250 205 13 -195 29 -242 62 
TEST 15 ARG:-109 -196 163 185 -183 231 121 57 150 -164 -129 33 135 -29 -131 191 36 -36 114 -114 136 -18 -23 204 1 -20 62 125 113 -35 22 -68 131 -176 207 -203 -101 -133 209 -27 106 28 98 142 -219 216 -26 -8 158 174 -37 247 -229 -76 -79 -162 69 37 224 219 186 64 190 -93 -57 55 -12 226 81 237 -52 120 101 -153 -39 23 -174 94 175 95 -249 -188 208 -85 -117 -120 -43 211 159 147 244 -149 -191 192 -222 105 -124 -170 -110 157 -62 80 -132 93 -15 -89 87 -86 112 97 183 43 -115 -28 -5 71 -1 -116 -94 -104 -77 205 -192 249 -130 26 -71 59 181 34 -209 -158 -240 -182 126 46 68 -154 18 -113 111 86 -155 -45 -19 -141 -247 4 104 -194 41 -156 173 -210 188 77 -22 -50 -224 144 222 66 127 -98 -111 -87 13 213 -232 -3 214 -169 49 -17 82 56 240 -100 179 -140 70 154 235 2 20 6 -105 75 -167 -66 -147 139 85 54 -10 8 -177 -245 -47 61 88 100 -13 -195 -75 143 153 53 160 -56 -99 148 239 73 48 -214 -185 -202 7 169 133 202 96 58 -241 60 -163 -178 -123 203 -125 156 -69 -83 229 63 -244 -248 -184 243 -152 50 29 -135 -88 -119 74 -157 -136 -226 -238 -197 228 42 -200 51 65 151 -211 -148 134 39 166 -151 -218 195 227 -243 -107 -221 103 138 -127 146 130 230 -46 -73 45 241 234 92 -198 -235 145 -139 -126 123 -190 242 -223 -180 -95 52 124 -82 -108 -193 -31 129 170 -208 25 177 117 -33 -4 -60 67 -168 176 201 -42 -250 16 83 167 -40 -181 189 122 196 119 -55 5 -65 40 -233 -121 236 -186 -9 -72 90 -217 84 141 137 187 165 184 218 233 -51 10 14 -228 -175 47 238 -166 -189 -2 -237 -74 89 -44 178 149 -97 -179 -84 -239 -30 -150 32 -138 220 246 140 197 -204 107 -215 -144 12 152 -234 210 -24 -92 -34 38 44 -78 172 225 0 180 -230 -225 -61 -102 -146 194 -213 -14 171 17 -7 232 198 102 -246 -160 -112 212 245 118 -171 3 24 -48 9 78 -227 -199 30 -187 108 132 -161 161 -118 -16 -90 -6 223 -53 -70 -128 -91 168 116 -145 -32 -142 -49 19 -106 11 21 193 -159 109 -231 -165 248 -205 -96 -236 15 110 162 206 -134 -54 182 115 -143 79 -58 27 -137 -38 72 155 35 91 -242 -201 -172 -220 221 -81 164 -103 200 31 128 -67 -25 -207 -63 -41 -216 -59 -80 -21 -11 -212 -122 76 -64 199 -173 217 -206 99 215 
TEST 16 ARG:-62 234 230 164 182 -111 244 201 55 123 -151 -148 -75 -71 185 -108 114 242 186 9 -140 43 -188 -48 42 116 -206 166 -128 -86 -245 -13 -186 -126 -144 -56 -118 99 224 129 171 220 232 -246 -166 -41 -116 -207 -154 -224 124 -73 183 -47 -223 -192 127 -30 58 144 172 59 -38 211 -105 100 -113 90 84 -241 125 -214 56 -52 -152 -208 -77 -61 -37 -139 -76 -218 191 72 -97 86 -158 -131 215 134 48 -230 -32 -16 -145 -153 -15 -136 -200 102 -54 160 203 -96 -156 28 175 -146 8 163 76 -46 -28 -179 18 130 218 95 -74 64 -22 -58 -66 -127 -70 104 -174 26 246 122 -39 -19 -181 135 233 -11 -201 -36 73 -130 184 14 -104 146 132 -177 141 -189 -178 109 17 167 94 -121 35 -49 -125 173 -141 -34 -242 80 -35 74 196 16 176 111 -55 -217 147 194 168 -209 145 -29 65 -187 -60 -220 -27 152 53 -92 5 34 82 50 37 41 -204 178 62 75 -112 198 -14 -165 13 241 103 -45 10 -23 -87 -115 121 78 -173 236 63 79 117 -150 227 -143 2 181 21 66 108 -40 219 -194 -78 208 136 148 -21 -184 -119 -18 -17 197 214 -213 133 -5 -50 46 -228 -26 188 -93 140 226 -85 -72 -235 -170 61 40 70 -42 85 -110 -249 -157 205 -129 -225 105 -164 -226 -63 -123 -122 190 231 128 243 -195 210 -103 12 142 -237 -210 -82 98 22 -221 -202 -137 60 118 77 -212 -91 217 -149 131 -132 -240 38 -44 245 139 161 6 113 -161 -172 33 -180 -1 -69 206 -162 -64 200 174 239 7 149 -8 169 192 202 67 -159 32 -232 -98 249 3 237 -175 -3 -4 47 83 126 -134 165 120 -120 -163 170 151 -185 20 248 19 -219 1 -222 -215 36 -142 -236 -227 -68 159 -24 187 189 96 -33 -250 88 137 155 -94 -9 -106 4 -190 -211 -231 27 247 221 68 11 222 150 223 195 -248 -65 -100 209 -25 91 -229 -89 -191 199 25 -43 -114 -67 -90 213 -247 52 154 -199 -176 30 212 -95 -167 156 204 -233 -80 49 0 -124 -234 -239 158 107 -83 -183 -2 -238 -6 89 101 -244 97 51 179 193 39 -107 143 115 31 24 87 110 -196 -12 119 -53 -10 -88 225 15 207 69 216 -198 -155 229 -101 -205 -135 -59 -133 23 81 -216 92 -84 -138 -20 45 -81 -197 29 -99 -31 -109 153 240 57 138 -51 177 112 -117 -203 -147 -243 71 -160 -169 -102 54 -79 162 -193 106 -182 -168 -7 93 228 238 -171 -57 44 157 180 235 
TEST 17 ARG:-71 -70 -176 61 -249 -12 -206 99 200 224 185 27 25 -184 109 -189 144 13 248 -207 -112 167 19 79 -194 -59 134 38 -99 -64 239 193 -244 161 -185 162 -192 -68 -34 95 198 -79 -173 181 -78 -147 -74 29 -211 153 54 147 98 124 0 -44 -107 -6 -190 -183 -85 -42 96 173 -89 -16 -126 187 58 26 -94 118 201 -115 -86 159 131 75 21 -232 52 111 -8 -91 59 33 222 57 -161 -171 -148 228 -116 -245 117 -5 236 -199 6 -169 217 -236 182 -226 -29 -137 141 -205 65 148 100 -188 42 -76 112 -240 -102 -17 20 103 105 50 212 133 -48 78 -18 -220 114 -141 214 -132 179 115 225 62 -92 -168 -77 -215 232 55 -26 -122 -195 136 -221 -19 60 -73 -109 22 110 -223 -69 94 169 -125 2 -1 -119 216 -37 1 245 142 -153 51 -49 102 -110 -158 177 -61 76 234 -162 -214 129 -113 -108 -30 164 -55 -233 15 207 -179 -97 -27 71 163 87 -238 175 176 -136 84 -231 -22 -209 -2 -87 199 119 123 -235 -45 155 192 -243 -225 -198 -56 -120 152 139 140 113 240 -248 -83 120 246 203 -81 -166 -39 -222 14 -150 -142 -128 63 -204 -216 -202 93 154 -127 121 174 194 186 183 166 69 41 -129 86 244 11 32 104 196 18 168 -3 40 247 81 151 -138 -242 -224 116 -75 -140 -212 -210 -196 125 -164 -36 77 -123 -84 204 223 -38 -23 241 49 -163 -33 -9 -133 89 -177 -20 -121 -157 160 -200 -54 189 190 -182 74 237 -197 -139 149 101 -46 31 143 -118 83 10 -63 -4 -154 249 -187 73 -170 16 -25 171 -250 197 88 210 238 107 -165 226 229 39 80 4 128 -201 231 209 -172 48 -219 -227 -130 -149 213 -106 -152 -159 -186 242 -167 36 -160 178 9 -24 -230 -40 64 205 -146 195 47 -247 72 -65 127 -53 -105 -217 -104 56 -82 230 220 -175 5 -213 146 -51 7 -21 -7 219 106 172 -67 91 -10 70 145 -66 12 35 221 -241 156 108 -14 126 122 -95 -28 17 -88 -31 -58 -35 180 92 -228 30 191 -101 43 23 90 -239 -237 -47 184 -11 -72 -43 97 227 8 -117 -111 -151 235 -93 -131 233 -103 -124 -191 -114 215 188 206 -57 -229 53 -208 68 -135 -218 165 208 -180 -155 -62 158 243 3 44 82 -90 -145 45 157 -246 -96 -234 66 -203 211 28 24 -143 -60 138 -100 -50 34 37 -174 -32 -80 170 150 -181 -41 218 -15 132 46 -156 67 85 -52 202 -193 130 -13 -134 -98 135 -178 137 -144 
TEST 18 ARG:97 -76 23 -192 145 -151 -167 -237 184 85 94 10 -160 72 -72 -199 224 15 134 6 -134 138 -189 -50 -172 197 221 128 225 82 124 -244 68 -219 -130 223 -26 -166 4 -43 245 -150 182 29 -137 -168 -52 112 -122 122 242 -38 204 -226 -48 -92 -55 219 -246 -95 89 -4 111 65 230 176 19 -59 -106 156 -91 175 208 154 56 148 -148 212 -174 -222 155 33 -41 150 -22 229 -24 218 -13 -197 -207 -238 -32 32 -57 240 -245 -247 222 -250 26 -213 -11 -140 227 143 -212 34 24 215 -128 -47 54 -211 116 -81 -135 -188 248 216 -235 81 -40 62 103 232 -70 43 139 189 -220 101 140 -133 -54 171 -180 78 169 38 -224 -112 -44 49 142 98 -241 -66 -159 178 -152 195 -225 -65 39 110 35 126 133 -16 188 -115 228 234 -162 174 119 120 -163 -186 233 -114 -109 203 69 55 -183 -2 -1 -185 -190 118 -84 246 -187 162 -239 107 20 76 86 -111 83 190 -181 243 -248 113 -3 137 152 -51 131 -191 -87 109 41 100 -210 -33 -80 -34 -164 117 -102 136 -74 27 -126 -85 -201 187 7 -223 -249 -63 -184 172 67 -236 237 104 -209 161 -198 125 47 -89 193 -12 -234 127 -42 -161 61 -196 -98 -21 -90 -230 -60 -141 -156 -28 198 -136 11 -79 165 42 -14 -123 -119 -153 180 48 92 163 115 -142 -96 22 226 -9 77 -71 -37 -221 -15 57 -75 194 -231 28 168 -73 -154 96 -23 106 -149 79 -216 -88 179 211 -108 -165 16 247 -31 -218 50 -77 209 21 -83 191 80 158 36 -175 -99 60 -124 -169 -206 -58 121 -5 149 -20 241 235 160 -204 71 -86 239 -232 37 -27 170 40 -229 59 -195 114 13 -94 -46 -144 -139 183 14 74 -35 1 -45 88 75 30 -25 146 108 -240 -217 17 202 -69 -62 -110 -97 207 0 -19 249 87 95 -182 -10 -78 -193 210 231 -118 12 -7 -8 -177 -6 -67 8 -228 -117 -100 214 206 -203 -36 44 123 90 -104 -120 -125 236 153 -64 -194 217 -17 -179 51 -147 213 -131 -170 52 130 -116 -107 185 -39 53 173 -93 5 -56 -29 -61 186 167 -176 -105 205 151 73 -227 66 64 2 192 -205 46 70 -146 -243 -127 91 166 144 -202 -208 244 -145 -214 -101 201 -233 -68 99 -155 105 45 -121 9 -215 3 -103 159 199 -178 31 25 -132 164 63 -173 -143 -129 -200 84 147 181 132 -171 177 102 141 238 93 -30 -113 -18 -49 157 -158 129 -82 -53 135 220 -157 200 58 -138 196 -242 18 
TEST 19 ARG:146 99 143 116 28 -154 69 68 91 -92 -219 -200 56 -160 2 106 206 -216 -122 -101 173 -69 39 61 118 -73 -83 152 -34 -234 45 110 -242 219 -179 -236 -149 -125 204 -140 -76 145 222 -13 -91 -212 -206 -72 -96 168 231 -19 213 -190 109 -78 249 59 217 -225 75 212 -181 37 -129 -95 50 1 -214 -59 -167 214 -174 -229 105 -46 -105 -131 101 23 192 -130 233 -249 -127 -224 -115 83 -84 -107 7 142 25 -51 -158 102 238 188 63 -18 127 100 119 167 235 -110 154 -230 -22 133 77 30 215 64 225 -138 -180 197 184 44 67 -220 20 0 132 8 -126 -94 -47 31 -227 248 -62 -221 -56 183 150 243 -55 -213 220 -245 -109 -119 -191 -90 -176 15 193 -142 -112 -144 26 72 -237 -103 114 -64 -166 -57 159 -196 182 82 94 161 137 144 -238 41 5 -248 -32 -87 54 -26 121 95 128 -31 126 32 -15 -20 158 -43 -210 163 9 -148 -187 111 -147 -89 60 176 35 -113 85 139 -65 -247 87 -81 104 177 -243 -207 181 234 148 -211 -217 -75 247 237 -30 -193 -79 216 245 226 202 -137 242 12 86 190 -27 244 246 -172 -102 -77 147 -199 -108 -145 113 -204 221 -121 -4 18 -88 -215 -184 53 -7 -12 -97 -124 74 97 218 209 -218 -192 24 -201 -37 65 124 -111 -233 138 -170 -226 3 -71 -155 79 27 52 136 -28 166 -6 -33 -48 36 -185 151 -165 -68 -186 16 160 241 -8 -133 162 140 -21 205 199 17 38 -44 -153 -162 -151 211 34 -123 88 70 -49 80 201 -2 -182 125 90 -132 -120 -188 -194 -114 -161 -10 -24 -208 66 33 -223 174 -116 -177 223 -139 98 -5 131 141 239 49 200 -45 84 153 -60 -42 224 43 62 4 -25 -171 179 178 189 172 187 29 -9 196 156 -53 -86 -100 -104 40 120 203 185 165 155 42 -222 -244 191 -135 92 164 -3 -209 171 232 195 -143 -134 198 -231 -85 -118 -70 -152 175 -99 -239 -246 -136 112 -93 -250 -232 -164 -16 -35 58 -156 -228 170 107 -175 -17 -159 210 -240 -141 -80 6 -169 -157 169 -150 48 -11 -50 73 129 228 207 -189 -61 -205 -163 81 -98 -198 76 135 57 96 14 230 -74 186 -58 -117 180 117 -54 -14 157 236 89 71 227 194 78 -183 -197 -41 123 -241 13 134 -29 46 -40 -173 -36 -203 21 -106 55 -146 115 122 -128 130 -168 240 51 10 19 22 -178 229 -63 -202 -1 -23 93 108 -82 208 103 -235 -195 149 -38 47 -67 11 -39 -52 -66 
TEST 20 ARG:59 91 132 133 156 -14 16 33 -193 42 -49 -242 34 188 -172 68 -92 92 -23 -142 213 -54 138 -81 115 131 -185 -190 75 130 4 10 66 230 7 39 137 -94 64 -121 -108 -79 -136 44 -135 244 248 226 -86 -199 151 120 -98 -244 -139 18 -145 166 -127 -167 -246 228 195 -123 54 -184 144 -179 62 243 -243 168 249 122 198 229 -50 8 202 140 -72 189 200 105 -41 -232 -20 -71 -141 -63 -67 -202 116 -234 199 236 86 17 56 212 -130 -106 -111 -64 -7 -10 143 148 -138 -113 101 -82 -73 -117 94 -88 154 -116 -217 95 -154 -18 -11 31 -187 223 206 -188 -124 -19 -195 210 -66 -100 -166 117 182 -209 84 41 6 46 100 245 167 -159 70 -44 -181 -175 90 -233 -48 83 227 -186 -83 -58 -97 242 -214 -151 25 20 1 -206 -119 196 -207 -191 -241 162 208 -55 118 -52 108 -201 174 36 -226 184 63 -171 -91 -140 -170 211 -105 -104 -102 -65 93 -205 55 103 -219 -239 183 14 173 214 -211 -224 161 197 123 237 -168 -84 37 186 -128 216 -3 -2 81 -133 -240 -228 158 87 -129 159 109 58 28 231 -76 113 47 218 -61 126 27 127 -169 -192 -164 175 38 207 -40 -89 -165 -180 -160 82 69 -144 179 -218 71 240 -216 205 -237 12 220 135 -57 119 -147 -8 150 -118 -247 -103 49 178 -99 -95 -93 53 172 73 13 -24 -43 -33 51 -34 -120 170 21 24 149 76 -53 -126 233 -112 185 88 -12 106 -222 181 -101 -59 203 -163 222 107 110 160 -208 -182 -17 -32 -204 52 -45 3 -198 80 99 -238 -176 -152 204 43 -90 141 102 32 -78 -42 171 22 -150 -174 -197 -87 -69 5 -85 -132 -227 89 11 -220 -183 -70 -26 -223 153 60 -221 61 97 -107 -178 -158 -200 -215 139 163 -38 -15 221 79 57 -115 -231 239 -210 35 201 193 192 -203 98 -196 169 30 77 -153 187 176 -39 0 -77 85 134 -157 -1 -51 -161 -62 -109 19 -189 124 65 -114 157 -134 -96 224 -5 26 241 -235 -22 219 155 -177 -37 40 190 -143 215 -122 -6 67 -173 238 -148 -250 -212 235 209 146 -46 111 128 194 15 -213 96 -47 23 -16 -194 -248 -75 -29 -162 72 136 2 142 125 -36 -80 9 232 45 164 -9 -4 -13 -146 -28 177 -60 152 78 48 114 217 -245 225 234 -125 129 -225 -68 -35 -230 -149 147 165 -21 74 -31 -74 -27 -30 191 -110 246 -137 -155 -156 112 145 -25 -249 104 180 29 -56 -236 121 -229 50 247 -131 
TEST 21 ARG:236 -152 144 -185 -78 -146 104 2 183 143 -89 -94 213 -82 202 153 -15 -140 193 240 93 -249 -84 -130 33 -58 -238 -33 89 165 224 186 57 -71 -241 169 -242 161 -208 -199 38 -198 191 223 27 116 90 242 -64 -219 79 -57 -145 -234 -2 125 198 -34 237 -137 195 194 76 -205 -65 142 -211 -250 -10 8 174 164 179 -104 112 -182 97 -97 -169 113 63 5 42 182 -244 -220 162 -237 77 -155 -86 101 -144 176 -221 -41 246 217 -54 -36 138 166 14 -76 -109 154 1 -120 -222 96 -40 81 -53 -30 91 -156 34 245 152 72 -18 -180 -85 -61 71 6 -99 232 -114 158 43 167 118 204 47 -74 -13 -14 52 20 86 9 -62 -105 -139 187 -135 -197 -225 22 172 147 -173 -4 -154 88 151 11 -38 -90 124 -151 -213 197 -27 -138 -233 -212 40 50 -166 -117 100 128 -167 228 36 244 -77 -196 44 -81 -192 -39 -28 -50 190 -116 157 -177 155 24 -157 134 -240 133 65 -119 216 -112 -110 -122 150 -69 -87 53 -103 -129 99 115 221 -160 192 -32 209 -184 -227 -56 205 239 -113 -79 -246 29 141 181 87 -25 136 -176 37 -72 -7 85 -73 -44 -98 -141 235 -102 122 117 28 -95 82 189 26 121 -149 -131 247 -235 146 -67 51 -179 -100 58 7 211 -193 110 106 -178 -217 -126 -134 -107 -124 105 -159 -158 109 -108 -150 -204 4 168 -70 243 -206 21 -216 -5 -228 -190 103 80 -42 -191 233 -239 -19 -66 -48 -12 -24 -83 149 35 -49 -226 -35 -11 -224 -148 94 -209 62 -6 -187 208 -231 67 15 -8 -91 -127 248 -52 31 234 -143 17 132 46 -26 -23 215 61 -17 74 -153 -174 56 98 -202 114 131 184 64 107 -3 -162 201 159 19 129 230 55 69 160 222 -218 -68 59 139 -29 227 39 120 -183 -147 54 -142 -170 -123 60 218 -21 140 238 45 249 -133 18 -214 16 200 -111 -164 135 -232 226 3 -181 177 225 -55 231 210 -93 171 -59 126 -210 -118 -195 -43 199 -188 -22 -236 12 -207 66 127 95 -75 -16 -248 -200 108 156 -161 -121 -106 -45 -51 -125 220 -186 75 207 206 0 -46 178 32 10 148 119 173 212 -163 -37 68 130 48 13 -47 170 78 -60 -230 -223 145 23 163 -175 185 30 -115 49 -128 -247 214 -1 70 180 -203 -101 -92 83 -63 137 -9 -245 -168 188 -96 73 -229 102 123 -80 -243 175 -189 203 25 -88 -31 -171 -215 -136 -172 229 -132 111 -194 241 -20 219 -165 92 41 84 -201 196 
TEST 22 ARG:185 -190 167 -182 -122 181 245 -144 94 145 106 231 -244 -245 -198 171 -5 -242 249 -201 5 111 77 40 -1 -29 -84 7 -107 81 -13 -169 -164 -102 49 228 32 38 136 137 152 147 -64 234 149 -140 -153 -51 -97 -152 188 22 182 -105 -21 -113 54 -66 -210 -211 107 109 -93 105 61 62 0 -230 129 97 91 -110 -165 -120 135 -95 162 -170 -179 178 -163 -62 -159 -18 -31 -235 -81 -42 197 41 -50 -46 -186 -43 212 23 4 170 172 -53 108 -128 25 -135 206 -73 26 -10 229 -150 -187 -19 2 214 30 -39 60 -9 -234 198 163 192 -24 242 110 -71 -23 -48 180 -47 -221 240 51 238 156 -136 -103 -145 -134 69 216 215 217 -139 193 144 132 -158 222 -100 -203 -33 37 -183 -106 -98 118 -215 117 -8 143 -116 -239 -156 155 -119 150 174 -157 -111 -67 95 -171 -246 -76 102 -54 -38 -115 -89 63 -195 39 -117 -146 -166 88 -57 -137 31 44 -44 17 142 67 209 -85 218 -125 140 237 -204 35 66 189 -188 19 184 -200 47 86 -192 -32 -147 104 -176 190 -131 -69 85 139 -224 84 10 127 83 247 208 -11 130 71 -208 -79 -129 186 9 195 -207 28 -28 -243 -30 -123 -7 169 -189 224 177 27 166 -37 203 146 -77 -197 -36 33 121 -90 210 -162 1 48 -155 157 161 236 59 -112 -141 99 70 -14 50 56 16 -82 -2 18 -20 68 220 -213 92 -126 119 199 -104 235 21 226 -220 114 -236 -233 138 160 -86 -96 -45 -34 -3 241 173 -173 -58 -92 116 -227 57 207 -228 -49 -133 -154 128 200 176 73 158 -172 52 -184 -167 103 72 101 78 248 -127 -247 -217 124 -175 58 -41 -237 -75 -240 -168 34 -101 -35 -216 -143 126 -87 133 -132 -196 120 -61 244 -52 230 154 223 -205 20 196 131 -15 -238 -63 -130 175 -181 -88 -16 148 46 -118 165 74 187 -109 -232 -25 -178 -40 -229 -206 141 24 13 -26 -191 -80 205 115 -202 6 96 43 125 213 -180 159 89 134 -231 -55 243 -70 -212 -223 233 -241 -209 -60 -248 -249 -142 -27 -78 75 29 -83 53 -65 15 64 80 45 -17 82 -219 65 90 -124 -138 112 183 87 -114 -148 100 98 -74 36 246 191 201 12 -177 -56 -4 -99 11 -214 204 194 122 -12 3 -250 168 -218 219 -226 -174 -199 202 79 -161 239 76 227 211 -59 123 8 42 -194 232 113 -108 -160 -149 -185 151 -68 225 179 221 -222 -22 93 55 -151 -72 -6 -94 164 -91 14 -225 153 -121 -193 
TEST 23 ARG:-212 72 213 121 31 -42 33 -208 99 83 -202 186 -65 -227 125 237 -110 109 -8 -113 -43 -182 81 101 -231 57 -80 -128 -127 187 -37 -75 -82 5 -163 173 -159 96 -162 -218 -79 156 -237 -247 -213 -93 205 -232 -47 -206 -192 0 -221 64 71 157 17 -103 207 -34 -151 -204 -84 244 30 -10 -73 153 -89 -69 -147 247 -133 -60 -214 -215 -176 -19 -95 16 217 -210 -203 -62 145 163 -141 -50 89 9 211 229 -222 73 117 -104 -161 -150 -45 132 -28 226 242 249 228 -66 -13 -138 -99 126 10 152 20 -189 56 -178 -58 127 28 -116 -31 214 -36 -67 -2 134 54 104 11 90 142 -172 -107 203 221 175 167 144 243 116 63 15 -20 151 -49 -143 67 159 -48 98 204 114 -41 -118 141 182 -239 225 171 -183 138 -117 14 209 -135 235 118 169 -181 -91 123 -187 50 -24 216 111 53 -240 47 -153 -111 -177 -201 -235 -191 -225 75 201 -106 -105 -226 239 -55 136 222 232 -83 219 -112 -245 -123 70 119 100 22 166 46 130 -108 -200 -86 -137 158 139 179 180 -51 160 51 -96 78 245 -160 172 150 -165 -11 -70 215 183 -157 -205 87 2 -81 188 -126 227 3 97 34 23 -121 -26 -238 230 58 115 -131 -54 -234 -7 -38 110 -146 -114 66 176 108 -6 -228 -168 -199 6 -16 131 29 103 102 246 200 -195 194 65 -15 -109 -242 195 165 -4 185 -233 199 -155 41 -59 -98 170 -180 240 193 181 -5 234 27 192 13 106 -243 -136 -115 162 -130 80 -119 112 168 147 55 -77 223 -139 148 231 -249 -52 -1 208 178 -9 135 -3 -97 -64 -144 -197 -179 -149 -17 18 -156 -185 -30 52 -32 143 -100 -166 -175 -217 -207 -244 224 40 -18 86 177 36 32 -25 68 91 149 120 -246 161 174 196 -56 -122 146 -88 85 -68 129 -33 164 43 77 -230 -21 -22 37 248 21 236 198 94 -76 -72 -190 -40 -140 191 -90 202 124 -154 19 184 62 48 -223 -186 35 92 -224 -27 -188 -14 -193 -209 233 1 -241 -78 137 -61 155 -102 -23 105 212 -142 -167 26 39 -250 -125 74 -46 190 4 -216 49 -174 7 107 -124 -71 45 -219 -129 8 79 241 -152 -173 218 44 -29 93 -85 -12 -74 69 -35 154 76 -44 12 128 -211 -148 238 197 42 84 -164 -53 210 206 -120 25 -169 24 -134 -101 82 -196 -57 -194 220 133 -87 88 95 113 -132 -145 -63 -170 60 61 -248 38 -198 59 -220 -92 122 -171 -236 -158 -94 140 189 -229 -184 -39 
TEST 24 ARG:-137 26 -212 -7 -19 40 -149 176 22 247 -186 237 222 109 41 -243 203 -127 -119 106 36 -32 -70 31 -227 -110 -113 179 -105 107 201 -63 -87 -230 186 -164 -77 33 182 70 249 -234 -158 -241 53 -116 104 -35 -66 217 92 171 17 78 230 -159 111 -4 169 -21 135 225 -246 243 127 125 -83 50 -89 -170 74 238 -47 204 -55 -198 52 -135 209 205 -162 -44 -218 -68 -88 -247 -41 71 -117 224 -49 -180 86 -128 -185 162 -81 161 47 62 -232 56 -17 219 -192 -165 144 166 132 147 -120 91 -42 -132 35 96 103 15 39 -130 139 -71 -8 54 -244 72 -228 191 -221 44 -102 177 212 -31 228 -46 195 -20 51 183 146 137 20 223 -222 -182 -36 213 -18 -54 194 -22 198 246 -139 189 12 129 -175 -136 -11 -148 -154 -196 -181 -78 -13 68 48 85 -250 229 184 -39 58 100 7 -240 116 45 -217 108 82 21 -69 98 83 160 -90 173 -184 -23 -108 -183 -61 73 -160 -40 16 -10 24 190 151 221 -197 -79 -236 94 101 -226 -12 97 81 236 -189 -191 168 128 -126 -6 -224 -179 -80 112 241 140 19 69 95 -52 8 -58 -215 -219 93 -82 -147 -24 -92 196 143 -143 165 244 -161 59 -167 126 226 87 -156 57 -73 149 -123 105 63 -157 -59 37 -231 207 -210 110 -118 2 -133 185 90 142 -14 239 180 199 -121 -205 77 155 0 -112 -86 -34 -153 197 -140 -152 124 -5 -249 -60 -145 1 164 -67 -178 240 -204 6 148 -37 -51 -38 -27 216 -76 75 220 -85 -216 -107 -1 141 -166 -233 218 -9 -194 150 -151 14 227 30 -15 145 -104 10 -239 -43 -142 -103 28 9 131 -56 -235 25 187 192 120 136 123 -50 210 208 200 134 -72 -33 76 -208 159 -150 -45 -168 -229 -115 -65 23 154 188 -187 122 -3 -129 -245 65 156 102 -242 181 3 -114 -99 175 66 84 -64 -95 214 -101 -122 158 -223 113 118 -220 -2 -172 -106 130 67 -100 49 43 -202 -209 -146 242 -173 4 -94 167 -169 153 -124 -75 -62 193 117 157 -213 -98 42 -248 -237 -201 -214 -190 -163 -48 -171 -176 -138 -74 206 211 138 152 202 170 89 -131 -91 -30 -206 -25 133 248 -29 -211 18 119 232 -84 -174 -26 -125 -96 121 99 -134 34 -57 29 32 -193 64 -111 -97 235 60 46 115 80 234 -93 174 -203 11 -141 215 172 114 -238 231 -188 -16 -28 55 79 -225 38 -207 -155 233 88 5 245 -109 163 13 178 -200 61 -199 27 -144 -53 -195 -177 
TEST 25 ARG:-186 -234 -29 -75 244 134 -194 -132 -152 -97 200 -155 -121 54 -79 -144 156 -21 -50 219 -115 50 -170 -224 116 202 -161 18 141 154 27 -135 -164 -23 -61 59 -187 -208 39 -116 10 24 -62 -211 -15 -9 184 -200 40 13 112 -218 -202 11 -230 52 212 0 -107 -54 -197 -163 89 199 -83 58 -238 -246 -101 213 249 85 166 -43 190 88 80 204 168 64 -63 105 -2 183 83 32 -153 -113 -119 -173 46 185 -179 22 47 -124 -102 -127 -118 -199 31 -183 -22 -55 -174 71 106 247 228 148 -232 181 118 -71 41 -213 63 160 -36 -16 220 -207 29 -195 -98 78 35 -76 56 146 -28 110 196 9 -4 239 -82 -212 -52 -239 104 117 -30 -38 12 -140 -56 120 225 1 -49 133 238 -177 75 -204 93 72 206 -80 98 194 -64 -130 231 187 170 -228 62 198 -112 223 -182 -72 -160 -206 23 165 45 113 74 161 242 -247 152 -5 57 -133 -27 -192 234 169 -8 -34 115 -245 -249 28 -214 -96 -84 -158 -169 -198 -46 211 -223 162 -40 159 -138 124 14 -233 208 -141 -105 233 167 -231 7 -1 137 61 -188 210 -157 -185 -78 -196 67 -87 -216 109 -117 -222 -37 114 -60 -146 -203 -225 237 -129 177 126 -148 -193 195 -191 -209 173 -26 -181 -13 -6 -57 86 6 -108 -219 -42 111 -126 135 207 -53 155 186 -175 34 -143 -114 -201 102 216 -134 -159 -104 16 -137 -89 -221 -180 -67 -74 191 -91 193 -110 66 65 -59 -33 -35 147 -69 -85 178 -92 91 -142 -44 -241 95 -171 -24 81 243 119 87 60 -151 -176 144 176 -17 90 -235 -139 -25 248 -205 245 -147 230 224 226 42 235 143 99 157 -31 -120 209 79 163 17 -189 -128 182 179 3 218 214 132 -111 -131 128 100 -243 172 189 92 -94 -65 145 94 -66 -150 -237 136 55 236 15 30 -250 -11 227 38 131 -106 36 232 122 140 -73 -7 69 -226 -100 129 -18 127 -242 -3 -88 164 5 125 53 51 -32 -99 217 -229 -10 151 215 43 25 222 139 4 130 240 -168 -166 188 26 -244 -227 -210 -70 -162 -58 -12 123 33 70 97 -14 -248 158 229 8 -123 138 -217 96 101 -39 -77 -136 19 -145 49 107 -184 150 -20 153 -41 -240 171 -47 73 -45 20 44 108 -95 -68 -236 180 121 68 -86 -154 -81 -48 205 82 192 -220 201 197 -178 -167 21 2 -90 -190 -109 -172 -122 -149 -19 77 37 142 -93 241 -51 149 84 174 -125 175 -103 76 -215 203 221 246 48 103 -156 -165 
TEST 26 ARG:36 50 -29 -120 -213 22 -200 124 -117 -76 186 99 -146 -62 -138 105 144 185 229 -71 249 -194 131 -8 -39 106 -74 181 -104 184 -15 40 51 -233 -7 12 74 213 -72 240 -201 61 -232 204 57 -172 203 -250 25 53 35 111 -80 -245 -246 141 -93 -173 -86 49 100 193 -141 148 142 -84 138 75 -55 209 182 -184 102 15 47 18 145 175 -197 67 -170 28 30 139 -54 117 -167 89 -16 220 -161 194 121 -38 -142 31 -125 8 231 -180 223 190 -231 -153 -136 -9 -228 155 70 107 153 226 188 44 -230 27 -50 -169 -26 -196 178 119 133 149 -191 -23 -3 62 -159 -214 -81 29 7 14 165 84 -150 163 33 -190 198 160 20 187 -139 -113 224 -109 -70 156 -133 242 -181 -107 -82 -13 222 238 127 3 -212 183 78 172 -218 195 90 212 228 -237 152 -44 206 221 -198 123 -204 120 24 -178 -220 -243 -238 23 95 191 -4 179 -36 211 -94 -48 125 48 -176 136 -14 -199 -24 158 218 177 237 -122 110 -40 94 96 -79 245 -21 -164 -30 174 171 244 192 115 108 85 66 219 -53 -211 210 -47 -188 -83 -43 -155 -59 239 -51 -67 196 -249 176 215 -162 151 -78 -174 -97 -226 -52 -41 38 -103 169 109 230 -91 -144 -137 140 -28 246 97 0 -108 -166 63 103 233 118 -239 -73 21 -114 166 -99 134 56 217 173 130 -234 207 5 -163 13 -221 -64 -118 200 -134 -130 126 -208 -209 65 11 32 -20 60 -227 -143 52 236 -157 150 -147 98 -31 82 68 -140 -110 154 87 83 -65 -248 1 225 -98 -87 -135 -240 241 -224 247 -42 -105 248 208 -106 73 -242 137 101 -158 -217 189 116 -168 -115 143 243 4 197 43 -19 -34 71 -124 -121 69 -216 -145 -100 -192 -223 -96 -247 -185 -46 42 -10 -219 -156 9 -85 104 6 -66 -56 64 122 -171 34 58 -63 19 92 -235 -129 -57 162 -132 10 91 -33 16 17 128 -35 -27 45 -151 88 164 -32 72 -22 -148 -165 180 227 -1 26 -111 -101 -49 -45 -2 -149 -205 54 -154 -183 -6 -160 216 93 79 199 -25 -37 234 205 -90 -88 202 86 201 167 112 -182 161 80 -203 -92 159 2 -61 135 113 -244 -186 -195 -187 235 -69 -177 146 46 -77 76 -18 37 -102 -17 132 147 55 -215 -12 59 -179 -75 157 -202 -241 232 -236 41 -127 -128 -11 -95 129 -222 -193 -229 -123 -189 -89 -112 -175 -152 39 -131 -58 -210 81 -68 -5 -225 -206 214 -60 168 114 -116 170 -119 77 -126 -207 
TEST 27 ARG:-20 3 174 -122 198 -28 187 32 153 158 119 208 69 85 -237 -135 228 168 21 -12 -15 -126 -63 130 -129 -59 232 -93 73 89 102 -125 -229 -77 132 129 -248 197 190 -56 5 166 -38 169 -78 -101 202 121 64 -118 -223 44 -111 24 149 -145 -3 88 -153 -99 77 214 0 -22 142 -83 103 -113 -249 184 -185 172 -250 244 22 74 -23 -176 -194 157 138 40 -16 -35 9 -66 -207 -81 -29 124 54 110 -136 99 167 -69 -238 -157 -43 126 -180 -165 -36 -191 36 -162 34 95 -37 164 -45 155 -68 -247 -1 122 -226 51 107 -92 -86 105 176 63 -169 -76 131 23 -201 -112 249 -187 136 223 -91 143 -150 -146 207 17 243 200 1 -41 -138 156 -137 237 -189 230 -186 -52 120 -71 195 -64 -240 106 186 -179 78 -104 -4 83 -204 -160 234 -61 -206 -222 68 -50 -60 218 82 84 -128 -32 144 -120 -109 213 245 209 79 -170 104 -216 -205 -148 216 35 112 -188 -195 -197 -11 -243 -106 72 111 75 139 -88 162 -105 233 -177 -73 -54 206 219 -51 -234 -94 -141 -219 -182 -27 170 92 -132 26 -156 -232 -90 10 147 177 91 -127 150 -215 -245 211 235 -10 38 -168 -235 -171 -108 118 25 62 60 -102 -199 -241 -7 -21 70 -26 242 -67 39 108 -95 148 45 179 -231 160 204 -140 -178 140 90 -144 -167 49 65 43 205 76 55 128 226 -184 137 -80 71 -239 191 -65 -236 222 -46 116 29 -173 -159 -161 145 57 -30 -39 86 -142 -14 -152 215 -8 -85 113 -2 11 185 6 151 125 163 -196 248 50 188 61 159 47 67 -227 -48 196 93 -13 109 -130 81 -164 115 -123 236 201 -147 154 -42 181 210 41 127 -200 -44 -218 -82 -209 -163 19 48 199 -213 13 -192 -5 -158 -246 173 15 -17 -198 -79 -96 246 -33 -202 -18 -57 194 -87 12 220 101 -172 165 193 -139 -174 20 134 -115 123 31 -6 53 -49 -183 -98 146 33 58 229 -84 28 225 -75 -214 -119 -233 56 227 66 27 171 114 240 59 -114 217 -116 175 135 -74 -228 -244 -242 18 -225 238 37 -181 161 -40 192 94 80 16 -25 -149 42 -117 97 141 -103 -53 -110 87 -134 100 221 117 203 -47 96 -133 -230 -190 -24 -208 -89 -97 -154 98 183 189 224 247 -175 182 7 241 -107 14 46 -193 -100 -131 -72 239 -9 -221 -224 -55 -155 -31 30 -151 2 -211 4 178 -220 133 231 -217 180 -203 -19 -62 -124 -34 52 -70 -210 -143 -121 -212 212 8 -166 152 -58 
TEST 28 ARG:-65 -138 -77 183 -188 40 177 86 139 -248 72 84 -11 89 0 -37 123 195 -150 140 138 10 -127 -149 17 184 93 179 -69 -225 -104 53 186 -17 129 -64 -201 49 -110 -24 8 145 -117 -219 12 -79 -52 -242 -8 178 224 205 -128 24 -48 90 198 -241 116 62 81 -58 235 25 -244 -13 208 -35 -157 -10 -33 -158 -82 -51 234 -221 -113 -25 -89 -30 3 -224 217 172 -203 122 -161 -5 -73 -135 -9 -61 148 229 249 5 239 -122 48 -84 171 -60 182 -245 21 -204 7 141 162 -15 -7 -175 -97 -72 -228 -151 214 236 99 -55 102 -200 169 -114 150 189 112 -229 22 -27 105 -160 92 242 -166 -234 97 -21 225 31 -107 -148 -176 -208 246 -143 80 202 114 -152 -226 30 13 -222 165 6 153 -145 -184 29 32 44 -116 -131 -233 -67 201 132 -93 157 -46 -163 54 -155 -202 -125 -173 156 -100 -142 228 43 -180 191 74 -194 -232 26 100 237 -59 46 -126 36 -130 -111 -216 91 -26 -38 -192 -106 -54 146 75 244 134 101 233 120 154 211 160 -237 222 185 117 28 18 -53 -189 -4 -120 -206 37 20 -129 -76 -207 164 209 -139 -220 -193 15 33 14 -88 -49 -14 204 71 240 -199 131 -153 -171 193 98 -210 -133 155 82 -205 203 -179 149 76 104 -198 19 42 64 51 -62 173 245 -57 23 -39 88 176 221 -42 2 -23 144 -146 232 152 126 -156 66 -85 -183 63 -1 -119 -121 192 136 -238 187 180 -172 248 158 188 -118 109 106 130 -40 -81 124 27 -80 190 11 -41 -195 -108 135 52 85 61 206 107 69 -136 -90 -36 60 57 94 87 212 170 -167 -29 167 223 70 58 -31 79 -177 -164 174 -32 247 -141 -124 -2 -154 108 -217 -214 95 -87 -169 115 219 -162 9 -28 -230 45 147 166 -105 1 -215 -103 197 113 -50 -18 -44 96 -168 207 -132 110 41 -95 65 -181 83 -174 128 -12 121 -91 38 -243 -47 4 -115 -209 213 -109 47 163 200 -16 68 78 119 137 -223 -112 181 -96 -43 -66 218 241 -227 -137 133 -92 -197 -190 -250 -94 -22 -182 -134 -236 175 -56 50 -218 227 151 -78 -19 -159 125 243 216 238 168 161 -212 226 67 142 -102 -170 -186 -3 215 -211 159 -70 -249 55 118 194 127 230 -98 -144 -239 -20 143 -187 -213 111 -240 -45 199 -34 -165 -147 210 -185 -6 -86 35 -74 -235 -247 -196 220 -63 -140 16 77 73 -75 -83 231 196 56 59 34 103 -178 39 -68 -231 -101 -123 -191 -71 -99 -246 
TEST 29 ARG:20 175 241 87 -78 -80 168 115 -46 13 158 -221 -79 15 5 76 -111 109 8 -234 -170 181 177 -193 -119 -95 248 92 226 -54 45 -92 215 -117 -6 30 125 34 205 -15 -65 24 72 -164 -189 -123 74 -177 105 -155 -162 -37 -184 95 -223 -247 10 -195 11 221 202 163 100 -30 228 26 149 207 230 112 204 -33 68 107 67 23 233 126 -126 -182 -26 182 -214 227 -12 -81 46 -172 -35 14 122 -13 82 -31 145 -104 152 -243 -219 91 31 -142 84 239 -185 -145 -110 -85 170 148 189 -87 -94 38 -139 187 147 167 -28 12 -163 220 161 89 -38 71 61 96 -248 93 -175 -19 140 -90 154 -3 -20 -108 25 174 216 -69 249 94 6 69 28 17 42 -131 40 -11 -50 -140 -64 -242 223 -45 -240 -106 -218 54 -1 -132 208 119 127 -153 -160 -24 -230 232 -120 136 -173 -207 -57 -22 139 -174 -59 231 159 210 222 -39 75 178 64 -246 -231 -236 -129 -58 -197 -138 196 116 144 153 43 -169 194 -206 171 237 97 -75 169 -41 -183 -135 -56 209 -213 -146 234 1 -239 3 -204 238 143 240 -113 -72 -208 135 -71 -136 -186 -51 137 -232 -235 -237 156 -27 99 -29 85 103 -86 179 -84 -161 113 138 146 -25 59 -233 -107 -9 77 118 106 -168 -201 -40 166 -124 -209 81 -199 -103 247 -125 -176 186 -43 58 -224 36 79 129 60 70 -215 132 50 48 -112 157 200 88 -147 32 -244 162 -53 -66 -76 -222 -228 124 -89 121 198 73 -109 201 134 -100 2 51 224 199 -62 117 -227 16 -34 55 217 35 155 -14 -200 180 193 -68 114 101 -7 104 29 -128 -241 -91 108 -93 -250 -205 206 -2 62 -88 -4 33 -114 80 -159 -32 -180 -52 -171 -101 218 -44 -166 -83 52 -127 53 -10 -196 -194 98 -98 -116 -23 39 -216 -157 -143 -202 -220 56 150 -167 -133 191 229 -178 -151 244 -47 111 -99 165 225 -48 27 190 130 -181 197 243 -156 41 -154 49 -5 -152 -105 -121 151 -18 195 -190 -8 -36 22 -102 -179 123 19 184 -211 65 235 90 -55 -141 37 -150 -82 -187 66 185 110 -203 -67 -118 -96 18 -97 -226 211 -134 -192 -191 -21 -17 -217 21 141 -249 86 -229 -137 120 164 236 -148 131 47 7 -188 4 183 212 -122 160 78 133 219 -245 -42 -149 172 214 -60 246 -63 128 -238 -115 83 142 -61 173 102 -74 -77 -210 203 176 9 188 242 -225 192 -73 -144 63 -165 57 0 -70 -16 -158 213 -198 -212 -49 44 245 -130 
TEST 30 ARG:165 137 85 34 78 -97 98 -192 -160 -149 -91 -191 95 44 136 76 -73 173 221 -151 23 198 -118 162 111 -140 235 -237 92 -183 172 176 -131 18 -213 83 126 -240 -14 29 -8 -12 122 121 135 220 41 -112 28 -92 -63 -129 68 -162 26 -4 207 -229 -23 217 -226 -41 218 -137 -228 -27 118 -155 192 16 -105 -200 -163 -53 -120 227 -159 -15 -121 43 109 -89 -247 -57 56 -126 127 181 -49 155 158 67 89 39 65 -212 25 -98 -169 -180 -65 -188 -95 101 -246 -227 -1 164 107 149 13 232 233 -68 182 132 -2 -106 244 -146 -232 187 -37 120 123 20 234 40 129 -13 -81 51 12 -21 183 193 9 17 169 71 -144 -220 27 77 -199 148 -156 -110 -115 -20 -171 -172 93 -72 -164 -99 53 -122 226 -116 -78 -77 38 -214 -86 -216 32 -76 -104 160 -150 -241 131 -218 66 -109 -168 -148 6 -215 91 215 7 214 -177 125 79 228 199 -181 153 194 8 243 -197 -9 -119 238 -40 -138 166 195 -22 178 201 -10 -186 -195 -111 -231 -198 -46 -221 -234 -45 -207 -94 -19 -211 105 246 45 248 -205 49 -82 -222 -36 22 -179 -152 15 -128 -47 57 74 -141 113 108 212 -113 249 4 24 14 -6 -108 219 -64 -242 -178 236 81 -75 52 -185 -83 -107 -62 84 143 -239 156 202 -235 73 50 1 170 231 229 200 -176 21 128 130 2 -135 100 -102 -173 124 159 -203 230 63 -243 -154 -223 -196 -134 -87 188 -88 62 99 -66 144 5 -124 -67 185 -59 48 -194 -133 96 -100 72 10 -161 -250 97 -224 -54 196 140 58 223 87 -245 -29 134 59 -79 184 191 216 145 245 -125 -236 240 -209 104 -244 -139 -44 147 -123 -193 179 -103 -56 -24 154 -34 -201 -117 -16 225 103 152 206 174 -3 189 151 167 -157 242 -71 -61 190 69 0 203 -90 -93 -206 186 -33 150 70 -210 -39 42 -18 -31 -80 163 142 61 247 60 19 110 -127 114 -187 157 -32 239 -167 -217 180 -132 -84 -170 94 241 112 -114 133 36 106 -70 116 -174 171 138 -165 -136 -50 -230 11 209 161 -142 -35 88 -153 141 -43 -189 -202 222 -52 30 -58 -69 -7 -42 -225 -74 -25 33 205 -101 54 -30 -38 -130 139 55 -48 210 37 -219 197 -208 119 -190 -249 -5 175 102 177 86 75 146 46 -184 117 208 204 -85 -204 -158 211 115 -147 90 224 -233 -238 -145 -175 237 -51 -248 -55 -11 213 -26 -96 -28 35 -60 168 31 64 -143 80 -17 3 -182 82 -166 47 
TEST 31 ARG:203 -131 216 129 17 -229 241 -208 -234 233 -64 -13 77 -239 237 61 26 -60 82 121 -235 191 -81 12 43 -82 108 34 40 -191 -241 128 -153 -42 131 -194 -30 -104 94 -246 205 85 -6 75 3 -187 41 -68 -151 113 157 -114 70 87 176 -12 -18 127 -59 -53 182 93 51 -119 -37 -50 72 -189 -101 122 33 -1 -133 64 -23 48 -2 -148 -184 35 -214 223 -46 159 143 -26 -3 63 189 -231 -11 -116 -171 -248 -111 50 202 -222 -197 165 -57 120 136 193 -123 -120 86 56 -213 -125 -183 110 -95 -136 212 217 -88 -143 92 200 -167 -172 -31 -244 109 173 148 155 -179 -177 195 -61 235 -218 -28 174 151 234 -121 -115 156 239 68 -237 -228 8 238 -144 245 -9 -72 -49 42 39 -40 118 -250 -14 215 179 166 73 23 -110 58 -67 37 -216 -233 210 2 117 228 -33 -102 -10 132 119 246 243 -98 -205 183 226 -180 -162 -83 -232 247 221 -238 55 114 -188 139 145 -55 79 -117 167 -93 -109 89 -223 -245 153 -118 199 -126 24 20 -137 18 -146 -152 -44 46 -236 192 -217 -25 -173 -32 -92 99 190 181 133 49 98 180 88 -166 -112 -128 -182 102 -163 -71 5 -170 67 141 -198 -107 106 -89 21 -226 -220 164 225 29 160 140 52 66 11 -165 111 81 147 -225 125 -39 -4 78 -193 244 112 -158 201 59 154 -43 -243 -45 -79 -160 158 -84 -127 231 32 76 -145 -66 -106 169 -175 -207 -149 -113 187 100 -230 -129 -58 137 -196 -62 13 -203 -16 -69 -96 -210 -224 207 -150 47 126 90 -5 -142 220 69 -202 -212 236 1 83 -154 186 -122 142 -108 -138 232 9 22 31 -130 -35 -41 -206 -169 -90 198 14 -56 27 97 -192 218 -100 124 209 -74 15 227 71 91 146 -209 213 116 -181 4 135 -8 188 163 170 230 -52 -97 80 -105 103 96 -204 -22 -221 45 123 171 -80 -168 -48 -7 53 -47 242 214 -159 -141 -19 -164 194 -103 -247 149 -51 -249 130 0 -200 107 -27 175 185 138 -242 38 19 -70 -94 57 -211 -157 -156 -134 115 -17 152 16 62 -21 211 -199 -186 -73 240 30 -176 -124 -161 -185 -63 25 74 178 -140 84 105 -20 -147 -219 -34 -240 -76 -135 -87 -139 168 229 161 -195 -155 219 150 -29 28 -190 208 95 104 -78 224 204 -201 -99 -36 172 249 6 184 196 197 -38 177 134 44 -85 65 -86 -227 36 -54 -215 -91 10 144 222 60 101 -178 -15 7 162 54 -132 -65 -24 -174 -77 206 -75 248 
TEST 32 ARG:134 -202 233 177 96 -182 155 -188 -22 97 35 -238 168 -143 -47 -96 221 103 60 91 231 9 1 10 -15 -152 170 218 -148 -160 102 -105 182 209 -56 42 49 -118 -79 93 -98 -24 -179 -90 113 -180 -95 94 171 -137 29 -20 -186 22 114 -125 240 -172 -242 -135 -134 61 77 -243 65 -167 -151 -140 141 -7 -27 -74 204 -248 246 173 -124 85 -14 -114 -35 112 83 201 8 186 -189 28 -144 -89 191 -3 220 -127 55 196 -23 119 99 156 -235 235 -164 -121 -16 -211 159 59 -239 -224 -33 -155 122 -196 -147 217 -133 98 -4 241 146 57 -130 -241 -145 -199 71 129 5 -39 -236 -171 -116 62 78 167 -86 -132 -213 245 157 -204 -101 21 -13 -77 -220 -28 195 -219 -66 -31 149 -201 -62 4 -226 248 121 36 -120 127 40 -68 169 12 216 -9 126 39 144 43 -206 133 -69 125 -150 232 34 -41 -175 -183 106 151 -112 -229 -217 -48 15 -82 84 -43 -115 -107 -185 197 213 6 -21 162 -163 225 -234 -218 -51 219 200 -165 32 -142 -200 166 105 -222 -55 3 -245 135 37 192 100 48 -97 58 -149 183 -237 16 189 -45 -190 -42 17 143 88 214 -108 190 90 68 -80 -72 161 118 -78 -94 87 -138 139 227 -102 -1 154 -128 45 86 -63 33 -244 -73 242 -215 54 249 -139 26 180 -76 -2 199 -240 109 51 247 30 -18 -192 -53 -10 229 -168 179 -109 -205 -25 -193 -198 238 184 198 -117 47 130 -126 -59 175 -30 64 -106 212 138 -233 -228 -170 -191 234 128 -88 230 -187 -227 236 -146 -209 -5 0 23 -60 153 205 67 207 -99 -119 75 -19 -216 73 145 81 193 52 13 53 -181 -212 56 -157 -203 -214 89 188 178 76 -92 -208 -103 -223 -122 -36 -17 -195 148 -44 -87 187 11 -194 202 244 172 -38 41 -166 -37 -250 104 50 158 80 140 -34 -46 -91 -81 92 -207 -26 -49 124 117 -159 -12 152 -123 164 72 136 150 101 -75 -141 25 110 111 7 -58 163 131 -169 24 -64 -136 -131 -40 27 -50 223 -29 123 -246 -249 66 70 -54 -61 -225 -6 224 -71 38 -85 -32 2 -210 -83 95 208 222 -57 -8 74 -247 243 228 -161 239 -67 -129 -113 82 79 20 237 18 46 132 -177 -197 14 -93 -173 -111 142 165 -184 -221 63 -176 -84 -100 -110 215 137 -104 31 19 203 -230 -70 -52 -232 -156 115 -153 160 69 206 -11 -178 -162 44 147 -158 181 120 210 211 107 116 -65 176 185 194 108 -231 226 -174 -154 174 
TEST 33 ARG:-178 117 206 38 -203 119 113 57 -97 -106 215 0 -130 240 160 -44 173 142 -10 59 40 76 -98 156 91 226 -206 174 -220 -83 195 242 -199 3 241 -179 82 -2 -27 -45 -60 -232 1 107 168 -197 -62 12 53 -146 11 104 -249 -108 -110 209 -239 -78 -135 -207 217 -46 -57 -177 -131 -50 128 -142 -183 -31 -59 -218 109 70 -117 79 -17 170 -121 14 -18 -246 -161 -128 182 -41 30 -122 45 -71 -159 -141 50 164 249 47 -138 5 34 -99 -93 -126 135 -65 23 210 56 86 -191 -145 -12 96 -219 -230 238 80 -55 43 -4 -61 -248 71 141 9 -189 73 -36 130 136 103 158 -217 -34 -26 44 27 -53 247 -233 189 66 -96 -94 -119 140 68 90 29 230 181 -212 163 -66 222 48 124 -139 216 -91 211 99 -104 49 -77 -158 -243 63 -201 118 111 244 112 213 -225 -216 -133 65 93 -215 165 -118 171 -151 -164 -85 -244 -48 -125 -136 -124 88 83 31 -89 145 187 81 -100 218 -192 36 -137 162 152 137 -35 212 -112 75 97 -154 -208 -173 -9 -205 -231 55 77 -240 -22 199 -8 144 -152 219 -19 101 94 58 116 102 -213 13 -132 -134 -184 -150 -6 33 -79 -188 -127 138 -250 92 -115 193 132 179 151 203 -102 -14 -123 -242 98 -69 6 183 19 -56 110 125 -23 -129 -1 -167 169 -16 46 248 -86 154 -111 -210 85 -32 166 -74 -149 69 180 228 190 -227 -143 -38 -169 -148 -162 -114 -52 72 -180 17 -7 153 -147 123 -171 -64 -172 185 -13 -54 -20 54 -72 -187 26 15 -176 196 122 60 188 198 -168 -80 -29 146 -47 243 -37 -226 108 2 205 89 -166 -49 67 4 159 121 32 -21 -92 -103 84 -63 -160 -90 155 201 95 -156 -224 37 -11 -28 -75 -223 -43 -5 -15 149 224 -196 -228 161 233 -144 -40 167 -211 234 208 -70 18 239 -140 -82 -214 133 -195 131 -194 204 -109 -221 186 62 223 235 -229 134 -204 191 41 25 -153 -81 221 -198 -186 148 139 52 -51 176 28 127 -116 207 -73 184 120 232 -155 64 -237 129 35 -190 214 150 16 74 21 -95 -236 -120 231 51 87 -170 -174 10 -67 -88 42 -25 115 -165 175 147 237 -200 229 -181 -157 -87 -101 39 -24 -84 -238 197 172 -107 245 236 7 114 78 -68 157 -222 225 -175 8 -163 178 -245 -33 100 -209 105 -3 126 -247 -42 143 -113 194 246 24 202 -105 22 177 200 -235 -76 -182 -234 -39 -30 20 -202 -193 61 -185 -241 192 220 106 227 -58 
TEST 34 ARG:30 61 234 177 -142 227 -162 43 -150 -3 -23 230 -153 -19 72 -45 103 174 -208 -115 242 80 220 96 -236 112 20 35 94 -107 -234 178 -35 -200 152 -214 116 38 -229 -88 21 -210 -190 222 183 -41 -143 74 -10 209 167 24 -17 171 134 176 -110 202 -128 31 218 -130 -79 193 -11 127 -66 101 -123 63 -176 11 -136 249 67 -7 60 -62 133 -138 -60 161 205 58 -194 -157 -61 98 87 -31 -85 6 49 192 19 229 17 151 179 -146 224 -53 -227 162 -22 79 -69 -220 -57 54 -87 -90 76 -149 -109 122 57 -217 -6 29 210 148 -98 34 115 -50 -131 -32 -104 46 165 -82 -99 84 97 -215 164 -5 -26 82 52 -169 119 -9 91 13 42 -134 -13 -42 -8 -180 -184 -43 -182 -48 -114 143 138 56 44 -38 113 -218 59 -216 89 -55 -232 208 -72 239 -4 -34 -15 -126 39 -30 -68 -139 3 187 -183 -248 -203 75 -24 139 -102 -163 70 18 136 121 232 -2 -209 -221 27 -222 -135 69 -59 142 -84 107 -47 212 120 41 -224 199 124 66 160 -44 228 132 225 215 -106 -144 -201 226 -225 -152 -186 141 -81 -49 186 -231 65 104 -36 130 93 -119 47 -246 237 -112 219 235 73 55 149 102 106 7 -37 -247 -207 175 -179 4 188 -21 37 -51 108 -213 166 182 -18 -196 -16 -193 -147 200 -204 223 -105 109 191 -40 -173 -145 -188 -74 81 213 -174 147 -172 241 92 -198 190 -39 32 -158 236 173 12 -199 -92 -195 -228 240 -124 68 -52 -101 117 26 131 -89 -1 -166 247 185 -93 100 50 15 -27 10 -212 -140 -160 163 90 -235 -192 -54 196 -103 207 -191 -161 -63 -164 -67 -20 248 -165 -245 -100 159 -148 189 204 -238 -197 -58 64 53 -187 -185 -12 83 169 214 198 105 221 2 110 -242 111 118 181 -73 180 137 -71 71 -151 211 1 40 -141 -170 -64 -95 -159 146 -120 153 168 -137 99 126 0 5 170 -46 155 233 -249 -129 -244 172 25 -127 -250 -86 -94 -56 -219 -33 123 -178 -118 23 78 51 158 -78 157 245 216 -168 -14 -91 125 -177 -154 48 145 -132 22 -155 243 -122 -83 -167 129 -108 -75 -117 -28 -240 -116 -239 86 -233 -241 231 150 8 95 45 33 -206 -211 238 -223 -175 -111 197 9 140 154 144 -97 206 -80 -29 128 -171 184 -25 85 195 -77 -189 -70 -133 194 -113 77 88 -226 -237 -230 203 16 201 -205 -243 -65 28 -202 -181 14 -156 217 -125 244 -76 -121 62 246 -96 135 156 36 114 
TEST 35 ARG:0 144 128 122 -152 -116 104 -2 -156 -98 -122 -14 -245 67 23 -62 188 130 140 80 -223 243 -217 72 -198 -244 -180 178 -19 -248 150 199 248 -208 -160 118 203 -47 154 46 -75 187 238 -134 -64 100 145 -26 -30 -53 -194 120 41 -167 -193 149 97 -230 205 -181 -243 -144 62 -226 164 101 -128 229 237 31 21 -23 -58 -91 171 161 -163 63 5 -154 2 133 -220 -183 -29 60 217 33 -108 38 -212 -40 244 -215 -213 -25 -174 -66 -55 98 59 -196 87 85 172 -34 66 165 61 -139 -10 -107 -110 -146 -204 28 65 181 208 204 -207 91 -214 -100 213 40 7 93 -76 73 126 -46 82 114 34 109 -200 -43 27 -189 -145 -191 -235 211 -195 -132 179 -151 43 -70 -54 -24 45 246 174 -89 1 131 -8 -138 231 -188 -135 197 -201 -93 166 -148 26 -127 -77 -172 -97 -131 241 -232 163 -118 219 -72 153 81 -111 125 94 186 194 -142 83 -179 -88 228 -17 -225 -101 -39 -241 -79 13 -137 18 -50 224 -3 49 37 -177 -185 -68 -205 -129 42 25 -32 -87 95 14 -85 -182 146 39 -37 -153 -141 123 29 44 201 209 -224 -52 249 20 173 71 -106 108 -162 107 69 -113 -11 117 132 220 -81 -102 -95 75 15 216 -186 -164 -99 -86 -61 86 10 -80 233 -239 -51 116 202 -218 -109 -229 245 168 235 191 -192 141 -42 -60 -140 68 -222 190 -126 185 77 78 -155 175 24 157 -4 -228 180 -227 -1 230 -41 -171 56 -157 -197 -184 96 148 4 70 -124 -125 102 247 156 192 -114 196 -236 -83 79 -175 6 215 236 198 -22 -21 -165 -104 225 -112 129 -219 -63 -67 -216 17 -48 -234 8 242 12 -250 -56 -199 189 -103 -176 9 234 139 -169 55 143 227 47 30 -210 124 115 127 183 92 35 -123 -187 -143 -82 106 -12 136 54 -84 -5 111 -45 52 -69 -237 -147 -231 -221 -74 -115 -65 232 32 19 -159 -16 -15 -242 223 -27 -35 -136 152 221 -130 -119 -133 121 -149 182 -9 -166 239 -78 -105 64 160 -7 -28 -158 36 226 -150 147 51 -202 207 22 206 135 -57 -18 -20 -249 -13 -238 200 -190 177 110 -211 -178 193 -38 -73 218 222 -203 138 -49 103 -90 -121 16 -161 134 58 119 167 -92 112 89 -168 169 48 155 -59 50 74 88 184 195 57 -94 -96 -170 3 -246 158 170 11 -120 214 162 142 210 -44 -173 -36 -33 -209 212 -206 -117 240 99 90 76 -240 159 53 151 105 176 113 -247 -6 84 -233 -71 137 -31 
TEST 36 ARG:-19 230 -174 116 9 169 -102 -187 -17 63 245 -211 -216 171 -80 50 -40 225 -28 1 -241 233 -94 -127 -222 -23 247 67 -43 36 -53 52 165 174 -223 -154 232 198 164 -131 89 -224 81 -139 44 -248 -192 -183 -107 168 -79 71 143 210 -115 -20 -191 16 243 -237 7 4 122 -49 -121 -195 213 138 -247 125 57 212 27 -54 -152 -118 83 -89 159 77 -181 124 184 -177 58 -119 -10 -15 141 -178 -31 66 181 182 -104 176 -123 -218 118 166 -51 -143 151 204 224 161 3 -193 -16 -42 -41 -207 32 -163 -9 -44 -228 214 -185 163 -170 -226 -95 -205 207 46 236 185 54 -199 93 244 -234 183 -48 -75 -76 -124 -99 -58 -97 90 40 -238 162 239 223 -180 -71 209 -153 238 59 5 -176 240 -166 188 64 227 220 132 235 -220 -206 0 -136 -165 76 104 -96 -188 -221 248 -148 -64 28 202 -74 -208 119 241 43 -60 -72 -162 -203 -198 30 160 82 221 -6 22 45 -156 226 8 180 148 31 41 -172 190 51 100 20 177 47 2 217 117 -1 130 -219 -227 -160 133 98 -132 -125 101 -69 35 -12 -189 150 140 102 56 -229 -245 87 -158 -37 -47 -52 84 222 -128 -3 -77 -78 -217 205 -204 126 -213 195 199 111 -82 120 17 23 152 -39 246 112 -157 -106 156 68 196 -111 228 26 -149 155 -209 99 -68 129 103 -184 -29 -171 70 -151 -161 39 -14 69 146 -212 61 -168 -155 192 -86 33 234 75 55 147 -11 34 172 37 142 -93 -179 206 -225 -103 187 189 -164 -196 -108 95 108 115 157 -26 85 -38 178 231 154 144 -33 -232 229 121 123 -5 -138 -135 42 -130 -59 211 -61 145 -202 -142 12 21 -22 38 -21 -243 186 -239 -201 -62 -32 -18 -34 -66 -146 -85 -35 114 -190 -169 193 173 139 135 13 203 137 18 170 -159 -150 -126 -194 -27 127 -145 49 -250 96 -240 73 105 -200 -120 88 -235 -98 62 -242 -197 153 14 6 -147 48 -2 10 -231 107 -167 -186 191 24 -133 19 -50 -45 -67 -36 74 197 15 109 25 92 -24 -129 94 -215 -87 134 79 110 -236 242 -114 216 -4 -246 -122 218 -91 -73 -81 -63 -140 -90 65 179 200 -113 -101 106 -46 -233 29 -175 78 91 53 -8 -244 -117 -92 60 97 201 -55 215 -56 -65 -112 -100 -7 158 -141 -110 -144 -30 208 80 -83 -214 219 86 237 -109 11 -173 -182 -249 136 -230 -105 -134 -210 -116 -57 194 -25 -137 -88 72 113 -84 131 -70 128 167 175 249 149 -13 
TEST 37 ARG:-70 -71 141 -247 248 131 -135 112 194 -67 -249 -28 -199 -72 -207 181 -221 -41 -99 40 217 -209 56 63 -149 203 -32 79 -88 29 176 -58 -167 -94 -47 -8 186 216 132 59 -98 30 198 17 -124 -190 226 -48 -154 92 199 -157 -242 -84 -96 -141 -145 -3 243 -27 192 91 111 -192 33 -105 154 -21 50 -126 24 -23 193 -218 177 -163 67 144 140 -176 -169 -93 71 -187 -120 159 -66 -83 -174 -147 -159 -46 171 113 -12 234 -101 70 -55 100 -75 195 201 83 -230 116 94 142 -237 -92 25 -87 -216 118 14 -20 -13 55 51 155 49 -104 114 -225 119 167 -51 36 35 42 218 240 -155 -205 -212 31 -112 -188 -144 149 -208 -194 101 127 -197 86 99 244 -60 196 236 126 237 -111 -49 -110 153 -1 -113 -131 190 164 204 -116 69 -153 -186 106 -168 -243 8 -160 169 173 -86 188 -222 76 107 46 10 -109 -213 102 -68 3 -196 57 197 6 -136 -85 -177 224 34 123 73 165 -33 -54 168 -152 -246 85 166 75 -130 162 206 -244 202 18 37 0 -143 -25 121 -245 -89 137 84 247 1 61 43 -234 -151 143 -97 229 170 -173 -4 129 145 -108 -210 -44 -179 -183 185 -24 41 27 -117 -217 -115 133 58 38 -134 -18 212 -250 125 -127 -14 52 66 -62 -231 62 172 -238 -164 -95 -228 211 -64 246 241 -166 -30 156 209 235 -7 -37 239 45 -148 138 161 -50 225 -16 -232 12 -223 160 -73 4 -34 -65 -180 213 -239 -185 -182 -114 7 -10 -224 151 -125 183 15 146 -82 -220 -146 65 -15 -140 221 -121 -132 -39 28 -162 -22 -123 78 219 128 9 -91 -80 -81 93 134 -191 82 81 242 -2 -57 207 -142 32 -42 117 -211 205 -198 -214 -53 227 -74 147 -161 -175 -36 -79 -172 179 -17 95 -77 48 39 -248 215 2 89 -35 115 -76 -119 44 124 -158 104 -11 -165 -69 77 -100 -6 -240 189 158 19 -40 230 64 150 -118 249 103 -31 105 200 139 16 -43 178 -227 -139 120 72 -78 -129 -233 -29 163 -133 231 -170 87 -200 232 -19 5 -181 -229 157 -106 13 -193 -107 53 135 220 187 -184 -241 -38 90 228 -235 122 -63 -90 -102 -9 -178 233 -206 -156 152 148 22 222 -195 -122 174 -26 -215 11 23 -201 208 -189 109 -150 184 -204 110 -45 88 136 -128 54 108 68 245 -226 26 214 -52 130 191 180 -137 47 80 -203 -171 175 -59 96 20 60 238 -103 21 223 -138 74 -236 -61 -56 -5 97 182 98 -202 210 -219 
TEST 38 ARG:245 -124 22 -228 -60 162 -18 143 -40 -122 182 -152 18 -121 163 120 178 -49 9 -149 166 -52 127 -13 111 -136 128 -198 241 -169 206 172 113 168 -175 -120 132 136 -179 -117 161 -14 -199 83 -111 -44 -143 -53 48 -236 109 -230 -154 26 -94 -86 -135 -90 236 -219 -209 146 -134 -187 -119 -4 -82 -127 231 147 190 43 58 -95 27 220 181 19 55 77 -92 -26 92 -208 -2 140 167 152 133 -15 232 185 -101 25 -129 4 -243 44 148 175 88 170 217 160 -31 56 200 126 138 -103 247 -79 -235 79 194 238 69 130 199 -194 204 105 243 125 82 54 75 -19 184 229 72 51 -77 -98 -24 139 80 -6 219 31 228 -35 -156 -240 91 20 -221 -97 -189 -108 -29 -150 205 -227 -248 154 -203 -41 64 34 233 -210 -57 -214 -170 -133 84 -222 116 -10 164 78 239 14 -32 189 -113 -233 201 -116 224 -180 -223 -172 -67 98 -178 -161 2 -218 -3 -181 -105 -33 1 151 -206 81 179 -215 63 -78 -250 90 5 145 183 -39 -114 68 -242 -110 -183 41 -166 -7 -99 -72 -238 131 -55 -139 192 171 29 174 235 144 37 221 -37 24 -43 -247 209 -162 157 104 49 73 -28 173 177 -182 33 -102 -200 -195 207 93 -191 42 -93 110 153 -138 -45 242 188 103 -216 -80 -84 123 -226 0 -123 115 -96 -128 248 -65 137 213 -137 -241 -229 -165 227 -87 -244 -207 40 16 -11 -190 -85 87 237 -192 57 212 -54 -234 246 -125 -21 102 203 -164 122 -91 23 -237 -64 198 218 -212 202 -104 210 -17 -144 -109 -145 117 38 -196 107 -225 197 3 -23 21 -71 -42 36 249 -9 89 -140 -197 -231 112 -5 -159 -20 -22 134 155 -50 -155 -76 -30 99 150 -1 214 -186 -168 -157 -158 215 -151 124 165 61 39 7 -146 47 -163 -193 -59 149 74 -148 211 216 8 67 225 -232 -75 95 -51 159 180 -201 -211 35 176 -100 97 66 -141 -81 45 119 193 -185 -89 -213 62 -73 142 -58 -142 -74 -202 -66 -61 -204 53 -239 28 -62 158 30 -188 -153 -130 -12 -176 59 240 186 15 156 -126 71 -167 -68 -249 114 -184 76 121 6 230 -217 -38 60 187 -70 -56 -118 -25 -27 222 -174 46 -115 -132 12 -69 -220 223 85 11 94 169 -36 -171 234 -147 -107 86 -245 -47 13 17 -205 -160 32 -48 195 -177 50 -88 -246 -173 -131 101 65 108 -106 141 96 106 52 -16 118 -8 -224 244 191 100 -63 208 129 226 196 -34 -83 135 70 -46 10 -112 
TEST 39 ARG:82 -243 105 -223 -61 234 -209 -145 -170 -76 -222 -195 -112 -180 -115 -132 -97 0 98 53 -110 69 -6 -238 141 123 47 19 56 -51 29 -127 65 -89 1 -82 106 -65 -139 -19 -134 -38 -248 158 216 -73 -18 -95 246 -154 39 -96 110 -140 -119 115 73 165 33 244 128 -111 32 -128 161 169 93 38 200 227 219 -107 37 -10 182 -67 -59 86 -188 -106 83 247 68 242 80 -203 51 -177 172 -144 230 79 84 188 -50 6 -30 23 -159 -83 -212 -226 -47 -26 -179 90 -147 -208 -49 -109 24 76 -24 -157 -186 -156 122 -55 222 135 44 43 157 191 195 202 209 114 95 232 -230 -173 214 -138 245 124 117 -32 229 148 -171 -229 12 34 -42 174 196 -220 -197 243 72 -164 -9 -40 248 89 -78 -68 -249 -39 -239 -189 71 18 178 137 -231 194 129 78 -91 -74 -169 149 -196 -34 54 160 154 111 -66 -44 -12 -155 -153 168 150 -181 -118 -191 7 -232 -101 -46 -213 -183 -151 -8 179 226 145 -123 215 173 -142 16 221 70 87 -143 -80 -148 21 -168 -175 -85 210 164 -122 35 -45 181 -29 198 -207 58 125 36 147 134 -99 -36 85 -158 153 -86 228 -117 11 113 186 -200 197 -234 -245 120 -63 224 -43 -77 108 8 -17 104 41 9 -215 193 204 -184 100 167 -69 -221 -100 -81 146 -240 235 -237 213 -93 -4 31 25 166 40 -116 201 -22 -202 -205 175 -236 -166 59 45 -185 -146 -214 236 -103 130 -56 156 -224 -87 -54 -161 15 3 -242 192 116 190 52 -20 -160 -204 -120 -225 -150 14 -137 -23 -27 -216 -5 101 133 -98 -14 218 -129 75 -246 -3 139 102 92 159 144 -70 -233 -35 231 30 -25 -113 206 140 112 -174 -178 -11 -53 17 -165 50 189 46 -131 28 -244 -235 -133 223 91 -28 233 131 118 -227 184 152 -57 176 -247 -201 211 74 -114 -124 -187 -218 -163 138 107 180 10 155 -84 207 -75 26 -141 208 183 -219 -152 132 151 -71 -192 5 -182 -130 77 -48 127 -21 66 22 -172 -90 -64 126 -228 57 249 -211 42 99 239 13 162 -88 109 238 55 4 241 220 225 20 142 -167 64 -121 -104 185 -16 -60 203 -41 -13 187 97 -250 -37 49 -7 -162 -136 61 -1 212 88 -105 121 -15 136 170 -58 237 94 -92 -33 -190 60 103 -241 143 -194 62 -176 -102 -149 -31 177 -94 217 -72 -199 -135 -125 27 171 -206 -79 -2 205 63 163 -198 2 -126 48 -193 240 119 -108 81 -210 -217 199 -52 -62 96 67 
TEST 40 ARG:147 154 -29 57 -144 -74 3 28 241 153 -244 110 -75 -197 -246 -235 100 -38 157 -22 77 -103 26 66 217 -82 -27 -40 24 -101 -185 -134 -136 143 148 176 49 33 -46 22 197 56 -142 -227 122 216 -98 -180 -229 -41 45 136 -177 -17 220 -9 121 -239 99 -209 -201 -43 70 81 106 -14 -32 127 227 -200 144 -58 116 175 -213 -226 -72 -198 30 178 17 42 -233 60 138 -155 -152 187 164 196 -19 -138 65 58 -90 194 109 182 -238 -212 -187 -135 -218 171 -88 140 -31 46 -203 -150 18 -16 224 151 61 193 -139 137 -99 -36 41 -163 214 -68 -249 240 -223 150 221 -176 -228 37 149 -119 -64 -73 98 135 -113 -44 -193 7 -86 134 -220 117 82 -156 130 -53 -122 126 152 -7 -154 169 207 90 36 85 -128 -148 -137 190 -21 101 -127 -107 119 -221 -178 -55 -250 131 -35 188 -182 -196 181 232 53 -118 25 -33 168 83 -39 -70 51 114 -215 183 15 185 115 -204 -12 29 -130 -179 189 31 -87 21 48 71 4 162 91 11 104 160 -57 1 94 230 -59 -219 -5 -3 -25 -186 167 -45 -96 -124 -146 199 -93 -84 79 69 112 55 64 92 201 68 -47 -164 211 229 158 -94 52 -232 -131 -216 186 -194 -140 -170 107 34 44 -242 20 -126 -210 174 93 -28 54 -10 215 156 -162 225 129 -120 128 124 123 -125 -147 -143 -49 247 -85 -211 -117 5 -241 -121 88 0 -189 205 132 228 249 -243 -23 125 226 238 -240 -30 -24 -114 161 59 8 -247 204 203 -109 -188 -11 -192 236 -51 -174 -183 -161 108 -56 63 -237 -91 -169 -61 14 -145 177 184 23 -133 -52 -214 -245 -116 -89 -151 75 78 -167 10 84 -217 67 -13 -208 16 -4 -79 -34 239 86 208 -248 246 -231 237 155 -230 -77 231 105 -175 -20 219 27 -160 103 47 74 -69 233 159 -80 73 213 -207 -236 -37 32 95 -171 -67 244 234 -100 80 179 -111 -104 -199 -190 200 242 245 -202 -83 35 -65 165 76 -191 172 -63 -195 96 -165 195 -78 -112 -42 -225 6 209 72 -166 -173 -153 97 -97 -15 19 43 13 -71 -50 206 -26 -184 141 210 248 -141 223 -108 -115 -158 120 -224 -129 -234 -168 166 9 62 38 -60 -1 198 89 -110 50 173 202 -123 -95 -81 133 87 -181 -8 102 2 -157 -92 -6 118 192 -106 -172 243 235 142 139 218 -102 163 111 -66 -2 170 12 180 -62 -205 113 -206 -76 222 -132 -54 -48 39 -159 146 -18 40 145 191 -222 -105 212 -149 
TEST 41 ARG:48 -128 -190 -106 -185 181 103 184 85 -178 -108 198 -137 148 -168 143 220 -15 155 89 -165 -164 4 74 -19 187 94 -201 -231 -233 118 42 43 229 -171 -176 -89 -230 216 215 188 151 -187 196 165 69 -207 17 227 176 25 209 166 -212 246 241 -111 -167 -141 214 185 -113 84 -223 130 189 142 32 -236 109 -70 52 -11 239 233 126 -35 -140 80 -14 169 217 249 203 247 154 -81 -211 34 81 -222 -232 51 -95 -52 -215 -68 111 -132 248 91 153 134 -79 211 -98 -170 236 -104 -46 -18 -184 -133 128 -105 -94 115 242 -202 -56 -64 22 98 13 113 -53 -155 -157 -224 70 -16 -116 -159 -50 -72 193 -55 207 -124 -25 170 -183 46 164 -173 -114 163 174 -209 230 141 -3 -194 -122 -119 -195 54 -180 59 -115 -219 47 -166 -91 49 139 226 7 -245 30 110 -214 129 -117 -145 68 195 -121 -220 -127 -80 -48 6 16 -21 197 144 -84 -218 33 -125 -97 -146 -8 15 2 106 -205 156 107 125 -148 -110 -73 116 -93 -85 -186 186 -192 -5 199 -147 41 -36 92 -143 -20 64 173 243 213 73 218 -249 3 -107 61 -37 11 100 121 99 -198 -158 179 1 237 -228 -153 -242 -4 205 -87 -12 95 55 -160 -103 206 20 -191 -135 -210 114 12 26 19 -71 56 -82 -100 149 75 -216 -161 40 235 171 -7 -47 50 -118 152 133 -45 -136 120 71 232 8 -244 -250 225 -2 -240 -41 -109 82 -238 124 78 190 -217 -162 140 23 31 178 66 -101 122 21 -1 201 -226 9 62 -227 222 14 96 -129 -144 -24 -54 -193 175 -246 88 244 -139 -63 158 146 37 -31 160 245 -76 86 240 234 -102 -61 -86 -78 -152 53 -51 -241 -65 -33 -237 -151 -66 -42 136 -172 119 -203 -123 -29 -60 -134 -138 -199 -189 131 27 -239 102 83 -243 38 -39 117 67 238 -235 -200 108 35 104 65 63 -221 -213 72 -32 177 167 138 228 -208 -30 -99 28 -34 150 -77 87 231 172 -169 123 -92 -163 168 -90 58 -57 45 221 -40 76 60 191 112 145 -150 161 -44 224 -88 -149 5 -75 79 -225 -49 90 192 147 -17 29 -96 -13 -234 -27 157 -188 -22 36 -59 -247 -43 -28 137 -204 -62 -10 -196 44 -181 18 -120 0 194 101 182 -58 -130 -74 200 -67 162 -112 -197 -38 -69 202 210 127 212 132 -126 39 77 -248 -179 208 -23 10 219 -142 24 -206 183 -131 -182 223 204 -177 135 -156 -6 159 105 93 -154 -175 -26 57 -9 -229 -174 -83 97 180 
TEST 42 ARG:190 65 -188 -40 -192 -225 17 59 249 111 -167 203 125 213 158 -183 -157 118 -127 -74 -132 -137 -208 -92 46 66 41 55 52 86 -243 16 -38 245 -112 -238 209 -56 -153 227 -37 -169 33 -242 60 246 -197 -31 -186 -62 -246 116 162 -171 -110 -158 -250 151 13 85 -206 -101 31 105 163 103 205 36 233 -237 197 133 -118 -214 96 -27 -187 -109 7 -170 -33 143 206 215 -93 -180 -231 24 160 148 -91 -193 -21 -212 184 216 -71 29 78 5 -97 225 1 26 56 -216 123 202 -162 -51 -55 188 88 229 -233 248 144 -115 -145 198 -44 -223 222 134 173 -160 113 -103 -209 247 -224 142 -181 -100 -129 75 -36 -213 175 -125 21 179 92 -140 -113 -13 -64 64 42 -95 -222 239 -94 69 -219 172 -39 40 -68 243 -236 -17 170 -79 219 -24 -19 135 -5 195 80 39 37 89 240 -53 58 122 -199 159 72 221 -245 -232 -14 97 -210 -178 82 -174 44 -161 -204 147 -77 -141 181 176 182 217 61 164 185 53 230 63 -57 -4 -135 -59 -65 -20 62 -76 129 136 -179 -176 -98 161 -9 -175 -123 0 150 -54 94 -248 -166 -18 -198 193 -136 -7 27 -69 200 114 106 43 112 28 -139 67 241 -119 107 -164 -130 76 -96 -148 -84 153 12 -78 -116 -121 -247 124 242 -35 152 -99 -72 -159 -52 210 -104 -47 -177 90 34 79 -163 14 238 157 171 228 6 2 71 214 -111 93 -42 -244 220 -12 -45 -50 -239 -203 -90 -60 -106 95 -49 183 35 -220 -11 140 -22 196 3 -67 -200 -215 -108 -107 168 -156 -2 -26 20 -230 -185 208 -217 -48 -120 15 232 -86 186 156 -235 -88 235 -73 -83 77 -202 234 68 51 128 74 -218 -207 231 -234 -138 50 -195 -30 191 10 -227 138 -58 -226 141 -80 99 -211 212 178 -152 110 117 -196 -221 57 -1 100 38 127 204 -184 48 -154 109 45 -190 -134 70 -89 199 226 -143 -149 126 149 -66 180 -126 98 -201 11 224 187 -241 -147 22 23 -133 -15 146 211 -131 -32 -46 84 -29 -189 115 223 -10 -114 177 169 -151 73 207 139 102 154 -6 -205 120 101 18 145 131 -165 -168 47 -229 91 132 -142 218 -102 104 -173 -70 -117 -3 108 -105 30 -124 25 155 244 -43 194 4 -228 -25 -249 81 165 236 189 130 -34 121 -87 -172 -23 -61 54 -41 9 119 -240 174 166 83 -16 -146 237 -144 -191 -81 19 201 -82 -194 -150 -85 -128 -182 192 32 -28 -122 -63 49 137 167 -155 -8 -75 87 8 
TEST 43 ARG:-136 159 75 0 189 -63 -2 -141 136 -234 87 46 -212 -77 57 -14 -160 74 218 -81 72 -97 109 -213 174 -209 -90 -58 9 24 133 224 188 -37 4 106 8 -246 -44 212 221 227 97 37 -219 -50 -137 -161 101 206 215 -175 -229 -30 129 11 241 -221 226 -167 80 -153 155 177 -189 -18 -54 -12 186 -64 -237 180 199 70 144 18 214 10 228 27 163 232 -227 -135 -198 -56 50 247 -102 207 102 69 -47 131 165 -89 -82 167 -190 -24 41 35 244 61 92 78 -197 168 -138 -164 -13 -62 -9 -134 -171 51 26 103 138 5 2 -101 108 -94 40 52 -25 110 198 222 14 77 -122 65 -11 -142 -152 -95 13 56 -205 -150 42 166 84 -186 170 -139 -104 -87 -34 -232 55 104 130 150 114 158 -20 184 -59 223 -42 -118 230 -80 -36 -210 -239 -106 164 -147 -220 -158 -185 36 73 231 -71 -183 15 -204 -182 243 156 -196 -191 -172 -233 208 -76 -107 -49 105 192 178 6 66 115 68 90 246 -111 96 -162 60 116 -215 16 -21 -155 196 3 -65 -179 39 -184 117 197 17 -45 -74 -235 141 -243 -163 173 -249 99 -170 127 -194 -17 191 -27 83 45 -156 -5 143 82 -244 -98 -40 -248 -125 -112 49 153 31 67 148 -154 -148 -132 -192 79 -207 201 25 -157 -41 -46 100 33 249 -217 -173 -146 162 -8 112 -29 -131 209 -31 172 28 -124 210 216 242 91 -119 -51 -91 203 -73 -208 -223 64 161 -114 -78 146 -247 -127 -200 23 95 -88 -242 -19 -231 140 -32 21 -211 -177 126 211 -187 -92 -26 -214 113 -16 22 125 182 176 59 -236 -225 54 -52 -39 -33 -133 -201 -61 88 187 -86 -228 123 30 -117 142 -168 -240 89 -48 -116 111 225 -188 233 134 -93 -23 -3 -1 245 -130 238 -180 -68 -85 175 85 119 -6 152 -43 169 43 -143 71 -199 213 -100 181 -10 200 240 135 194 205 -218 -115 -241 -238 62 81 149 -84 44 -67 -70 -53 234 -120 -7 179 -96 53 -22 -128 -66 -165 -129 171 -60 220 -250 -203 157 147 1 -224 -159 -166 -35 -108 -4 -110 -230 -105 204 -28 98 219 -55 -181 154 145 151 12 -69 -103 118 107 -123 190 183 121 237 -149 20 58 -169 195 7 160 120 -174 248 236 48 -99 -216 38 -15 -57 -206 86 -126 202 -176 32 29 -145 -226 132 185 -83 137 -75 139 19 -140 -193 229 34 122 124 193 76 93 239 235 -151 -245 -178 -121 128 -72 94 63 217 -195 -144 -202 -109 -79 -222 -113 47 -38 
TEST 44 ARG:1 163 -104 -217 -18 -24 -100 -23 175 176 -172 41 10 0 -142 75 29 121 -143 183 -188 -60 158 208 -183 -78 249 9 180 -229 -214 26 149 -130 125 134 192 217 212 -151 -50 237 -93 49 -3 199 -165 46 -245 11 -11 202 164 -88 -158 99 220 -169 -79 207 -187 -211 -7 -180 68 -119 -80 131 145 -81 -77 -41 -189 -127 152 219 20 -134 -65 -74 -56 242 -131 -20 -191 -177 -32 210 54 63 -162 -103 -200 97 246 -63 201 185 223 105 -167 -122 -71 -58 -145 -226 59 -236 191 141 144 96 -185 -198 -36 70 -33 195 104 57 184 -16 -140 -147 80 -150 228 -39 -149 -166 162 153 -75 122 -38 -110 73 -228 -97 -141 -164 240 -86 -174 -10 -57 -68 225 243 91 -46 -153 230 -21 -52 209 -37 -106 -96 229 35 171 -102 160 190 116 197 -48 72 -210 -28 236 224 120 95 -12 -129 85 119 -161 -90 127 169 83 188 177 55 94 4 50 -216 111 214 47 -233 203 231 74 221 53 -220 102 161 89 -241 204 7 -115 -1 167 -69 27 62 86 -9 19 82 -84 -54 -44 227 -247 -92 -4 -227 -73 205 42 189 -76 216 -27 44 222 39 -121 -219 -237 38 107 173 234 17 -53 18 -70 100 77 -109 165 76 -101 -19 172 -25 -238 114 14 -114 -40 136 226 56 200 -5 -120 -203 -61 -144 215 247 151 -154 166 -223 132 -26 45 -87 -240 -29 239 81 -197 -225 -242 40 -248 248 52 -13 -126 -132 -14 32 -118 16 -168 -45 34 90 8 24 -107 -55 -205 36 87 -195 123 -51 -30 178 -246 78 196 2 159 -181 -113 -215 106 98 3 43 241 21 -133 37 -194 -116 -207 140 130 156 58 -49 69 -208 25 235 6 -232 213 -42 31 -171 -235 -94 -35 -212 -231 -34 -239 233 142 -184 110 -243 139 -138 186 -136 -244 30 193 135 126 232 -218 -112 60 -98 5 28 -175 -163 -173 66 -186 -6 147 -83 65 244 181 143 -190 -222 238 148 101 -43 138 -17 124 206 -193 51 -85 218 -146 -124 -47 150 61 -91 92 -170 133 194 -155 -125 -123 -148 -156 12 22 33 -117 112 137 -89 182 170 13 -59 -182 -206 -8 88 115 -128 113 157 -213 187 -209 -230 146 128 -178 -72 -99 174 -179 118 -15 -22 -196 -62 -64 48 -137 -82 155 71 -234 -199 -152 -95 -221 84 -160 -204 -157 67 117 -111 -139 129 15 64 168 109 108 -108 179 -201 -67 211 198 -192 -250 -176 93 -249 -105 79 -31 154 -135 103 -66 -159 -202 -224 -2 245 23 
TEST 45 ARG:-62 -3 126 -121 42 239 -192 110 230 -221 -167 -39 188 195 63 -107 -113 24 124 -20 106 116 11 -236 -154 -144 -176 -233 -19 -229 -146 125 0 -240 217 80 73 -43 -199 87 -26 22 -165 -153 119 75 -142 81 -127 -67 14 37 -185 36 -118 109 -17 -173 103 -83 185 179 107 72 95 -44 39 21 -155 3 -46 -224 -31 -56 27 112 -250 215 164 86 -202 105 -189 228 77 113 -136 -23 -40 70 190 -91 -201 -129 -157 -159 166 -8 -151 181 -27 -169 175 -53 -177 -195 60 -191 184 -74 -72 53 -66 162 -190 182 17 66 154 -50 -81 186 -48 -65 -125 -180 221 226 212 -90 45 28 34 -181 82 -6 152 69 -184 -149 248 -57 193 -110 225 -30 206 208 196 245 183 -148 -117 151 135 197 78 172 56 147 43 -9 -104 216 242 13 191 -37 29 132 -58 79 -183 -29 -150 -137 -213 -102 10 -162 6 -247 85 -52 101 -21 -182 -1 55 65 203 -140 130 -218 -28 99 213 -64 160 -194 -166 -238 -106 218 -138 165 -170 -143 93 -152 -71 -103 59 -13 -120 57 138 121 241 -78 211 -10 214 -55 -109 -141 -116 150 148 200 159 -35 199 209 88 71 -93 -95 223 104 -175 -139 -16 244 83 -128 54 122 123 16 -145 102 30 -14 -249 38 171 246 2 -232 142 249 -68 15 -216 -87 139 -80 -49 -85 -122 -33 -38 -168 48 -75 -63 170 52 173 231 -114 -59 146 -111 -130 -61 -207 100 47 134 -186 -217 -231 -100 4 64 -86 -214 204 127 189 178 -178 -42 -112 237 163 35 -84 156 -47 7 -158 23 -24 -132 -204 68 -219 168 91 -228 235 -45 202 33 -198 136 -5 -79 192 -73 -51 -133 -124 -243 76 -126 224 -245 -7 -226 -98 -193 89 180 32 220 -160 62 169 -22 161 74 -188 -54 205 -212 120 -89 198 -223 167 -82 1 -234 20 247 -88 -101 -92 51 -163 -225 219 -15 -235 -172 -134 -131 -115 -76 -187 67 238 26 -4 115 243 187 -69 -96 222 176 -220 -34 -215 -18 -237 5 -105 -244 -242 -161 -174 40 233 58 118 -70 -97 -196 -248 -203 98 227 140 50 31 143 96 -12 -205 -156 -164 -123 -222 -211 114 -36 -135 -246 -119 177 157 -239 117 210 131 -241 92 174 108 -94 61 94 -209 -11 49 97 -60 128 232 -171 194 41 90 137 -108 12 84 -210 -41 155 25 149 141 201 19 144 -179 153 44 -197 236 158 129 133 -77 8 -32 229 -200 -227 111 -230 -25 -99 46 145 240 -2 -206 -147 234 -208 18 207 9 
TEST 46 ARG:-141 -39 -179 -29 -211 -180 96 -25 -105 176 247 217 -4 46 -132 230 225 -71 -133 35 233 -206 11 220 236 38 -41 76 -230 -145 21 99 -139 154 -111 58 168 -147 161 239 2 -42 -89 27 107 117 -59 -113 144 141 -205 5 -189 -154 -83 -214 226 232 -101 3 51 -226 114 54 -82 -87 -171 -239 -163 187 108 -33 -63 -245 -55 49 94 178 -52 -234 -177 241 61 -191 1 195 171 -224 -67 218 -15 163 246 -125 -20 86 -140 112 -136 -238 -209 -192 44 18 198 14 -16 -84 65 -95 249 74 33 -227 110 216 84 147 -17 -173 -8 47 190 -97 -178 23 -72 -100 -207 -119 -217 235 -166 231 177 162 -77 -167 221 106 -194 10 -115 172 -172 66 -131 -215 170 77 -208 -186 -161 -48 41 175 189 243 78 -94 -45 -114 69 72 -148 105 -7 -249 128 120 116 6 97 -193 165 -88 196 126 -204 -231 -98 -68 240 -99 -19 -203 174 -78 43 125 159 -79 173 8 -58 53 -144 -223 -109 102 -196 -242 204 223 -213 130 -10 -43 160 -34 200 -200 87 207 -14 85 183 -13 60 151 134 -31 212 -146 -3 132 -85 -235 67 135 113 -106 -86 169 222 22 68 63 -158 13 -241 75 -11 42 -170 -237 -93 -155 -96 57 -62 127 -40 -199 109 -250 -210 25 -134 -181 137 -216 83 -23 -6 219 92 -153 153 -26 -120 129 -138 -225 -28 -91 9 -65 40 -218 -188 -243 186 228 -74 -108 -36 139 -110 88 -247 156 -80 -220 140 193 71 -126 -70 146 -118 101 -176 164 -221 -44 -102 -190 -195 -164 -12 100 -122 -184 24 -233 118 -219 15 234 -37 124 -232 157 -160 229 0 -162 -50 209 111 64 82 -129 30 179 -2 -117 29 -76 158 -222 245 98 31 73 -150 155 197 28 56 -130 7 -185 224 17 188 -143 150 -151 122 211 -81 34 -64 167 145 -128 -27 206 70 91 -228 -22 -24 -201 -21 -124 -212 -46 -57 16 133 -51 -246 93 -137 202 194 185 80 203 192 166 -175 -56 52 -69 36 -149 -187 -35 20 79 -159 191 -9 -236 -92 89 149 -182 -49 184 210 -156 19 104 95 -32 237 148 -104 -54 -240 131 -103 4 -121 -90 142 62 119 180 115 121 227 12 26 181 55 -18 -168 -123 32 208 90 -38 199 213 -183 143 48 136 248 182 45 -157 238 -75 -169 123 -116 205 -165 -53 -127 81 214 -66 244 138 -30 -197 -248 -5 152 103 -112 37 -142 201 -73 -198 39 -107 -152 215 -229 -174 -47 59 -1 -60 50 -202 -135 -244 242 -61 
TEST 47 ARG:-120 50 -34 130 21 48 -166 -247 -138 204 20 81 -98 75 202 155 169 -99 223 45 -185 -32 10 96 227 154 -38 73 -239 -234 156 -8 -35 176 -52 -111 -230 -56 -226 -242 -41 92 -194 -147 -180 -94 -204 85 102 119 178 -174 177 -124 66 163 83 -221 -195 77 228 42 101 120 145 -105 -68 -46 76 -14 -53 -54 -23 24 -171 -222 216 133 -18 -43 62 -126 -109 139 196 189 22 103 38 -225 99 -115 -48 239 209 -208 245 171 115 162 27 248 -158 -231 -136 -6 -206 58 -157 124 -170 240 219 -24 34 104 -167 107 -69 -244 -224 -16 234 -236 -12 170 -57 -65 121 112 -201 -58 -4 224 -64 159 79 229 111 -80 -61 0 -240 -70 -72 -86 2 -209 82 86 41 -7 84 69 -71 -31 -149 17 -229 -196 138 141 -179 -248 -19 18 -128 -227 -150 122 183 -37 207 71 151 -134 8 175 54 -215 186 153 -173 -66 116 -11 -203 -246 -97 -233 -153 63 -92 25 -141 -211 -114 -10 -219 9 80 231 -110 232 -107 -129 184 -146 -88 -3 243 -178 -21 51 241 -116 181 215 11 144 -123 67 12 -175 -62 221 -188 -142 174 -152 70 147 -15 -85 108 -159 -172 212 -137 -165 109 166 105 -1 146 -50 -177 61 -9 37 -45 -75 -90 172 180 238 28 -200 -81 26 135 -91 158 126 -133 -164 -29 142 74 179 -183 -20 -160 -218 -84 -176 -87 118 134 56 195 242 160 -249 -214 -238 -156 -154 192 98 52 190 -207 201 -27 165 -223 -168 233 148 249 214 6 -49 95 -140 16 -106 -59 152 -190 -17 -78 -60 72 100 -127 44 64 -193 -102 29 -108 -145 89 140 97 182 164 127 198 -148 -39 5 -5 -74 143 23 -47 106 -232 -112 90 220 -89 -118 -117 -132 -33 -235 35 129 -77 226 230 247 -63 -202 150 -82 235 136 222 68 200 149 -36 -13 -121 88 19 206 15 194 185 -44 187 -93 65 4 211 91 -103 46 246 -83 168 78 -101 -163 188 210 -237 128 -119 173 167 -2 -199 -67 -143 217 87 -135 47 -245 -184 -250 -125 60 -40 -155 -197 -122 -26 3 7 205 -217 -205 1 -187 244 43 -213 193 -76 208 13 30 -22 -189 -182 123 -161 59 93 -30 -220 36 -73 225 213 -113 -169 39 31 -139 -51 49 33 203 -162 -243 -216 157 113 -42 125 191 -130 -186 -192 32 114 94 -198 -79 237 -104 132 236 -55 40 -25 137 -100 -181 -191 -95 218 -144 -228 -131 -241 199 14 -212 110 -96 197 53 55 -28 161 57 -151 117 -210 131 
TEST 48 ARG:-103 232 -198 -79 180 154 -118 -17 -77 -131 112 197 20 245 128 30 -92 224 55 159 7 121 231 161 -230 124 -98 168 -109 -157 200 31 172 28 151 247 190 132 164 -145 -54 -165 248 100 208 -127 104 98 -106 -50 152 72 -5 11 65 -221 -21 -125 -224 93 -66 169 88 -140 38 135 109 150 -209 -213 91 183 -119 244 -63 -10 209 17 -192 -163 -44 -94 204 -223 -22 156 -1 -203 -12 -197 -93 -178 -217 70 170 -29 -84 -34 -53 -161 96 -247 -233 234 -138 95 -226 -116 -31 -136 -23 -187 74 -207 158 138 -220 -225 141 60 193 235 -150 62 241 145 -6 -115 243 123 75 -168 86 -37 -49 178 -200 56 -105 113 166 -180 15 -184 -96 -205 77 -246 105 102 140 207 -228 229 -206 203 -16 167 122 12 -159 -117 49 127 -80 73 -164 -148 -57 -196 -218 -81 143 -38 94 80 131 -19 -170 -107 -234 -58 130 -166 103 133 -114 -97 117 -122 -241 81 189 -141 -45 120 -132 160 83 -55 174 188 -2 -249 -25 67 97 33 -65 -147 -11 242 -231 227 -238 162 14 -75 -182 9 -133 216 223 82 -126 -99 198 -13 40 22 219 246 -69 -144 76 50 44 71 -248 10 111 144 -156 68 -100 -124 134 -113 -30 -162 85 0 -250 61 206 237 -135 -102 218 -214 78 -70 -216 99 -173 225 -59 79 -183 -208 -201 192 173 -137 -61 114 -167 47 210 101 136 -62 59 -172 222 -153 -239 19 13 211 118 108 -35 18 199 -110 -160 -154 64 -185 -89 126 -222 -39 -18 -155 -86 233 54 52 226 205 137 196 37 -130 -9 23 -142 -243 1 -71 195 -169 -189 -15 177 66 48 157 -90 155 -47 110 57 181 84 239 -3 -210 6 217 -151 -211 -83 -8 106 -191 -73 -134 21 -56 -149 -14 -27 -232 -143 43 -88 -36 35 249 -202 8 125 142 194 4 -33 -111 236 24 238 69 -245 139 213 -52 -60 -146 -72 -32 -229 -195 191 -95 53 39 230 -108 116 90 -20 25 -101 -48 -242 -121 -87 -186 -194 29 -76 175 147 107 184 -82 179 -26 -237 -74 32 -219 63 89 -193 42 -179 215 92 -104 -128 -204 186 -199 -176 212 185 -43 220 240 -7 119 -227 153 45 58 -235 -236 -139 149 34 -215 -174 187 214 148 41 163 -244 -91 -85 165 -177 146 -190 87 -112 -40 182 -158 3 -64 -67 228 201 -42 176 -129 26 -240 -171 -181 36 -4 221 202 -212 -28 -68 -123 2 -46 -78 51 -51 16 5 -24 46 27 -188 -152 -120 129 171 -175 115 -41 
TEST 49 ARG:79 219 -21 -180 -197 98 -178 24 202 40 62 144 -71 4 148 100 29 -41 227 189 -90 -23 49 221 64 -215 30 -57 -128 -162 137 -198 -131 229 97 -134 -56 -231 154 -181 -221 37 158 -236 -82 120 194 -176 166 -94 -102 -230 -83 -62 197 -223 143 -93 13 139 -45 160 176 -238 58 -173 245 15 -189 -155 232 31 177 -105 -12 89 102 -46 55 -84 86 77 67 -17 -8 -193 -61 -68 -88 -136 -183 114 -199 10 247 234 -145 -60 42 33 11 -65 220 231 -111 188 -179 212 76 186 99 57 -38 151 20 -172 -89 -190 -52 28 -3 95 -240 190 -222 -214 105 83 -113 22 -16 161 -80 85 -15 26 72 185 -154 157 23 16 224 -6 69 131 -35 -36 -216 -165 -20 -72 -237 -184 123 147 92 -29 169 -25 -156 -85 -27 248 -95 104 -201 241 -120 -127 140 -67 8 -64 -166 -79 53 39 81 -42 152 -141 249 -106 -100 -74 88 238 -211 -125 65 -63 52 216 -26 214 -170 -44 -191 173 38 48 187 -192 129 -18 66 -241 108 -161 -234 -116 -160 149 -7 -24 201 246 -213 -112 -114 -150 87 -54 80 -228 117 153 235 128 242 -182 -75 -232 109 -153 91 7 181 -101 -39 -244 218 -224 -138 -174 -245 68 -97 125 3 116 233 -219 199 -119 -49 171 -202 63 -31 -103 74 75 155 -126 226 184 182 -243 -22 -123 -144 217 -133 -81 -13 122 -129 -130 145 237 141 167 21 -158 -110 -168 134 -124 119 191 107 27 112 51 -53 204 93 159 -217 -207 46 208 -209 -76 180 -204 -242 -104 -142 70 207 36 -59 -249 12 162 -147 126 228 -229 43 -233 130 -108 178 -212 244 47 196 -246 25 -9 61 -122 142 54 163 193 127 -200 -30 175 -140 174 203 172 -58 121 44 -185 211 -118 -195 71 138 -149 -135 -66 41 17 124 -164 5 225 103 240 34 239 115 -250 192 198 84 205 -210 101 -40 -86 236 -87 -69 -98 -33 -205 223 -96 209 -194 -43 19 -239 164 -107 179 18 -51 -132 -248 59 -196 183 -1 136 -175 -186 -163 2 -218 -32 -11 -247 -220 60 -169 -227 9 -225 1 82 -115 -91 -121 -37 -99 -139 111 -171 -5 -92 0 -2 133 118 56 215 45 -146 243 -19 -34 -55 35 -10 -208 106 -77 -159 -143 210 -226 -117 50 -151 -167 135 -47 206 -14 -137 -4 170 -48 165 -177 96 222 94 168 -28 -78 113 230 90 110 -157 -203 -188 132 195 -187 6 -152 150 14 -109 -235 -50 200 -73 73 32 213 -206 -70 -148 78 156 146 
TEST 50 ARG:230 79 50 -54 48 42 -227 -238 -17 -16 -19 -48 -125 160 -200 -167 -112 -208 89 -192 -83 -85 137 -40 -23 52 127 -63 82 119 -74 78 -26 219 44 -218 157 57 -123 -158 173 217 195 134 -181 -77 -190 -133 -222 -212 164 120 -129 145 -68 118 -69 115 158 -193 -176 -67 -132 -7 -210 197 -204 88 125 -108 -161 231 -224 9 -18 -153 66 -148 -46 223 64 165 94 218 -141 199 -80 73 87 90 77 206 -13 2 95 99 47 152 -169 -179 168 224 -147 -246 -142 -235 -107 -201 189 112 -233 7 147 -139 -11 -118 -33 150 -53 -31 -213 10 55 -145 -243 116 -4 -137 -41 -164 141 -61 138 222 -207 -51 180 227 183 -247 -231 -94 124 -110 -50 103 85 -151 236 -143 39 -27 37 -117 62 232 214 30 -122 234 129 -43 -171 163 -82 -202 -230 -15 154 -114 196 81 104 209 -57 53 178 -189 -134 -113 -10 -120 -165 -75 172 205 -245 -138 -115 -237 -170 233 -101 211 177 -135 12 -100 -236 136 175 -209 71 -248 123 11 -30 83 182 -180 -244 239 215 65 -159 80 -73 0 130 122 166 -206 22 33 -95 -71 167 174 220 -232 -103 -62 161 6 -185 -88 139 -45 -6 -146 -121 -65 -32 -38 92 -149 -172 43 -154 13 198 -93 97 131 -198 225 -99 -130 128 3 -191 -47 -155 4 -42 121 58 98 126 -9 49 -150 69 -250 91 35 -228 70 -174 18 247 -177 -102 -229 -217 142 170 -39 -104 -44 -211 226 242 100 21 -119 -168 -182 56 102 -66 -178 14 228 84 105 -131 -78 41 -70 -60 -173 -25 213 -59 249 -116 238 -214 -35 -241 -127 67 29 185 -37 221 190 23 246 -144 -56 132 169 243 -20 -111 76 -226 -239 -124 -1 -12 -186 -36 162 109 -14 26 -199 -52 -5 68 5 -166 204 186 -220 -188 15 19 159 25 117 237 -163 -106 113 51 181 46 153 135 155 27 146 -136 176 -152 60 -28 -197 -160 -105 114 191 16 -140 93 192 -72 -249 229 -8 1 59 86 20 -242 75 -55 101 -92 -225 -87 107 -96 -216 110 -84 -97 31 -184 -215 -183 108 -98 38 -205 40 -76 140 -79 188 -24 200 -221 -64 207 149 -3 -195 -58 194 208 -157 210 171 216 133 34 202 245 -187 184 -194 74 54 -223 -196 -89 17 203 -86 -234 111 -162 -175 187 -49 -240 240 -219 28 -81 -2 24 148 248 45 72 32 63 212 96 -22 201 151 -29 179 106 235 -91 -34 -203 156 143 193 -109 61 144 244 -126 -90 241 36 8 -128 -156 -21 
TEST 51 ARG:197 200 -141 127 110 -51 -180 52 77 111 -247 -110 -6 -158 195 -187 -144 -109 -13 16 186 -132 -143 -182 -59 -190 -199 -41 96 116 193 -120 24 246 149 -11 -169 -128 -105 221 -104 -204 157 -96 -133 -97 238 76 -23 223 -150 161 -207 -242 152 -71 -200 -191 -30 -122 -28 71 -237 -31 -154 124 -235 227 203 175 -234 164 163 -160 59 142 -127 -239 235 30 -185 56 49 155 -20 -79 213 -73 240 -38 41 -121 -192 -250 140 167 -153 82 90 -113 -9 172 125 28 231 182 -88 -72 -139 94 103 -138 232 -167 -197 -47 79 -29 -66 -2 -137 -37 9 104 3 106 -240 -93 -216 154 176 217 107 69 50 148 134 -177 -43 2 144 208 -136 -22 -74 120 160 74 -117 113 46 -246 -217 -170 -86 -1 -84 191 100 -226 135 99 244 -40 -244 -4 62 -161 40 17 72 -42 -65 -68 67 87 31 -100 139 -62 97 207 80 130 75 214 -107 -218 138 -70 27 58 226 -248 -77 47 -36 -220 -26 -249 -49 -221 -98 83 -61 -64 183 105 -148 -99 -166 -119 -208 -112 218 150 -63 32 10 -245 -151 -75 -157 115 177 -32 -222 202 128 -228 -115 -56 -57 -183 102 -8 -92 168 -39 146 -135 147 34 -15 249 -67 174 -118 -174 -102 237 -224 54 205 37 92 -225 114 -55 -219 122 219 243 -196 -162 204 -173 109 -82 57 -95 188 185 -35 201 216 -3 162 230 -130 42 -184 132 -89 242 -227 -178 -164 -201 33 -152 -33 70 169 -131 -214 -205 -46 88 -21 -34 29 -195 179 86 233 190 143 26 234 -156 209 -52 -215 239 158 -123 -19 -233 14 -83 7 -189 -149 -241 -12 6 25 -229 43 -94 181 -58 4 51 101 85 156 91 117 -54 166 -80 18 196 -146 119 63 108 -159 -108 -212 165 35 -163 184 55 1 131 228 -203 15 129 -103 61 -179 -209 65 199 19 222 -116 81 206 -76 192 -223 13 21 -91 153 -114 211 112 121 -10 -16 136 -202 -231 -210 178 -17 68 98 -90 -145 -193 66 189 23 -134 -172 241 -142 0 -211 141 -129 137 -87 225 -232 -198 -155 8 36 39 -50 118 -188 -124 64 245 20 89 -176 60 -5 45 -230 248 220 215 12 247 44 187 123 -111 194 133 48 -53 -238 11 -213 84 210 -186 -171 78 171 -7 73 -44 -69 -25 -106 159 -85 224 -27 -165 145 -125 -45 -175 -194 -18 38 -147 212 53 126 93 -24 -168 -81 173 -236 170 -243 -48 198 236 -101 22 -60 95 151 -126 -78 5 229 180 -140 -181 -14 -206 
TEST 52 ARG:165 87 249 -36 -144 28 12 4 200 -250 173 -154 -230 143 158 -34 151 -96 202 -248 -211 102 89 -86 91 -244 -175 -67 9 -181 -92 99 -129 -206 135 227 229 -196 140 -83 193 75 3 -117 -202 34 111 2 -227 231 246 13 -41 -125 77 145 -222 228 -25 -30 79 10 112 184 94 -143 -131 -114 245 132 247 -57 -33 -19 241 212 -130 172 -82 -218 113 154 -113 -243 -245 -167 -233 186 155 156 -179 59 211 -146 -209 -215 159 -14 -10 168 -162 -190 36 -160 -23 -173 196 85 146 -223 -182 160 121 191 -50 110 6 -111 17 178 127 51 84 -195 76 58 -208 -219 233 -142 -8 118 -20 -228 167 130 -165 -145 -15 5 223 -102 -93 -200 201 -95 -235 50 -141 134 -216 183 -90 -44 -97 218 -11 -61 208 -32 -221 -72 32 220 52 -49 126 204 40 -120 106 14 157 129 0 19 -54 -135 -107 -178 -159 -155 -1 122 192 -234 49 242 82 -74 -39 -133 141 152 -231 -91 55 -17 195 -12 31 -81 -177 73 39 203 147 -128 -197 -42 -68 234 -225 18 96 37 -4 -212 -247 27 194 35 -213 -192 -166 224 64 240 81 -94 -5 -58 -201 70 171 98 -139 108 232 -66 -88 -229 235 170 -38 180 230 38 24 92 29 -153 -2 181 -140 -161 -151 119 -238 93 63 7 30 115 133 44 72 -193 103 -78 124 -79 -188 190 -186 -45 216 114 -241 -150 -134 -24 -152 149 -189 -18 239 214 -187 -16 -157 162 -203 -26 -115 161 74 139 219 -75 -156 244 1 78 -168 90 16 137 -116 187 -99 177 -100 61 68 -62 -199 42 -137 -69 62 25 174 -63 41 33 -237 206 -35 -47 -48 189 104 188 -149 -106 236 -147 -43 -108 179 -71 128 -27 -87 117 144 217 83 -180 -56 185 -148 -98 -224 65 -204 -171 -84 -55 -163 -3 46 -110 71 -132 105 -176 -109 -174 -37 -205 226 -13 -127 138 120 -9 69 -239 -7 215 163 -122 -236 107 43 -77 198 -191 182 26 -76 -136 -210 243 -101 88 -85 -53 -80 -22 20 -249 -184 164 95 131 213 60 238 166 -185 -103 -104 175 -217 -65 8 136 248 -31 -220 -207 148 153 169 125 -73 -246 45 209 57 23 100 54 -70 -89 -40 197 210 -118 101 -29 -46 80 222 -123 -172 22 142 -240 56 67 53 -126 221 97 -52 -21 109 48 199 -112 -51 -232 -198 -59 -6 15 21 -158 225 11 207 86 -169 116 -226 -64 66 -28 -119 -105 -183 47 237 -164 -124 123 -194 -214 -138 176 205 150 -121 -170 -242 -60 
TEST 53 ARG:-98 -31 106 -18 171 149 -138 85 -122 127 -184 -177 -118 -79 -121 88 -72 -102 190 191 205 -23 221 4 -250 195 162 -93 25 197 -144 -24 -128 -16 65 -247 27 -126 -60 185 -234 -186 -49 -205 -119 -180 -167 57 223 159 108 -147 212 -236 -241 -53 153 66 33 135 67 -67 -146 210 144 100 68 196 -207 40 176 -196 -89 216 132 161 -96 18 -134 -240 -47 243 50 -65 2 -208 224 129 -153 -48 -110 -198 -142 172 -19 227 -85 -12 233 -78 119 -157 6 -35 -51 145 -203 -59 156 -173 121 -187 111 1 62 -10 -112 -7 53 -94 -73 -117 -135 -150 47 34 20 139 -210 203 232 56 -27 160 174 -86 91 -155 61 -95 114 -224 -123 140 177 -139 -226 32 -181 13 -211 -219 244 -227 -52 -32 115 -71 -43 -170 21 123 81 -195 -75 -151 -168 -17 -213 118 7 169 -237 36 101 -220 -40 164 29 179 -1 249 95 -169 229 -30 -175 -88 -115 -145 54 143 104 -238 -38 -22 -183 165 74 -163 -116 131 -185 97 -99 246 24 -154 80 -245 -129 218 -217 87 245 -131 225 -166 -246 112 242 -5 234 -63 -87 -244 198 -2 45 82 -194 17 -64 99 120 70 147 -201 35 220 107 -97 -20 124 48 76 146 -190 206 157 -174 -77 19 15 110 -9 -204 90 59 -133 -152 113 214 -103 193 238 138 154 14 -165 8 236 -54 -41 38 -230 125 -149 -100 183 -28 42 -33 -57 -39 11 202 78 116 77 -114 189 -206 -143 168 167 -130 22 -29 -216 -66 209 9 211 -199 -176 -109 122 102 86 -242 -159 -239 -223 200 37 -249 -108 -113 -6 -228 -69 -124 -218 -235 98 -82 -84 55 117 79 237 128 158 -21 -105 83 71 -127 231 163 -248 -221 31 181 30 105 64 219 207 239 -162 23 130 28 -191 -36 222 -178 -212 94 136 -90 -156 137 -62 -171 -231 175 72 58 26 12 -3 -37 213 166 -161 16 92 -148 186 187 170 -192 134 192 235 173 182 -92 241 230 -34 46 -140 -101 -200 148 -141 -45 -25 247 -232 84 51 52 -44 133 184 -14 73 -91 43 69 155 44 -42 -46 -68 89 240 -58 -8 -26 -70 204 -202 60 226 -56 10 109 -120 -61 -182 75 -111 248 -76 39 -107 -197 141 150 126 41 -164 -83 142 3 208 5 199 -4 -125 -193 228 -215 -158 194 63 -189 215 -188 188 -243 180 -172 201 49 -50 96 -106 -11 -15 -222 -132 -225 -209 -229 -179 -13 -55 -214 103 0 -80 178 -81 151 217 93 -137 -74 152 -160 -233 -104 -136 
TEST 54 ARG:147 190 -45 -192 -169 134 135 174 124 -216 63 80 102 -242 -246 2 178 -139 88 176 -29 -107 64 136 -122 148 37 13 73 146 65 -58 -140 179 -114 -117 -120 34 113 171 169 115 62 -233 -72 -210 66 -119 243 -225 27 54 163 -224 -75 33 125 -15 155 -89 -91 81 -182 -231 232 204 -84 214 94 -226 -172 85 -74 -136 130 -179 193 220 78 128 26 55 -126 35 116 181 -158 -214 -80 127 -98 -76 -130 107 -150 194 -201 -238 -239 144 229 90 -64 -115 -34 -160 -33 215 -125 -4 -205 -77 -203 -123 -102 234 239 -206 182 168 84 157 74 -217 248 165 207 187 -108 -176 131 -200 -55 -185 -59 236 -131 -10 -60 -250 -211 -177 -235 103 145 -222 61 184 -168 -38 -193 -127 -13 -197 -104 138 195 47 -79 -175 -181 -135 -204 -42 164 247 -138 23 17 -128 -110 -51 75 38 -244 82 246 3 122 -7 227 -31 210 56 159 -241 -21 -159 -101 -5 237 21 235 249 -199 218 137 96 48 -232 -143 -157 -53 57 151 -63 0 -196 108 203 92 196 109 97 51 -62 177 180 76 -9 -20 117 -149 -237 1 154 -95 30 -93 49 -106 222 -49 -35 -152 -249 244 -22 8 -1 200 -67 -146 -144 -69 -19 -86 198 212 -198 -54 118 119 -65 -190 7 25 -202 -111 53 83 -56 191 -147 24 -164 -230 114 -83 -71 -41 -227 199 72 132 -137 -81 79 14 39 -57 -96 -46 -191 -36 -243 -153 -18 -248 -161 -90 91 -236 12 -171 -87 183 213 4 120 150 41 77 -162 31 217 185 -165 152 166 -163 -61 -23 -154 -195 68 -50 -187 -220 -212 -247 230 -188 19 -180 86 -173 87 209 -14 -234 -97 106 89 -32 -213 -116 -25 -3 -48 -219 -88 105 206 192 -39 16 170 -189 -26 197 -78 173 -124 -121 -174 -94 -186 70 224 205 50 -155 100 -183 -11 71 -43 158 -221 -207 225 99 -82 -17 -100 161 223 58 -30 -8 111 5 -218 -27 142 201 -103 -113 104 140 242 -170 -194 -215 -66 221 123 -229 240 172 -129 69 143 98 233 -47 189 45 -133 36 -112 67 -141 -240 141 153 -134 101 -99 216 -37 139 208 121 10 59 60 -40 28 95 -44 -28 228 22 188 43 112 -167 44 42 -16 -70 186 238 110 -156 -2 29 46 175 -6 -109 -12 -92 162 6 -178 40 211 -245 11 126 52 -118 -151 32 167 -208 219 -68 -166 -184 -85 -24 -148 -142 226 -132 18 -73 133 93 -223 241 -209 -145 202 -52 160 -105 9 20 245 15 -228 149 129 231 156 
TEST 55 ARG:-102 188 74 96 83 -163 77 122 178 -26 235 53 64 -217 -229 -52 -118 139 -139 213 0 168 -4 -97 121 217 -65 -182 -201 158 -228 234 174 -6 -29 -240 -207 145 -49 -246 9 -146 182 -23 -148 89 16 29 11 -67 -81 215 -25 -51 43 -89 -16 95 -10 -243 -11 160 132 -31 127 233 191 115 -18 -149 97 209 31 226 67 198 -14 -64 -21 207 -155 -30 -184 70 -191 -71 146 19 144 163 224 63 -90 181 238 245 -119 229 -159 -88 -93 -199 -213 24 -38 -40 150 231 -3 -161 12 -157 110 -62 -180 -107 -150 -58 155 -113 -145 90 -69 -136 -103 -203 -116 129 247 -151 -200 -36 111 -176 55 -48 -165 81 -15 228 202 -43 92 -82 154 -47 60 117 243 -1 -98 -109 232 143 2 3 72 179 -179 30 159 32 137 142 183 161 -129 49 -124 -121 -208 204 -210 -137 98 -100 230 171 -135 173 82 -108 203 -160 -202 156 -45 -114 -106 94 134 86 -53 196 -19 -41 -85 -86 -44 -87 177 -187 -211 189 -220 34 -227 -54 -13 -218 208 -131 -234 20 69 -204 45 -193 84 48 -130 -112 -144 -27 218 35 -219 -94 190 133 140 46 -242 206 -75 -59 52 76 -177 141 -34 18 -197 166 -143 216 -156 -152 -37 214 -212 219 170 175 -96 -158 -175 -110 -74 -105 239 87 -68 -169 -189 -32 59 157 -153 -73 -126 -147 -17 -241 225 -24 -125 50 180 -239 -120 -91 -190 -198 -194 23 248 -188 -186 28 -178 148 112 -33 25 -185 -127 -12 149 -22 62 169 199 -140 -80 -138 -117 -61 -78 -9 -164 152 93 68 212 -183 -28 -225 -168 151 58 193 27 -222 -95 147 44 -238 -122 -70 237 -235 119 75 242 210 205 -223 135 -214 36 222 54 -141 -128 -133 -215 -224 104 1 -154 -8 -192 249 33 -7 -92 -66 113 -244 172 17 124 120 131 -181 66 -174 -206 102 114 -99 79 61 -233 200 22 8 227 -72 221 -111 -142 80 71 185 -173 57 -249 78 42 37 -247 -166 -46 88 153 -216 -50 56 241 15 100 -77 -196 -63 -232 138 -236 105 240 128 176 108 -237 125 26 197 65 186 116 -221 -79 -167 -42 -101 40 47 -35 39 14 -76 201 195 223 85 -5 21 164 -115 -245 -209 7 162 103 136 10 -20 123 -205 187 -132 220 -57 101 99 13 244 -83 192 -56 -248 -134 -2 41 167 -123 194 91 -230 51 109 130 236 4 -39 165 184 -226 38 -172 246 6 106 -250 73 -60 5 -195 211 -104 -171 -231 107 126 -170 118 -84 -55 -162 
TEST 56 ARG:-202 -184 -234 194 -199 -32 -20 -236 -2 95 -149 -201 -97 -155 249 36 -221 21 -225 -15 -213 127 73 -163 224 90 13 -216 -214 -34 94 71 -10 -178 -95 -152 30 43 38 165 -45 66 220 -29 237 -145 -185 -78 158 16 -43 179 222 -175 -212 -156 169 112 -87 -54 -81 11 138 -79 61 140 -105 19 -5 40 223 161 -49 -247 9 -169 -223 -130 -92 163 -207 243 -244 -108 176 -98 144 -144 110 80 -13 231 129 74 -206 150 -159 120 -37 -200 47 -42 -35 -125 -31 -229 188 -69 -172 174 -33 -170 160 -90 -4 -237 146 -136 108 15 1 -162 236 167 221 156 -157 -129 31 -137 32 76 -44 -27 -111 210 -1 5 -116 -106 -153 -232 -114 199 212 177 79 124 234 12 201 -65 -240 148 59 -197 -93 178 107 -242 157 -141 -131 133 209 213 245 238 56 98 -168 -146 -226 118 198 137 -55 62 -215 54 -189 -219 123 46 69 217 -167 -115 -243 136 -227 97 -191 214 100 17 -238 -124 -183 -241 114 -174 -113 -17 182 -76 -122 240 -52 -47 183 215 -24 247 181 -30 -147 196 96 75 2 184 83 -220 205 121 -68 -171 130 23 -88 -38 -117 -143 -177 -75 -203 211 -7 152 77 242 202 -40 92 -151 225 -150 -120 153 -6 -192 131 -138 60 -91 102 -166 88 -235 91 134 10 86 -164 -135 232 -48 -107 109 -62 41 -128 241 208 200 -211 139 -67 27 113 72 26 173 -195 239 45 -246 101 -224 135 203 -250 -56 -119 186 -231 -9 248 -154 -84 197 -245 -239 63 99 180 22 -198 142 -194 -99 -196 246 149 -70 -109 57 18 14 35 -77 8 -208 37 -3 -218 -133 154 -28 42 70 -176 -142 -118 53 34 -41 111 -51 105 -74 -39 193 -22 -12 190 -249 -158 -123 189 141 -139 82 207 -188 29 -230 -161 -209 226 -86 -59 3 -126 78 -89 65 204 -233 126 33 -85 -180 67 -18 -83 143 235 106 175 64 -104 -57 25 20 -190 151 229 -193 218 -121 -36 -8 -11 -26 -100 -14 -181 6 68 -186 119 187 -187 58 51 -148 -19 -210 -66 87 -46 -25 159 52 155 -102 -112 44 -73 103 -204 0 -16 -71 227 117 -80 84 -96 206 -53 81 116 49 170 115 -217 -82 166 -228 195 -140 125 50 132 -182 168 219 104 39 -21 -110 -205 122 192 -103 164 145 228 -127 -248 -101 172 48 -160 -23 -134 -63 191 216 24 171 185 128 4 -94 230 -58 -173 28 162 -50 -165 233 93 -61 89 7 244 -72 147 -132 -64 -222 -179 55 -60 85 
TEST 57 ARG:-132 -205 -194 -40 234 118 -122 -130 -234 -93 -232 -100 193 -179 -61 -192 88 -121 -76 124 151 -85 179 -163 1 129 -6 -20 -95 -117 137 -240 218 -246 25 -84 -2 136 -29 110 -154 98 -8 -175 71 18 -63 -111 53 235 78 61 3 13 94 -137 -126 23 -145 195 194 223 -89 209 -188 -218 76 -170 95 229 82 91 -242 246 131 174 -3 -169 -141 216 -92 -67 -68 -155 -112 -176 -249 -223 -72 -172 -199 180 -189 62 142 -107 21 -69 145 -151 96 70 -213 196 -216 -181 -184 37 69 93 155 -109 139 241 -51 100 -127 154 -47 -248 84 -225 -210 -71 106 -131 105 -196 -23 -11 -168 -220 -149 160 239 -42 -219 19 -26 -159 51 24 44 -146 109 -221 -113 -46 80 123 -73 8 168 79 -195 10 -98 -82 -187 -103 -162 -186 -16 81 -180 39 -56 -37 63 -22 -200 215 148 -224 45 15 -129 -30 175 41 184 56 46 212 85 -10 -229 -136 181 -173 -120 -28 165 107 -80 -201 249 171 17 242 -143 97 147 -1 112 -35 244 114 120 -235 -24 127 16 -25 163 101 162 -83 -139 -77 -152 49 -118 -90 247 213 186 113 -227 152 66 -144 -49 228 14 -86 238 111 125 22 -60 47 54 -166 -241 -157 -134 192 -33 -250 166 211 227 -158 -203 33 -106 -105 200 -75 -247 172 204 12 -62 -31 232 -65 -160 -13 128 187 140 -124 4 32 245 104 -217 -142 164 -171 -101 -211 176 65 -148 -59 -164 -185 -212 -41 60 117 115 -27 190 59 -165 -18 221 89 243 40 197 55 83 201 236 -226 -178 -55 72 -19 -45 -78 153 7 -245 210 -228 219 208 -17 -15 167 -239 -48 -177 -64 -174 -138 -32 -38 -150 178 248 -34 48 -53 207 203 6 52 182 -167 -191 -231 214 108 -74 -208 -102 -44 -183 -238 -209 185 -50 28 -135 2 102 -57 158 -198 -222 -244 26 161 198 68 -12 73 -243 134 -236 -202 -79 -207 237 230 -128 -96 -7 90 -94 119 -190 -215 -214 -36 -153 64 231 67 -81 -88 27 31 74 144 -21 183 169 35 -58 92 -4 122 -14 58 -182 233 222 -108 50 -54 75 -66 0 -115 77 99 224 -140 42 87 -193 38 34 29 -147 141 205 -204 -5 146 173 132 191 157 -114 226 138 -110 -43 116 189 -237 177 150 188 30 -156 159 -87 -104 135 -133 -233 220 -9 170 43 -91 156 -206 149 9 -161 -197 103 217 -97 -125 -119 57 126 206 -99 -70 202 143 121 130 86 -123 11 20 240 199 -52 -39 225 -230 5 133 36 -116 
TEST 58 ARG:-176 130 39 51 229 20 211 -91 -80 183 -147 -223 -1 185 -136 49 67 -213 -200 153 -242 -64 54 167 107 61 157 -219 -214 -241 -249 137 0 -218 201 216 171 220 120 34 -232 117 57 138 221 180 -243 111 -216 -31 173 91 -228 140 -49 169 150 222 119 203 230 115 -84 239 225 -158 -160 -50 12 -195 154 181 -40 94 -94 231 -10 -250 -194 145 13 -135 109 90 -174 -169 -187 43 -63 -233 -212 131 -98 -120 -192 4 174 -162 42 -55 197 139 48 -248 155 -203 -27 -17 74 -62 -210 -246 45 236 76 -139 192 103 134 -217 160 -207 97 -170 15 -41 136 -11 -131 -168 -225 -7 85 172 127 -15 -156 -22 -126 210 -33 -3 -25 27 149 -65 25 -227 248 241 110 -19 68 112 -69 -54 226 -149 69 -117 -237 141 1 41 108 -83 28 -42 -90 -178 23 47 240 -2 82 31 -29 -14 -165 144 -161 215 -234 -18 77 159 -82 -173 219 -226 17 -44 196 -102 -99 187 206 46 -166 86 -229 176 208 71 132 -163 114 59 -190 18 -23 -154 161 182 52 102 79 202 -204 22 -150 -81 -183 -153 6 -105 37 -144 56 -70 -189 -52 224 -110 81 58 96 -75 188 -157 148 11 147 -76 -13 83 194 40 -202 -35 128 -129 243 186 -239 -240 32 -146 170 -155 177 62 73 -56 -220 -113 -137 75 -188 228 121 -26 -138 16 88 3 -171 -53 65 212 244 -12 95 -97 -77 -141 72 218 -100 113 178 232 -109 -60 -78 189 14 129 -186 -61 -236 205 -21 -167 -209 -182 -148 -20 175 -101 66 184 -5 200 199 -184 30 98 214 36 -231 92 -199 -45 -143 -88 -66 -68 64 -93 -116 151 -224 242 -34 -198 -111 -127 55 249 5 -58 -221 -108 142 235 238 -179 -67 26 245 247 -125 -172 -159 -142 104 -9 8 207 116 -123 -32 100 122 -185 70 -151 165 -180 158 84 -196 -47 195 217 164 -140 101 162 143 -96 -245 -124 209 63 93 38 53 -72 193 156 -38 106 -244 118 21 191 -112 -193 223 -92 19 -87 198 152 -238 126 -103 -86 204 -134 -46 -128 -85 -8 -201 10 -39 -181 50 87 -24 123 -132 237 168 -6 234 124 24 -191 -121 -71 105 7 -122 -235 -118 -30 44 80 -79 146 179 227 166 -230 33 133 -4 135 -51 -133 -206 -152 89 35 -43 163 -36 -28 -104 -37 125 -175 -106 213 -57 -119 78 -208 -222 -205 -114 9 -115 -215 -89 -211 -73 -48 190 -177 60 -145 -74 -16 -95 -197 99 -59 29 -164 -247 233 2 -130 -107 246 
TEST 59 ARG:134 68 186 96 70 248 -199 -33 -164 113 213 -213 -133 -65 -205 32 127 -74 -223 124 -180 -138 -47 233 -21 247 -196 2 215 -50 -123 -198 15 191 61 -241 -104 -216 -81 -131 112 170 38 -182 -206 4 -192 130 110 237 -42 -86 -209 -124 -114 -249 74 -129 -48 -193 -211 197 56 55 166 140 -225 76 57 -82 46 24 71 41 -152 -32 -76 -101 51 153 35 18 -41 -7 59 -143 -239 -203 202 48 -34 -87 -1 98 81 205 182 167 36 120 144 40 129 1 244 -95 190 -176 100 21 -235 -69 -68 43 -2 29 111 -189 -194 -247 216 -233 -57 115 -90 168 238 -49 -122 50 -181 116 -84 31 -125 -62 177 63 -234 -72 -102 -185 220 243 -45 -99 236 12 -190 -197 -170 165 143 -226 23 201 -141 -204 86 228 72 -58 114 95 93 79 -11 -142 198 91 128 -67 -60 212 -201 131 210 137 -195 -243 169 132 163 -115 -35 200 -89 -70 -160 80 -91 193 -22 -13 154 117 -93 28 90 245 60 -147 135 239 241 -88 44 -96 222 103 88 -56 -43 14 -85 -210 -97 39 204 -250 211 225 -63 3 -242 -28 -221 -165 -149 -178 142 105 218 -227 34 73 -46 -132 226 133 -224 49 52 30 -130 -40 -112 77 -175 -5 99 136 -159 141 64 126 -151 -44 147 -38 78 -66 195 -25 122 -136 171 87 -162 -12 152 230 206 54 203 75 162 175 159 242 -16 249 -173 -202 160 89 -113 -171 -191 -207 121 -15 -172 181 -146 221 -184 -244 67 146 13 -109 151 229 7 180 -52 240 174 -31 235 62 -111 209 184 -106 -36 -248 26 -108 -61 -19 16 101 -26 148 27 -117 66 -187 37 145 -9 5 -246 -20 -240 -179 8 -161 -186 -237 -3 -98 -166 -10 97 -232 -103 -148 22 -24 -118 -55 6 246 -177 -174 -73 157 -153 -116 -59 -94 -127 192 196 -218 118 107 -6 -230 -150 178 227 -228 92 17 -214 138 47 -27 164 -107 45 102 -183 -37 -217 119 -128 65 -212 -245 33 189 94 -139 25 231 -236 -154 -163 125 -135 82 232 -39 -121 176 -105 84 -77 208 85 -134 123 83 -64 155 224 -100 108 -238 217 -229 150 -120 -188 234 106 -155 -144 -14 -157 179 -54 173 -119 -78 104 -4 207 219 -215 53 172 -126 139 -17 -137 158 11 109 -75 188 -169 -158 199 -220 -145 58 -18 187 19 -222 -79 20 -168 214 -208 -110 9 194 185 -140 10 -80 -71 -8 149 183 -51 42 223 -231 -83 -92 -53 -200 0 -167 156 -23 -219 -30 -29 161 -156 69 
TEST 60 ARG:-69 177 -132 189 5 -140 -138 140 185 -230 227 -193 36 53 -119 -137 -150 133 -130 181 -188 223 90 240 106 136 -91 -248 75 73 -27 26 243 114 -139 -116 82 206 159 -47 -131 11 -20 142 63 132 1 -155 -226 -196 -242 -108 35 45 -187 24 -172 167 -165 -177 -164 2 -111 156 195 -241 -231 151 -189 44 4 182 -125 52 241 97 29 -197 225 -66 42 -142 -190 -232 61 -14 -21 16 -32 -238 57 -74 -181 127 -247 -166 -143 117 126 -84 165 -129 -62 221 91 -82 -12 244 -122 54 191 -90 242 -58 168 50 -133 121 -44 172 30 -198 -36 173 10 72 129 27 -79 -244 -149 230 -161 199 93 238 246 -57 150 -89 70 120 -191 -28 -171 110 84 -186 147 -98 94 -158 22 -75 176 -25 236 -71 -121 -204 103 -134 9 214 228 -93 218 98 0 175 -203 74 -215 -170 64 245 17 -26 -194 -249 -206 166 -54 186 183 113 -151 239 229 68 -159 66 -94 58 203 46 202 -176 -110 -233 71 -250 -220 -19 -16 -9 112 -11 -236 125 39 -235 -10 -216 130 -144 -50 -178 184 -152 -118 163 152 174 213 -99 143 148 -96 -86 28 23 -81 14 6 -123 -70 -60 99 217 -179 178 116 -219 220 -222 -5 219 180 119 95 -207 -42 76 -201 -195 -48 232 -145 38 -223 56 -53 204 205 161 -114 -210 -240 -208 139 -153 -126 7 -200 -136 -41 -154 96 -59 122 83 -225 -217 -104 32 -2 -35 -73 -37 15 -77 208 77 47 190 -64 153 85 -128 -51 48 -95 -205 198 -61 78 -18 55 -31 -76 31 -109 144 25 215 200 -24 162 209 21 207 141 -78 164 -135 -212 -224 -17 108 171 -192 107 104 -199 -6 118 157 92 -115 -163 100 -184 -147 138 192 -175 -101 226 51 40 -30 -141 188 -167 81 -113 -38 234 -80 -221 222 102 69 124 -55 -100 -105 111 154 -106 49 -4 87 212 -23 43 -237 67 -46 33 60 137 237 13 20 -156 -7 155 -117 -120 89 -229 160 123 -112 194 -239 169 8 179 -174 -45 -243 -182 247 -22 146 231 -227 -162 -63 -13 -40 -1 128 34 41 -102 235 131 3 -146 135 -127 210 201 211 -160 196 -83 -97 -88 12 59 -209 145 -228 -234 -183 -43 193 -168 -68 105 216 79 -3 -202 -124 158 86 149 -56 -87 -169 -39 187 -67 -157 -245 134 80 -29 249 -246 -8 101 -148 -72 170 -52 -213 -214 109 88 -180 -218 19 -185 248 224 -103 -33 -211 65 -34 -85 197 -15 -49 -65 233 37 -173 -107 62 -92 115 18 
TEST 61 ARG:-46 8 -21 44 66 -166 33 -192 -7 59 102 -103 40 133 -6 20 10 85 80 -176 -64 214 24 4 -82 -206 -145 -117 -93 -249 -66 -136 39 -197 5 -217 -215 242 -156 -162 -130 220 -79 -19 2 -94 98 -167 -67 -96 -128 -107 105 178 123 81 -154 -225 53 -212 -155 18 122 87 207 73 -170 177 136 -157 71 -45 -123 -39 -29 181 157 -24 50 144 -101 -43 -194 198 36 180 75 241 -112 245 -27 219 131 111 -108 -77 -8 202 125 -37 168 160 159 -42 -2 -127 15 -223 199 -211 194 -221 -97 -231 -52 69 52 21 -141 175 22 46 200 38 -148 62 101 -179 -124 109 86 173 -11 -72 35 64 116 152 -140 217 145 143 -116 -151 -131 190 240 -238 -25 137 -233 234 -30 -144 -196 209 -243 -78 -180 -55 32 -110 -57 -76 65 -181 166 -114 47 -204 -47 230 213 -22 -134 -161 211 243 -91 -5 165 -220 -129 197 -40 54 227 201 -126 -17 -208 -53 -88 -178 115 110 25 162 -98 141 -31 -36 -143 239 -121 130 132 95 60 -86 188 -175 -125 155 -149 -199 74 -224 -188 76 96 79 -106 -54 -35 117 -104 196 208 -65 55 -186 61 195 205 -90 -185 91 -159 -173 -10 128 -1 -135 246 187 -75 57 12 129 88 37 -205 16 45 -73 226 113 -201 -83 135 228 -3 -48 106 204 -85 -214 -133 -190 193 154 23 167 169 -209 -230 249 185 186 108 100 121 247 -226 -216 -171 -95 34 -195 -132 170 3 183 82 -16 -15 -242 48 -51 -28 -153 -63 -87 189 -218 114 -237 147 -60 235 -150 -169 92 72 151 -33 104 19 -219 -50 -248 142 70 118 9 78 51 171 -84 -203 -202 6 -115 -191 163 63 138 -207 -102 -71 161 30 42 58 -158 -44 -239 -229 29 -165 -122 -89 103 -81 174 -146 -14 -4 -69 31 164 148 146 -241 236 43 -240 -13 -147 -32 -193 126 -38 -111 218 -100 225 112 -187 -184 7 248 139 -222 84 1 -210 -34 210 -49 28 156 67 17 -18 56 238 83 -163 233 216 -41 -247 191 93 153 27 176 124 -189 -168 237 -118 192 203 229 -62 -26 -235 -109 -113 -142 158 -80 222 179 -152 150 -9 -119 77 -120 11 -213 -23 -164 -177 221 -139 99 -92 223 -250 -172 -236 -61 231 89 49 -56 -227 -59 212 -70 -58 127 -183 -20 -105 -245 107 -12 -174 -182 -244 68 215 184 120 134 26 -200 -138 41 94 -232 -160 244 -74 172 0 97 119 -198 -68 206 -246 -228 224 149 14 90 232 13 140 182 -234 -137 -99 
TEST 62 ARG:-204 -131 -199 -46 -214 63 -113 -164 210 135 228 179 -114 145 249 184 -208 -135 246 44 29 192 241 -121 -150 -88 -44 -119 -74 214 154 -25 88 164 -165 126 79 190 198 94 96 176 -170 -81 222 -189 -117 131 170 -146 116 -219 -166 61 -22 -177 -30 56 -138 -13 -248 -106 -77 -134 27 -233 -147 218 -97 -35 150 -197 -244 212 188 -158 148 -163 65 103 -185 -196 6 68 58 -18 231 173 66 -11 124 -216 36 -4 168 208 127 -10 -236 11 34 122 -33 7 167 -156 -238 195 113 203 207 83 77 -53 156 57 -211 -9 -58 71 -65 -71 -17 -144 28 206 -139 196 151 76 -234 89 -143 -6 242 -245 5 -155 18 146 -133 -171 -241 -130 100 136 240 111 -207 -37 141 112 -34 -42 -176 233 169 -100 183 -96 20 -83 132 197 248 47 -86 21 67 26 -5 -175 -41 -237 223 -209 -151 236 138 128 165 -129 177 -227 121 -105 -167 -187 -56 119 -15 215 -180 -2 194 32 -112 -222 3 149 118 205 108 -226 -75 161 16 -140 155 142 -82 -157 -232 -73 159 -152 -242 80 53 202 157 216 237 -123 106 -109 41 -186 133 -220 -103 78 -72 -148 -229 -221 -125 87 72 -247 193 -200 229 33 226 -95 144 -193 -141 -32 174 -1 227 -191 -51 162 -99 105 -98 -79 139 -64 230 -26 -115 42 69 -24 48 -110 62 -132 -228 191 -78 -246 97 50 163 -153 -230 -45 -80 13 75 37 247 54 -239 22 -63 55 12 39 -84 101 4 209 -38 -184 -14 74 -174 -61 181 147 -49 225 49 92 -181 189 224 60 73 99 -89 -124 -102 -111 24 110 19 -243 109 104 -201 -43 243 232 180 -169 -54 -108 102 245 45 114 1 -57 84 -91 8 200 -172 64 -250 217 -66 120 -218 182 -28 -67 -120 -39 2 -162 23 -137 160 -122 -202 15 -90 85 -76 -235 -173 123 -231 -178 -55 43 166 235 -240 -183 -190 -182 -198 38 -206 -94 153 46 25 -205 14 -192 -29 -194 204 186 219 -27 234 95 172 238 -52 70 -217 -69 -116 -215 211 -107 129 -179 -20 -210 143 -92 -16 115 52 40 -159 -203 201 152 -48 134 -8 -70 -213 -136 178 -59 -142 -127 98 -118 -249 -161 -47 117 137 30 239 81 185 -212 -224 -19 -60 -50 130 93 10 187 171 59 140 -12 -223 -149 213 -145 -104 9 -21 31 90 -85 -126 35 -195 -23 -62 91 220 175 221 -101 0 51 -7 -40 -31 107 199 -3 125 -160 -36 -225 17 -93 244 -188 82 -168 -87 -68 86 -128 -154 158 
TEST 63 ARG:-73 108 -167 124 -204 130 -23 -25 -205 19 143 -116 54 21 -217 -146 185 189 -33 -171 -236 57 13 159 183 -106 -82 -170 -18 -22 -218 -225 94 10 -179 -1 -28 -31 245 62 -182 -64 209 -183 107 -148 -210 -42 -127 148 -17 -83 200 163 70 -51 -93 160 -169 181 233 -78 -198 -44 225 182 -87 -75 59 2 -77 126 -61 -100 -24 34 204 188 142 -208 230 -119 121 -76 33 112 -122 89 -213 -150 -15 -249 172 198 -184 215 83 8 -196 -107 11 51 -103 -219 105 100 -227 178 -155 224 -149 -197 63 88 -131 -203 -231 177 -99 197 -11 247 -245 77 -153 158 -144 -233 -9 -48 -230 231 -206 -157 116 111 164 43 113 199 -10 184 -27 18 -35 36 -62 109 202 -89 169 123 140 -187 122 -237 153 232 38 -108 74 30 -69 -120 236 207 -65 -195 212 147 90 -3 -84 -96 104 -161 -176 235 216 -180 -30 218 150 -159 -216 6 -74 97 120 -173 228 -130 176 16 135 -129 103 25 119 -86 114 240 75 -232 -139 60 -164 -43 -39 17 125 79 -192 -191 48 29 -244 -241 166 -220 -21 101 3 -163 23 -38 -242 58 -109 237 214 -95 -37 -133 -246 27 -162 208 -138 190 221 -147 -113 -134 211 -247 -40 78 -160 49 138 -66 80 24 91 -72 -250 -221 -207 84 -34 173 -124 -57 72 -215 102 175 87 40 -222 -94 205 -91 -88 217 -53 -58 -190 141 -26 -200 244 50 243 -2 -20 152 31 -172 -229 239 -128 129 187 -201 206 132 20 66 145 248 -248 246 45 227 -243 93 -12 -212 -105 46 -136 -97 -174 99 -168 220 201 -209 136 -98 -45 146 -178 203 69 -177 -14 128 226 -114 -56 139 1 167 -223 170 98 -189 -214 -188 -29 110 131 5 195 61 -32 154 76 53 -166 192 12 86 -63 137 -85 -4 229 171 157 117 -123 67 106 -102 174 -68 -156 -165 37 71 14 -135 155 92 -54 -151 -80 -67 -186 35 -117 118 -211 168 -79 -239 238 -194 -181 42 81 -118 -238 -13 -16 4 191 -145 -71 96 -154 144 219 -121 -104 55 73 -137 15 28 193 186 -140 39 161 -110 -202 -6 134 234 -70 9 -46 249 151 85 213 179 95 7 -224 156 -234 -41 82 242 0 -50 -5 -240 180 44 64 -112 -8 52 68 162 -52 133 -92 -193 -158 -235 -175 -115 -141 165 32 -226 222 26 -47 -125 -90 56 41 194 -111 22 -185 -60 -101 241 -59 -143 47 -19 -152 223 -55 210 65 -199 -7 -126 -49 -132 115 196 -36 -81 127 -142 -228 149 
TEST 64 ARG:134 210 -231 -169 -65 114 -41 87 119 222 244 108 106 130 199 80 95 208 -51 79 -192 -182 238 -136 76 -151 -229 49 26 -5 70 -82 240 -24 -56 77 -142 -72 64 8 65 -239 -80 -21 229 -162 185 -6 -29 166 174 140 -163 -215 -36 28 175 -69 -117 88 -99 -81 -196 232 -209 -207 129 -76 107 -216 -206 -234 -20 133 180 -248 -152 56 164 -176 -89 -141 -198 -191 135 214 202 73 147 10 -183 -124 -137 5 90 -26 124 -129 144 -34 225 -244 50 -202 -217 -241 -121 67 138 -103 209 249 -11 205 -39 -102 128 -22 -246 -108 61 198 -187 109 215 127 -115 30 -49 -203 16 -111 -4 104 167 100 179 -63 -40 -155 -170 54 40 -243 192 -201 -223 -245 -148 113 171 -101 -28 -109 74 201 19 -145 117 153 136 -2 71 -45 182 234 243 146 211 66 221 82 -13 -110 245 -31 -165 -104 41 188 -61 -195 116 -87 6 -10 196 -235 -8 -75 173 29 -225 -159 -16 -9 85 -112 -66 -250 72 -12 151 110 123 -52 -74 -173 -93 -221 -94 169 22 -79 118 25 154 12 237 -146 -47 -172 -164 -19 84 -230 34 194 -194 197 -123 219 -50 -186 7 4 102 -30 203 -135 46 236 -138 -134 -132 -247 92 45 -33 -18 220 3 36 42 -181 9 181 -53 93 96 105 83 -242 159 -32 227 -214 -197 58 -144 239 55 -237 -114 143 103 59 -62 -90 24 -171 -204 -88 183 -166 195 15 -226 -98 51 122 -205 -150 86 97 -143 -178 -200 -14 20 -7 -131 99 -43 -133 121 -60 -48 -78 -179 39 -190 -100 -83 157 -193 63 89 0 -249 57 27 172 -92 191 69 -153 68 155 21 -185 -64 -118 -238 -156 -67 -25 17 78 -71 -184 -167 217 31 176 204 -236 178 120 -233 158 33 218 137 -116 206 2 18 35 145 152 -54 -86 -219 -213 -17 161 53 -212 47 -218 235 -175 -140 248 52 -46 -154 111 32 139 149 216 98 165 75 186 -119 168 -57 -208 233 170 -73 -168 150 190 -222 -125 -211 -120 -35 187 131 193 48 -228 -105 -70 125 -128 126 -232 132 -37 142 -224 162 43 -189 -210 177 246 212 200 -180 -59 156 247 213 228 -174 -1 -68 148 -188 -77 -227 112 13 207 -96 62 163 60 -126 189 -44 141 -23 -38 -240 44 101 -158 37 -85 -147 94 -113 -122 -3 -127 230 81 -91 -139 -157 -42 91 11 23 -177 -95 -97 -161 -149 241 14 -107 224 223 -15 184 -58 -199 160 -106 231 1 242 38 -220 -27 -130 -84 115 -160 -55 226 
TEST 65 ARG:97 -124 69 102 123 103 -27 108 -230 207 -229 85 -131 46 223 182 141 -207 -179 -67 -154 5 184 10 -77 -219 170 -211 -208 -51 18 171 152 224 143 109 -195 32 247 -72 12 111 -13 -30 -14 -103 23 125 -147 154 -134 -11 -201 -168 101 -44 -96 233 -188 -66 -223 221 -241 115 126 -5 -205 -237 -83 162 201 -29 -43 -80 139 232 -156 242 219 -36 67 -162 -242 98 89 145 -56 -92 -122 -121 -71 -198 135 -38 13 -227 174 187 180 240 -120 -58 45 137 84 176 -108 -148 172 -191 130 87 228 209 218 -19 -155 -178 60 41 202 -40 -117 -157 119 -202 238 31 -203 235 49 57 80 206 161 -55 28 52 140 194 142 -65 -113 21 216 26 -63 -127 -69 188 178 -74 66 -176 -6 -101 244 105 121 -116 -142 -49 199 -7 -150 -109 -194 231 -217 -210 29 63 -115 -214 203 2 107 236 153 -245 212 117 -235 -37 -34 100 -2 -175 -111 64 39 4 -106 -159 -24 -18 249 -139 37 190 43 44 104 196 -185 81 -32 -226 -105 -197 -3 76 164 -149 -89 -23 215 -158 226 58 91 -146 92 -21 -236 -192 -46 -193 68 112 230 -180 55 83 -247 -165 47 33 166 15 210 133 -119 169 56 -73 -243 -17 -140 -167 -62 -225 62 -209 -244 40 -125 167 -222 -94 -28 19 157 -184 82 -48 93 -64 -138 -87 50 -42 222 181 94 -153 195 -136 113 156 -144 -86 239 179 -54 -70 -163 217 183 243 248 147 -145 175 74 131 -141 -126 14 197 -88 -133 -45 -248 96 -128 16 -98 9 -82 -123 95 -1 -181 -239 -212 -50 193 -4 -76 -151 -59 -57 -95 -68 77 -200 -135 211 118 -234 200 122 -9 160 114 -84 24 -60 168 106 163 241 70 165 -10 7 189 134 205 -240 -152 -52 -174 38 1 132 -12 48 234 246 -137 124 25 -15 -132 36 0 146 -31 -161 158 -79 17 -186 -189 75 138 149 -177 198 -190 42 -97 -215 -20 227 -224 61 -110 -160 73 -16 -233 -8 -220 8 -187 -250 65 -231 225 -85 -112 245 186 -204 35 110 71 -129 -183 11 155 128 -35 34 -104 -81 -114 -221 79 120 177 -173 6 -199 78 -47 -26 150 -22 -25 -41 173 220 -166 -61 214 -53 191 3 -249 185 54 151 -169 90 144 22 -102 -99 -246 -78 -196 136 -75 -172 -33 -232 -164 -171 51 -213 20 -90 192 99 86 208 127 -206 129 237 229 159 -100 204 -118 -216 -39 -107 148 59 -170 30 -238 27 213 72 53 -91 -218 -182 -93 -130 88 116 -228 -143 
TEST 66 ARG:-137 -231 146 173 -2 -206 -62 60 -106 -26 111 -31 198 -164 -24 193 169 -178 -88 244 -208 -175 -207 20 66 197 -58 218 -216 29 185 123 -145 -195 -151 74 -44 149 -36 -120 -173 -42 -27 -102 -170 31 233 -239 -136 243 -109 248 -241 -211 -11 -63 186 232 -77 -98 71 168 -119 -246 50 95 -188 151 240 137 -210 249 -183 -250 -14 -59 17 -154 -127 158 -121 194 102 -142 -156 172 141 -32 19 -163 -215 33 163 -100 195 -93 -217 155 130 -10 47 170 -116 -66 176 219 -132 -196 -96 -113 58 121 222 -16 229 54 132 -22 -237 -78 -3 236 94 -6 -222 110 -85 -198 -153 35 188 192 -204 228 116 231 -186 -176 177 122 171 115 -224 -18 15 144 84 -197 -169 113 46 2 112 -57 -75 -171 -159 148 -45 147 109 125 83 21 -240 16 187 203 -8 34 22 162 -184 -5 1 -4 178 234 -140 -179 -201 175 -225 -37 -131 -146 -72 -199 241 79 39 -35 -235 -25 120 9 -133 -50 -130 0 -41 -226 -55 -160 182 26 90 76 159 -54 107 32 -110 190 -223 117 99 -86 85 -157 167 -101 -39 43 156 105 -128 -1 77 191 56 -155 -168 174 -52 98 -152 216 -60 -213 -20 5 86 -83 -7 -125 143 -89 53 -162 237 -147 161 -248 -117 -71 6 101 -15 201 126 205 51 -192 91 -166 -193 89 -134 -227 106 -38 -115 -40 55 -180 181 -187 -238 -53 -105 214 235 -81 -191 134 -19 247 -99 210 81 100 142 179 -29 44 -104 -247 220 -68 -17 -56 -64 200 108 37 -48 -209 30 138 8 -242 -167 128 18 -46 -49 224 139 -73 -47 87 -126 -112 -12 -21 24 211 -70 67 196 -67 -124 96 -94 12 119 246 164 -84 135 4 -218 -107 230 104 -28 -245 -148 103 -172 68 -65 49 11 42 -236 61 -51 -220 -181 -233 -92 75 52 -143 -141 -34 -203 242 -158 -214 -23 221 152 -108 88 82 118 153 27 -177 72 207 -61 41 -76 199 212 48 -243 -174 14 -135 40 209 226 -122 70 69 64 -129 238 -161 165 -82 124 -103 -74 38 114 63 239 -212 28 23 57 133 150 -95 45 -138 -30 78 160 36 92 -90 -150 7 -205 -185 73 166 93 25 -80 -202 184 206 -139 -69 -33 129 -244 13 189 -182 -189 -200 -229 -144 65 -97 -79 -13 -228 208 145 183 215 80 140 -123 131 62 97 59 -234 -190 -91 217 3 -43 157 154 -114 -232 10 -87 -221 227 -219 -111 -249 -165 127 202 -9 223 -194 -149 -118 225 180 -230 213 245 136 204 
TEST 67 ARG:152 31 221 -37 -184 186 -26 -132 -61 -112 18 220 -201 19 182 50 167 127 -137 41 66 -172 -106 114 -156 248 134 6 39 68 -194 -200 35 -22 -56 100 -11 -28 96 67 21 -35 -239 -248 -131 -93 187 -238 -81 105 246 201 -148 -214 207 -241 36 10 -224 -89 52 -78 225 129 -210 191 222 -2 109 240 -116 -103 57 65 -62 82 242 -218 38 236 99 -75 -90 89 -186 -212 -196 239 -8 -249 -66 -208 -88 30 -136 72 -188 232 -53 224 154 196 -250 -72 124 176 88 -16 136 133 -64 -234 -180 -161 13 -79 74 26 -52 -217 -115 9 -63 173 230 -9 92 -15 193 -58 181 34 128 11 -140 -98 -20 -181 -225 -152 145 -47 54 -101 -227 -86 249 -183 -13 219 55 200 174 218 -111 -114 -219 -167 169 166 45 241 148 -85 180 -51 -30 231 -138 151 158 3 183 178 75 -71 -21 4 79 2 22 102 116 144 235 -142 -119 77 171 146 -105 -174 245 51 -190 64 -14 121 -163 -5 -187 16 -143 -36 103 -193 101 -48 81 -126 83 -206 -173 -83 -23 -192 80 -17 202 -110 142 87 -144 78 107 -168 213 243 -24 -164 -216 -179 -102 -158 -176 -27 192 141 -6 25 93 -125 -141 -203 211 -69 20 -220 -169 -43 -107 -94 -228 -104 137 94 206 84 -74 -50 -231 40 -211 -221 -59 -155 164 135 95 147 -25 131 85 204 71 -135 33 -199 73 -247 -166 -165 -222 177 -82 117 -240 -91 -235 -54 228 -215 247 -55 -39 -129 195 120 -232 -246 61 -244 229 153 -108 -198 43 197 7 -191 -10 -189 -122 -229 -233 24 -41 -127 168 -4 234 46 205 111 -134 -178 -68 203 -207 15 -153 -80 119 139 -236 -7 -40 -202 -32 113 -162 -157 32 190 -223 62 143 125 86 60 -18 -87 106 -99 -120 59 223 -118 212 -60 198 56 76 -128 -146 -242 216 -49 -159 140 233 -204 -154 210 -177 -84 -67 209 -150 -109 123 -213 -70 150 104 -19 -117 112 -185 17 -226 0 170 -205 130 49 226 184 227 -171 -245 194 -197 156 37 199 5 163 -97 215 -57 208 -73 -65 118 27 -170 63 -147 165 138 -195 -121 -230 179 -175 -3 110 149 -44 -123 185 -1 -33 237 1 238 -92 157 -12 -149 69 -77 53 -124 214 44 -38 -34 -113 -31 244 161 159 -130 -243 108 28 -151 91 -46 -96 -237 90 189 132 47 42 70 160 -145 -160 115 8 126 -182 -42 -76 98 217 -133 -100 -209 122 188 58 -139 155 -29 162 12 48 175 -95 29 14 172 -45 97 23 
TEST 68 ARG:-78 40 -182 34 191 -23 -176 -40 237 -189 84 81 156 -181 117 -51 27 -209 236 174 204 -85 159 28 63 125 25 147 45 -73 160 238 226 -22 189 -173 109 141 19 222 -201 -115 -212 -140 -103 -135 -107 112 227 247 154 16 195 -109 49 -233 216 50 17 15 67 -112 210 -245 207 -193 -248 234 -4 140 46 38 241 -98 5 -144 183 170 -130 -241 -26 -204 -43 85 -48 -50 72 -32 116 -132 -152 -178 83 92 235 13 108 -159 -33 -101 -164 0 128 -49 75 11 132 203 231 169 -29 138 208 188 -147 87 -75 225 -13 -122 61 155 175 145 -125 150 64 -217 39 173 230 3 94 -8 171 -242 22 172 -44 187 37 -39 104 -185 -197 -58 242 -14 -198 -87 103 217 48 -170 -86 -77 6 73 -31 74 123 232 -123 -158 -111 1 -133 144 136 224 -65 126 -16 168 -94 206 245 -194 -54 -166 -47 -200 42 78 166 212 -126 -114 29 -167 -177 -127 -246 23 -175 56 70 185 -93 -148 -117 -244 -89 -12 -155 131 -224 7 -161 -207 -222 -136 9 118 30 -143 -24 -168 133 -105 -183 -239 91 137 -139 -84 90 -216 180 163 -18 -154 -74 -195 218 -11 -191 -27 179 -25 -88 246 -81 68 14 193 -221 -113 -5 -160 -213 58 -179 158 -174 -99 153 43 -70 -151 186 -41 -211 69 177 24 -215 -187 -9 -214 82 -119 44 -249 202 -38 181 36 -141 -129 127 -52 119 152 -184 111 18 114 -104 -156 2 200 98 219 -120 96 229 31 -62 121 99 -205 -28 213 198 182 4 240 -142 -1 107 77 214 105 -169 -110 -42 -230 -80 -34 -95 65 79 -100 -53 80 149 -223 -36 -226 -30 35 -79 53 -116 -134 55 167 -137 -71 -57 184 20 -238 -17 -35 -121 -172 -208 -56 -196 -45 165 -67 -128 233 -68 71 122 -10 -150 -157 120 146 60 209 -219 88 -162 164 -83 102 -202 -163 -19 -92 190 -240 192 220 142 -203 215 130 -124 178 -247 -234 -225 -206 33 -55 89 47 -145 -171 41 93 -188 -72 86 -118 76 -153 244 -146 -228 -199 -180 -165 -243 -102 -96 194 54 12 -6 -61 -59 -2 228 -3 -82 249 -220 162 -108 129 26 -186 -66 143 -192 59 -15 -210 110 139 100 113 148 66 8 -60 -7 157 -76 151 -64 -69 -106 -250 57 51 134 52 205 248 -231 115 223 32 -190 -131 243 -218 124 -232 -46 201 -37 21 199 -90 197 -149 -227 -97 135 -229 -63 161 176 -21 95 221 10 196 97 -237 -138 -91 62 106 211 -20 -236 -235 101 239 
TEST 69 ARG:-244 175 53 42 -87 -60 -124 247 -33 -161 -75 7 117 -138 161 -13 131 -246 135 215 125 -94 -58 182 235 168 20 -206 -204 -188 -62 -31 3 -85 118 150 116 43 24 211 179 -3 -50 62 -174 -110 87 -91 -186 237 -146 171 226 -5 -98 -8 41 51 -7 104 201 60 -71 195 184 -153 21 -51 -47 -34 -20 155 -10 -197 91 -212 -125 159 -184 -249 12 -176 -185 -173 -216 -74 228 -106 154 76 45 -96 -198 132 58 34 210 47 -235 -233 -93 17 145 -238 -175 85 219 -181 -16 -12 -97 30 -228 -192 -164 -182 157 -177 141 -29 -59 166 102 65 -194 -172 -86 140 -22 170 -163 227 232 63 -112 -68 35 -149 214 164 -9 -222 -17 8 -139 207 198 115 -30 185 105 236 -15 208 200 27 202 48 143 -126 -135 -201 69 -128 -117 126 189 158 -152 -209 -38 10 144 -143 -72 152 192 40 -40 220 114 -196 79 33 -127 -123 121 -155 225 123 -243 -150 -46 223 -83 -154 -199 -2 -140 194 29 -11 59 133 -245 -180 -203 88 229 136 55 -229 38 -236 -136 120 -100 61 -158 -111 -217 146 162 -159 -19 188 -44 -242 13 203 -82 75 -156 163 176 245 31 16 191 112 -35 106 50 -218 -166 -53 99 -179 -63 -160 224 213 -170 128 217 -1 -224 -39 160 124 -37 -6 -248 113 96 -178 -64 187 193 180 103 -52 97 25 -122 14 -23 -78 -239 90 -230 36 -92 -113 -69 -42 -147 -189 139 70 -157 -48 -116 181 -237 98 153 -205 -54 -250 -219 89 -144 39 -168 -66 28 -36 230 148 -118 130 46 71 -221 -200 9 240 183 222 32 -241 66 -61 83 -81 -49 93 206 -103 -32 -195 -95 -25 77 -202 -105 54 190 -76 73 205 -130 -226 248 246 138 109 -26 -213 -4 -223 4 -88 -141 -145 -109 -79 156 241 -115 1 122 -90 56 72 22 221 37 -120 -18 -137 108 -24 -142 -80 -162 -21 101 231 -210 -191 239 196 -171 -220 -70 233 234 -73 -232 174 151 52 -65 127 -227 212 100 11 74 -14 -134 15 -208 -247 -214 95 80 178 149 -132 -148 129 173 2 199 -27 216 137 -107 142 44 -41 172 -77 -165 134 -240 19 238 -231 107 -167 -28 244 -169 249 57 -56 165 -84 67 -102 186 49 82 84 177 119 -133 -211 -190 94 167 26 -121 -55 -183 110 -225 -114 218 -215 147 -151 86 209 23 111 -108 -89 6 -193 -129 -207 5 -131 -101 204 92 64 -119 242 -45 -43 -234 68 0 197 -187 169 18 -99 81 78 -57 -67 243 -104 
TEST 70 ARG:237 248 -162 -62 198 -185 238 169 210 -158 211 -231 1 -230 209 -194 -241 229 -61 94 -109 -145 14 -246 -155 -190 119 193 -121 -152 136 79 9 -38 202 -200 179 -84 -42 -98 -117 -171 -176 -250 -82 192 -110 132 89 184 -70 230 105 -11 208 149 152 123 32 185 10 -100 -96 -46 98 -111 -243 205 158 70 39 188 -108 124 134 113 -75 -163 -102 -43 26 16 111 204 -58 114 -27 236 137 190 135 215 -49 217 116 214 73 -202 99 -136 -90 161 66 -22 -178 168 -52 -184 151 -197 -173 181 -187 144 146 -15 -245 -188 -31 -161 224 107 63 76 -122 86 216 -214 232 156 -44 97 84 -240 -182 45 -143 104 103 -25 82 108 153 231 -226 201 43 -93 -179 81 -235 -183 212 -127 -168 -99 -119 164 38 220 159 101 58 112 133 -140 -19 29 -148 -213 148 -120 -53 196 -94 19 -211 155 25 -123 194 -172 141 -26 242 170 88 129 65 186 -170 -14 -217 246 -175 -151 -204 226 117 -141 -81 -76 167 92 199 42 143 74 36 -229 -66 40 102 -242 96 -13 47 109 -166 -8 -225 75 -20 52 -232 -59 64 -139 -68 -203 183 -210 -124 200 -146 125 18 -144 -17 -195 115 131 -4 -83 174 -67 5 -248 -189 -113 28 15 126 197 -125 51 -129 -78 61 -227 95 -180 -212 -35 213 57 -118 -12 206 127 -37 -104 -191 -45 -224 85 -115 80 243 195 -233 -216 -6 -79 247 -1 -28 222 -5 118 53 -219 -165 241 187 90 -40 234 -116 24 55 -16 160 -2 -77 -137 235 -92 67 -174 110 -239 -41 221 -91 0 -167 -34 128 -147 233 34 -88 23 -206 44 139 163 -205 -130 -29 -21 -74 -150 218 6 -72 -153 -63 -234 -56 41 -54 -24 21 -223 -209 11 49 56 -85 46 -97 -89 31 -208 -157 120 223 177 189 87 -201 -36 2 -199 -237 -7 165 -32 -9 -238 -55 8 -39 122 -71 48 166 91 -30 207 -186 -220 77 35 -69 3 172 162 -131 228 -126 78 -181 -236 60 -138 68 7 -193 -65 -95 -107 245 -192 -103 -60 -57 138 121 -228 130 -134 -10 -249 20 227 93 -207 50 191 145 -135 -114 225 -106 -112 -177 -50 -73 37 -80 219 27 154 -154 249 -247 -64 30 180 176 173 147 100 22 71 -86 -244 171 -160 -198 -156 -33 62 -87 182 -221 175 -133 12 17 -218 4 -215 -51 142 -164 -142 72 59 -3 140 -128 -196 -48 239 106 13 54 178 69 -23 -101 -169 -222 -47 -18 203 -159 83 -105 -132 -149 244 157 240 150 33 
TEST 71 ARG:-14 -250 -235 -96 176 -223 -239 -187 75 111 151 101 191 -228 63 -85 166 66 198 92 -141 -191 -80 220 236 -225 -44 137 0 -224 -35 214 -102 77 -200 -108 -167 200 114 -38 22 86 -101 121 37 46 -140 12 125 54 196 -73 9 241 216 23 118 -148 20 233 74 -49 -231 232 -8 -50 -173 -100 -150 -217 -21 -23 -236 192 -205 -208 109 -241 31 -204 -62 -246 88 -157 -41 179 -218 -186 131 -75 -118 69 -234 39 -90 73 -215 -209 156 -87 60 -184 -138 -54 175 -78 185 -7 -112 135 186 -47 -109 85 -46 173 -183 -72 178 96 -212 84 -124 -48 -151 211 -202 71 239 158 -168 112 -71 157 132 130 -188 -136 -189 194 -81 -22 15 -125 49 -197 107 115 58 -227 -164 19 202 -30 -245 106 90 -180 247 -143 -152 -33 188 248 -120 2 -193 -195 -117 11 -4 -238 64 97 -111 -163 -20 6 62 231 48 -16 209 -114 53 -63 221 -25 167 199 -192 -79 -135 244 43 -161 10 -83 -203 98 184 -27 81 -40 -126 -95 149 -226 134 -28 -106 18 -194 201 4 55 -165 159 -132 163 24 -158 -128 119 -82 -247 -222 -127 47 72 8 -45 222 210 -105 -2 -88 61 -67 -249 129 -43 240 138 -153 -56 94 -104 102 -198 219 126 95 44 100 -237 -244 -159 29 -154 -53 160 182 -70 16 -160 246 234 83 -12 -206 76 -216 -51 245 127 226 -64 -214 70 -13 189 190 -34 103 206 165 -201 59 144 -92 171 -42 154 -91 56 150 -170 -5 65 108 -1 -232 -171 28 -93 -172 -113 -89 -166 14 26 -185 243 153 -9 -11 -175 172 -190 117 207 -134 -37 -155 -130 -199 -39 -196 82 174 -181 -144 -177 152 -29 195 -74 79 -84 1 -129 -86 -211 139 21 -77 -137 235 213 -213 -210 89 228 116 242 -178 42 164 93 215 113 128 35 -139 122 38 -240 57 -61 -169 -116 -6 212 204 155 123 208 -147 80 -59 162 45 170 -122 110 146 145 91 -243 -229 -97 -115 -174 -17 104 78 224 5 227 124 -156 -221 237 136 -94 -207 -182 183 -121 197 143 225 -31 168 36 17 51 -103 147 -149 32 -24 -26 161 7 -146 13 -179 -219 180 40 -98 -99 25 -3 -119 193 229 249 218 99 -131 230 -145 148 120 87 -58 30 -110 -133 177 169 -242 181 133 141 -65 33 -142 -123 -176 27 -76 67 -15 205 142 34 140 52 217 -230 3 105 -32 -18 -162 238 -55 -66 -220 41 -69 -107 -57 50 -233 187 -248 -10 -52 -68 -60 68 223 -36 203 -19 
TEST 72 ARG:197 221 -203 133 -216 -82 66 -105 -245 -172 52 74 -180 -38 9 -186 -50 -126 110 24 111 213 130 17 220 219 -95 61 205 -108 -69 135 230 -51 -89 98 127 58 236 -42 -170 154 18 183 121 100 244 186 181 208 194 78 45 163 -191 -106 -155 -225 -174 156 207 -64 -241 38 6 32 -133 -250 -19 31 -187 248 140 59 -118 -129 167 4 -178 -52 157 -60 136 -162 -84 175 -88 -67 -217 -214 232 155 -99 -200 104 200 88 63 160 41 161 86 153 176 -58 64 192 0 132 -226 171 193 -81 -143 -29 47 107 -248 -167 -62 -2 240 196 105 218 182 -100 76 -98 222 36 113 -219 -112 139 166 148 8 185 229 177 -45 -94 93 -66 109 -114 85 75 -145 -32 245 237 13 247 -195 92 211 116 228 -12 215 20 -53 -210 67 170 -152 -3 91 209 -59 -221 53 55 26 217 96 -16 22 198 -33 -68 -31 102 -163 164 -153 -41 -205 -23 33 -39 -128 -212 -157 -147 -232 178 -215 42 39 168 83 -243 -237 179 -47 -130 147 -117 -122 249 -201 -235 -93 23 -173 -103 12 195 231 -164 -80 108 189 -102 -113 162 -209 -182 94 -189 190 35 -123 -20 -44 -34 -30 -150 128 224 69 -135 -83 -8 -110 -236 -148 -177 -125 -78 -136 7 34 -27 106 -40 -240 115 -49 -229 150 29 -121 11 90 15 227 -207 1 30 -119 -77 246 -193 57 -5 187 -132 -140 -218 -139 -185 -6 -18 -213 25 -202 184 -13 -206 -54 -101 238 -158 62 144 129 146 233 159 -247 -91 -86 14 -116 134 -181 -151 191 -242 -184 -154 19 174 46 -228 -159 -104 103 -146 165 -211 -183 216 142 -4 199 -43 -46 -65 -138 -249 137 -72 99 -141 -10 -230 -224 16 122 77 -176 152 44 -165 117 -14 -137 -26 172 243 72 -179 79 -131 5 -79 -198 -111 -1 54 -9 -156 -25 203 97 -142 65 51 28 -75 242 -120 81 -239 -21 3 -160 -222 68 49 -63 123 87 -127 180 173 -74 -22 -196 -71 -144 226 -149 -90 2 -227 -194 -175 -73 -238 -244 70 -56 118 -28 112 -35 120 -96 -109 149 40 -87 141 -134 43 145 -17 119 -37 -107 50 188 -97 10 82 -234 -7 -199 143 -231 201 125 234 241 131 -166 -55 89 126 210 138 -192 84 239 27 95 -24 21 -169 -208 -85 -204 235 214 80 -197 -92 -11 -233 -161 -124 223 -188 73 -168 60 -223 -115 169 48 -61 151 -246 56 212 124 -220 204 -70 -171 -48 -190 -76 158 -57 37 202 114 -36 71 101 -15 225 206 
TEST 73 ARG:100 -160 187 51 -118 -112 -28 -77 -245 43 -175 -24 -73 215 82 -123 93 -114 12 -68 108 245 -233 224 -177 66 77 -100 -95 -216 17 -152 112 123 22 168 64 130 54 165 193 -173 -241 46 3 143 32 207 -110 110 225 -203 9 84 170 73 197 150 63 -72 -21 235 -125 203 -7 -129 15 -227 31 -25 -113 -49 -44 140 -96 213 -107 -182 -135 -224 -244 164 -165 -137 -221 7 -105 195 -157 -213 -235 226 174 155 -218 88 -176 -79 -3 67 92 18 -138 91 -180 147 -145 -94 -172 -178 34 -86 -67 -246 86 69 -156 -158 70 79 172 111 -42 -198 -29 104 -166 -202 -220 116 -54 78 -184 11 -50 -149 -19 120 127 -8 208 119 199 -108 -11 0 -183 -247 -76 -35 159 -225 47 -106 -170 248 -134 -78 179 -205 -48 -236 -93 58 23 24 -142 14 -61 198 -14 95 -153 83 -188 -60 -9 87 167 -231 183 -55 196 94 -18 -192 -40 4 157 -238 40 107 -197 220 -32 -39 -89 124 71 -82 -51 -168 1 2 -209 -217 181 166 -116 -88 237 -1 -232 135 -162 -87 6 148 21 -74 128 -45 247 163 -208 5 139 -141 191 -98 -189 240 233 -2 -36 -193 190 -200 -219 -207 -215 219 -136 145 19 118 -33 -109 151 -243 175 169 -206 -185 246 -186 -163 114 -187 -127 185 -34 75 153 52 -148 30 178 33 60 -17 35 -161 -171 -121 206 -70 -119 192 -199 210 236 -85 -117 -111 149 -151 138 85 -30 65 -249 -56 -59 115 -211 -83 -75 -223 242 239 29 -222 -80 10 141 217 -191 -179 131 39 -139 158 -159 61 -204 132 122 152 16 -97 238 90 -155 205 211 -196 -122 -181 -52 -132 -214 160 -124 28 42 -229 13 244 62 186 103 -128 -71 -146 96 -62 -140 200 189 -154 -143 106 184 102 243 180 44 -230 -5 223 204 56 37 -120 -237 -66 -69 59 194 -126 -242 201 -240 45 50 38 76 -58 -4 182 -91 55 137 -90 162 161 -92 218 113 68 -239 81 98 -130 -212 136 99 -144 -210 -102 229 -250 -169 -31 -13 214 209 117 36 97 -133 27 126 -194 -38 -115 -81 -12 -190 74 25 216 -201 26 -174 -6 230 -26 -46 -101 57 -150 80 101 222 202 48 134 -147 234 -23 -37 -64 142 231 188 -20 -15 212 -228 -57 154 -164 171 20 72 228 -16 144 177 241 -10 -104 109 146 -99 -27 -167 129 -248 -22 133 176 249 -41 41 -53 53 -84 227 105 232 156 -103 89 -65 121 -43 -63 8 -131 -47 221 173 -226 -234 125 -195 49 
TEST 74 ARG:-4 74 217 179 9 43 -28 -43 224 14 -47 -242 -74 68 -88 115 -22 -77 214 211 -163 -172 -167 243 -189 -9 -53 202 -127 53 -61 5 -89 -91 -229 -96 140 201 -157 122 -64 -105 -159 -241 -240 -250 -76 183 -92 135 127 -109 223 -197 155 -231 -45 139 -82 -174 -69 -177 -73 -123 150 -151 241 15 -223 -220 -18 216 149 93 -99 96 -226 -183 237 -85 80 -121 -128 -184 -133 157 -49 -117 91 -203 47 129 228 40 -243 -75 120 -36 138 -236 -103 154 195 61 128 109 -17 30 -31 24 -186 50 52 -101 -171 -208 -50 -218 -125 -211 -80 114 -149 116 144 62 246 -154 -173 -32 6 98 210 111 -30 205 81 -209 -200 27 39 -155 197 -54 87 -87 -131 -25 -141 188 189 -68 -71 110 58 -179 -139 -137 -14 78 -168 -39 103 218 85 18 92 -232 23 161 -13 88 151 86 31 -221 -112 -120 1 -55 -1 -79 141 -130 132 84 213 -26 -194 207 -70 10 45 -188 -65 -214 199 -104 137 -58 -161 -190 -192 -84 234 71 33 164 -66 230 -27 -94 130 163 -5 229 248 168 166 -207 146 -185 -15 108 -100 -244 192 204 -248 245 126 94 -150 -196 46 76 -93 -234 -204 16 42 -193 184 -97 -233 0 75 -19 57 -34 -216 133 -10 51 117 -239 -138 -170 34 28 44 -191 41 -24 -129 -162 -83 158 -227 -107 160 -143 121 -114 186 35 147 25 -56 -147 -51 -6 -23 -246 59 -219 55 -78 125 -202 -146 193 180 37 220 -33 17 -142 242 152 -144 191 -132 -195 198 104 236 -108 4 12 175 134 221 72 102 159 244 19 99 238 -160 -98 -212 -11 123 113 119 -7 136 -158 -245 -111 -134 -57 -148 2 -116 177 54 173 231 20 -67 69 -81 194 -205 7 89 56 100 73 -182 -52 -95 38 142 247 63 -222 -38 225 190 105 48 -90 196 -42 167 -136 -29 29 153 -166 3 171 67 240 -156 -113 -175 232 -247 106 200 -210 145 -46 -164 215 169 -228 156 187 13 11 -21 143 -135 -187 148 182 -237 -217 70 -102 -224 -40 64 -198 -140 174 -3 -59 233 -225 -178 60 -8 -126 -206 -72 -180 101 -152 77 79 -44 -62 -86 227 107 208 -215 206 -48 66 -249 32 -41 226 222 -35 178 -153 -12 239 26 -122 118 22 -124 -176 170 203 -235 -145 82 185 -110 -181 -230 -63 49 -16 -2 97 83 -106 172 -165 -199 219 249 -213 209 95 -60 21 131 -118 181 90 176 162 235 165 -119 36 -37 -238 -169 124 112 -115 -20 65 8 -201 212 
TEST 75 ARG:-195 66 153 -240 239 -172 -247 205 -120 93 -58 -42 -102 -200 4 101 213 -183 113 204 -155 146 -30 -228 -54 -204 244 -41 -152 -178 -69 -75 -5 35 -126 -27 -229 -57 206 -79 138 235 71 -7 -224 -205 -74 -137 80 -244 188 130 -153 -147 -129 -206 -105 184 214 -118 -190 217 12 -52 136 220 154 -124 117 -59 -135 -93 118 -169 -37 182 129 -82 -112 82 -109 159 -55 119 234 151 187 -213 139 -111 -188 21 -72 75 -225 -210 65 140 45 -64 51 -136 -73 -34 53 -60 105 108 144 122 55 106 247 60 -56 -45 222 -177 -186 199 74 -104 -94 -194 -250 6 230 41 -6 107 162 -187 -249 240 143 -130 -226 -29 61 102 1 48 -114 210 164 219 62 -207 69 -110 -99 -23 -12 -1 177 20 -50 -2 179 148 8 -176 176 -159 142 17 98 -140 103 145 90 26 79 -11 -171 85 -62 92 185 124 232 -166 91 -123 135 23 -235 -65 -67 -165 -10 -239 -184 -161 29 9 14 -133 22 -158 110 249 44 121 195 194 -227 7 63 88 -162 -201 99 -80 174 241 -87 64 -14 11 -180 86 3 196 -248 67 -16 25 216 56 -47 -32 183 -146 -106 -170 207 -214 -242 42 -8 245 28 -168 83 -122 -156 18 191 -115 186 -174 -245 52 173 -88 94 158 -192 112 -134 -68 -25 -15 15 127 -160 -198 111 -142 -43 78 181 237 -116 -89 226 -148 -215 189 150 161 -234 -119 -236 -203 -51 46 -66 40 97 -185 -163 58 -100 -151 95 -48 -24 203 32 -39 77 30 13 -13 120 89 0 -131 104 54 -46 -132 -91 243 -38 -217 -164 -19 171 -216 -90 218 59 -221 175 -18 -33 -196 225 221 36 115 -167 -143 70 -97 -232 39 -108 5 202 57 -197 -92 209 114 165 -138 192 178 -202 229 -220 -238 228 -230 33 -96 197 125 170 238 -127 76 231 212 -44 -31 126 109 157 -77 215 224 50 -144 -231 -145 169 248 24 132 -219 180 87 -84 -222 -9 -223 223 -211 -175 100 -63 198 -208 155 -243 227 -86 -189 47 27 -173 2 -218 -193 -139 -98 10 34 -149 -141 -103 167 134 208 -71 152 236 -233 201 -40 -113 -101 -107 137 -246 131 116 133 163 193 242 141 -154 -209 149 -181 147 123 -241 -28 -20 -78 -199 -121 -157 -21 19 128 -150 49 81 31 43 38 72 -26 200 -85 -35 -191 -53 233 -179 190 96 -76 73 -182 160 156 -49 -128 37 -3 -117 -4 -212 168 -61 172 68 -125 -83 84 -95 -70 166 246 -237 211 16 -22 -17 -81 -36 
TEST 76 ARG:-103 236 67 -229 -42 -169 -12 -40 64 -145 77 132 74 -6 17 -3 -23 107 -160 -22 190 98 -225 166 -154 194 187 228 73 -98 88 -224 -125 -140 -185 151 142 -148 37 -238 43 94 213 127 -206 -50 27 31 -116 -205 -239 -51 -96 229 164 -4 -9 76 -183 205 -115 -80 247 204 210 -202 15 225 80 49 18 128 146 175 -29 -7 222 -250 122 -215 -74 137 -87 -66 99 61 -165 2 -236 82 -107 207 20 19 -1 -161 125 141 -139 230 -227 97 -134 -35 245 121 -34 -19 12 3 -15 161 -124 156 -180 203 -213 -249 -191 -246 -57 179 -208 60 -242 -5 198 219 42 21 52 149 -49 -219 -197 55 -58 168 -128 -68 -26 -11 -127 -132 89 4 51 181 -152 216 176 -234 48 10 248 223 -200 106 79 133 -16 23 -25 16 -43 -204 -237 -245 -244 191 158 -120 167 148 232 233 62 58 -73 -81 -122 -37 209 -52 53 -79 -141 -231 -168 140 -147 -117 -223 -178 -99 -21 36 -54 -182 -8 -28 -45 -24 188 237 -235 159 -95 178 169 -112 -172 120 78 116 38 -199 68 220 206 -186 -76 -84 -195 177 -194 95 -92 185 -243 -240 -146 215 0 69 -83 11 -94 -119 193 199 -230 -38 201 226 30 165 -211 -210 173 -188 238 -2 105 -53 32 -228 160 144 -123 180 86 -63 102 -232 -143 -192 -61 -162 -142 1 -158 8 65 129 -78 84 -108 25 217 208 119 218 110 -171 35 -75 -216 -64 -33 -13 45 -71 -30 -217 7 -144 135 170 136 -153 111 -131 -177 -10 -193 139 -187 5 196 46 224 -138 -233 -164 -248 -118 -163 -65 66 -47 -18 83 124 -212 -59 -104 109 -136 -121 92 -220 154 130 -159 227 93 100 -14 134 96 147 -133 -222 -173 70 50 186 -149 113 183 -190 244 -36 234 197 -32 108 -55 138 -44 -88 -20 -176 39 -105 243 -110 -91 33 -203 -97 157 -114 -31 -89 -102 118 -69 -56 85 241 123 -86 -101 -196 -77 87 44 174 162 117 -184 -198 -170 202 -130 72 -247 -241 54 -27 211 131 34 -17 -135 192 239 -218 -156 200 81 29 189 -166 182 -109 71 -93 235 -157 90 47 214 163 115 -151 -201 -155 40 143 184 57 249 41 -111 -82 152 -207 145 22 59 75 -46 246 28 -137 14 -60 -67 13 -209 126 -126 172 -129 91 221 -174 -70 -150 -72 112 -181 -113 103 231 240 -90 -39 -189 26 -48 155 101 171 24 9 6 195 -179 56 -214 -41 153 -100 242 -221 114 -62 63 104 212 -167 -85 -226 150 -175 -106 
TEST 77 ARG:199 -76 114 -245 216 16 153 217 -118 235 120 -79 -60 36 1 -197 -175 70 -222 -62 -121 -108 110 161 29 -74 -203 205 -44 -136 -101 -61 -148 209 -16 -54 -51 129 34 -205 -223 -128 -146 -94 167 -168 17 98 54 -96 -100 177 -156 92 -160 208 170 -31 -8 -15 -86 42 -206 -21 -41 -213 68 131 -107 180 -6 -95 -185 8 169 24 178 89 229 -157 145 -19 165 -225 94 -239 -178 -9 200 -151 -186 -224 -182 176 134 128 -214 -119 -123 160 -23 -179 -194 19 112 -181 -228 27 102 244 9 -131 -201 43 126 108 135 -177 -11 59 95 -246 155 -12 72 3 41 207 14 50 83 -10 -84 -200 -102 122 53 -170 -64 -180 144 143 0 -237 -97 33 -13 99 -202 -93 -143 46 85 -139 62 -248 132 80 -67 171 -77 -66 201 -68 -50 139 -240 -92 101 -88 213 232 -226 -36 142 69 -218 -72 136 219 -154 -155 -25 -7 -103 -120 -20 47 -153 64 38 118 -209 -158 -165 197 148 -227 -37 -133 -109 -39 106 -58 214 -49 84 -126 -29 67 88 35 6 93 -135 140 -14 -171 -73 -234 222 -75 133 -98 -147 39 -167 243 -124 -217 -40 -220 150 240 -91 154 156 -152 202 138 86 44 -42 -134 146 40 23 -204 -83 -33 -164 -150 -65 73 -249 -198 141 26 -215 -116 -144 48 -69 147 249 28 -24 -106 -26 215 159 -70 75 -159 -81 37 -221 -244 187 137 233 151 97 211 -99 -34 65 -189 -166 -174 204 -38 13 20 166 63 51 -250 -140 246 -55 182 -30 203 -231 231 -115 2 237 127 -43 245 179 173 -241 168 -191 218 78 -247 227 32 115 -87 -2 15 -219 -82 190 -35 -78 4 195 -22 -45 -47 96 25 225 185 -161 191 223 -163 -216 247 -27 90 71 -4 206 -59 82 -142 -195 -208 228 224 7 77 226 220 116 212 -183 22 152 230 -162 12 158 5 238 -5 -122 55 -18 10 76 107 60 113 -211 162 56 130 -132 124 193 -53 104 -196 -80 -242 81 157 105 -238 183 221 175 -104 -192 192 -90 -138 -236 -210 74 196 -113 61 57 -71 -130 -230 242 -110 -129 -212 -117 49 -199 -3 -149 21 174 111 100 123 239 241 149 -193 198 -28 163 125 -188 -89 -232 117 -176 -187 248 -114 -145 -111 -137 11 184 31 -233 109 -1 -85 -169 188 87 45 -105 164 234 -229 103 236 91 -207 58 119 52 172 189 -17 -184 -112 -57 -32 -173 194 -56 66 -190 -127 30 18 -46 -48 121 -235 79 -243 186 210 -141 -52 -125 -172 181 -63 
TEST 78 ARG:-47 -85 248 -50 55 -20 -129 220 149 15 231 97 -215 206 -189 77 102 -99 212 234 101 -235 -23 3 -159 98 209 176 242 123 -241 -147 -230 45 142 -154 36 -179 111 -142 -155 -90 225 46 -116 -98 145 -173 221 -74 -208 -71 12 161 -185 -107 -174 59 -152 19 -163 16 -193 -22 73 -28 17 11 18 -162 235 214 126 -37 165 192 -158 158 188 66 240 -161 178 182 -128 -246 -223 105 -89 201 -149 -60 64 -94 -70 54 -165 41 -18 -97 76 -222 -219 -49 239 199 187 -169 13 -110 -216 230 -59 -53 35 -122 172 207 -250 -7 184 114 -125 0 196 -108 129 39 -3 -78 -227 125 175 137 88 186 -180 -160 -13 50 69 -12 -52 -66 241 -211 189 155 28 -84 7 124 147 -177 203 -14 82 -34 170 223 -11 168 -42 -131 238 56 144 32 57 -183 -192 -194 -29 -182 177 -224 229 -121 247 -178 -104 -139 -156 -240 68 249 38 -198 -77 -242 -100 83 42 -51 60 30 244 166 113 25 -167 80 104 -24 154 -140 -148 -207 -186 -205 -15 44 -112 -111 216 75 -31 -138 117 24 47 10 -17 -217 90 185 134 -202 -10 -175 -9 21 33 27 84 40 131 -233 -145 94 -176 217 62 -96 61 -58 -2 22 180 -220 -57 -106 -19 1 -232 -164 162 -88 100 -201 -127 200 -30 -46 -126 197 89 246 226 23 121 -73 -95 -166 -109 -102 71 -61 -231 -113 -210 -221 173 -135 78 91 112 -226 159 51 138 -82 -86 -38 -196 -43 -191 171 74 -200 -130 -238 132 92 130 -123 -72 163 160 109 -87 -69 106 -25 14 213 -124 152 -170 -39 -204 -105 211 -172 115 181 135 -247 141 205 -134 -141 72 120 -188 -27 215 236 63 -83 -214 243 -44 -21 81 -187 4 118 95 -33 122 218 -5 119 -132 5 -101 -229 -225 245 232 6 -184 -206 143 128 -75 150 -150 -181 52 191 -212 99 -203 108 -36 29 151 -234 -213 195 -32 -243 -80 49 -81 34 116 194 -195 85 -119 202 208 133 198 139 193 43 37 26 -137 224 -62 -218 156 67 -209 9 107 148 -190 -120 110 53 70 228 210 -76 222 -143 -171 31 -146 -151 2 -45 -40 -93 -48 136 -16 -118 -35 -1 -117 -157 127 164 -168 233 237 157 -64 -63 -153 -68 -144 -67 169 -91 190 -56 -79 179 79 -55 -249 -237 87 -236 -239 -114 153 -103 -136 103 174 48 -92 204 227 -133 58 65 -8 -244 -197 93 -115 -54 -65 -6 96 -248 219 146 -26 -4 -199 -245 -41 167 86 -228 20 8 183 140 
TEST 79 ARG:41 57 2 -199 -148 -52 37 190 -111 31 52 9 -197 166 150 -85 204 26 -56 -16 93 -33 -250 -246 230 74 211 -7 209 -244 -108 -115 -47 -96 -131 216 84 -176 221 -44 169 146 -89 -88 -201 -215 224 215 -74 -216 234 -69 -18 183 -249 69 -17 -203 193 18 244 188 105 -50 247 -21 145 240 -8 -129 147 60 -184 214 -30 -9 -112 -153 -204 -34 167 -198 -210 4 -239 178 46 -231 121 -91 47 -84 189 196 56 -167 174 231 -94 -188 -124 -160 -224 -214 10 -202 -156 -241 -63 -157 -55 -169 235 -60 -79 181 111 39 -158 -92 106 -177 -54 -140 124 -27 -243 -114 238 200 -35 53 -185 194 -122 -72 -127 3 -19 192 -71 213 101 91 -152 -226 0 138 104 123 43 -101 30 -211 179 -67 134 -97 -217 152 -95 -99 -236 1 -228 -113 -104 148 175 229 78 -82 87 -207 119 199 73 65 -220 176 118 -77 -135 -180 -80 233 82 -118 168 76 -25 5 20 -191 -218 117 -209 -170 -164 75 72 77 128 -183 85 -138 220 153 131 44 -126 -187 -2 100 19 163 203 -134 89 -208 225 205 -49 -190 27 34 -165 246 51 103 136 -39 -179 197 -212 161 -31 48 102 6 25 -45 133 228 108 80 201 -144 -3 70 116 -37 -151 -46 184 -181 -40 239 120 -75 -125 -105 -58 38 171 -230 222 -81 -121 21 241 -106 23 -142 113 182 -59 195 -51 -162 62 -103 96 -223 -247 16 22 83 126 -161 186 248 -146 -147 -233 -245 -14 249 55 109 -102 170 210 -62 81 245 -182 99 156 -240 -107 -168 237 98 -213 -61 40 -172 144 -90 -193 -205 185 -237 -73 -13 86 -24 -98 107 -109 -222 -22 -248 -28 -42 -93 -163 29 177 45 -219 -227 -120 -154 -1 42 -10 -66 -221 -166 -155 -225 165 -206 90 154 95 132 50 112 -11 15 -139 -100 -159 202 -200 137 173 162 -23 -175 -12 212 35 12 -137 -242 49 -141 -186 242 33 -194 -232 -128 -86 141 -76 125 17 59 129 143 219 135 -36 164 115 142 -15 -83 -132 223 71 149 61 207 -116 -53 -123 243 140 97 -87 32 -195 -235 -78 -196 36 92 8 226 -20 -133 -57 -171 227 68 -4 -70 66 -119 -38 54 -29 -145 88 217 -234 24 160 114 -43 -189 157 -173 28 -110 -149 -130 -117 -68 -26 158 -136 172 -174 63 -65 -229 -64 218 139 -5 155 122 64 -143 11 187 206 236 159 130 94 -178 -238 79 -192 208 -41 232 -6 180 -48 -32 67 198 58 7 -150 191 127 151 14 110 13 
TEST 80 ARG:168 -37 -157 -58 -40 -123 -147 -195 178 -145 32 -66 -232 -101 -61 75 -250 -238 21 -5 -1 186 -239 -242 -83 -133 -95 225 244 -90 -180 123 174 13 -155 -246 187 237 1 -209 176 -27 43 80 -219 -67 58 46 -7 17 245 -218 -45 -166 209 -91 195 -193 54 -162 -99 -42 -211 110 106 153 -35 144 236 -64 -247 148 121 115 -174 169 -169 -88 166 -23 -165 228 -160 -16 27 -53 -163 -15 63 -144 -11 173 -136 -13 -55 210 -121 141 -199 -244 96 -80 111 171 31 99 -75 107 230 163 69 -213 -146 130 -47 79 238 113 161 -212 -164 -50 162 -33 211 -30 -182 -14 -71 223 172 -217 -153 102 122 217 84 44 81 -126 35 60 -100 -188 -185 124 29 150 -207 78 -172 -122 -113 -94 11 55 -152 15 204 202 -18 218 160 -201 -231 239 142 -138 -167 233 194 -98 215 37 -44 71 221 48 -225 -117 -140 188 -181 23 52 4 -139 -110 240 22 90 197 -109 87 100 -148 -208 -97 -196 216 -141 131 -21 -150 -41 -134 139 214 157 -190 143 -49 88 119 -130 -48 -103 3 -233 -114 -214 199 242 -59 -116 -230 -205 207 -19 -243 126 134 -2 -17 226 -227 -39 182 73 18 167 -115 181 59 -142 -176 -200 -56 -77 101 -28 -119 -215 -168 65 25 28 45 -52 -72 -111 104 -124 14 234 -69 200 241 38 108 -51 -107 -131 74 114 213 128 135 -10 -46 -234 89 248 -9 231 36 -137 -236 92 116 -20 136 -96 8 -57 232 -206 86 -85 137 220 -203 30 2 -62 159 98 -175 -79 112 70 219 51 16 -54 -132 -125 -68 125 196 190 -171 212 -29 -102 -34 -78 -76 149 -179 235 -3 -22 -192 -38 26 -143 177 -245 -43 -4 57 145 24 64 -229 -87 140 -249 -89 -129 -36 198 83 -170 -235 -210 -63 249 5 -74 -216 138 7 -31 -183 -70 191 6 -197 179 91 -60 127 164 76 -202 20 -177 227 222 158 -118 -92 -104 247 9 185 183 103 95 109 12 -8 42 68 -222 40 -106 -158 34 152 82 -240 189 -32 49 -224 72 -127 85 -105 132 -161 -204 154 201 -120 93 120 175 -84 146 147 -81 -65 192 206 0 133 151 53 -128 -24 -12 -156 19 97 117 61 39 -223 -186 -237 -248 243 -184 165 118 193 156 105 77 -187 -151 129 -194 -221 -26 -159 50 155 208 -173 -73 56 -241 -93 62 33 -198 224 -112 -178 205 -191 47 -154 -226 -108 41 -228 94 170 -189 180 10 -6 67 -25 246 -82 -220 66 -86 184 -135 229 -149 203 
TEST 81 ARG:31 -233 -21 -158 140 -188 115 -232 236 137 -64 -182 -193 -227 -86 84 118 -121 -53 -9 218 75 227 143 36 98 223 119 101 -123 -137 108 -214 -101 112 -117 -159 -29 -104 211 12 198 37 41 24 230 19 -190 233 68 -10 199 -175 100 -205 -204 -57 -171 80 238 -78 -220 -13 -82 128 -102 177 165 -79 188 -161 228 126 -194 -152 -209 222 232 -206 -150 -141 -212 200 -69 -97 -34 70 42 219 178 -228 -165 215 -185 81 -28 241 -124 49 -106 -131 -61 173 145 -160 -195 -111 -211 -148 64 114 -187 -84 117 -213 -215 183 129 -37 207 -120 -94 206 163 1 -142 45 -40 -72 -162 201 -127 -73 151 -155 239 -210 240 -15 23 -99 159 -81 -208 92 28 179 133 -27 26 166 -112 -1 -173 131 191 -80 56 -217 -5 -91 144 -229 -166 -116 121 182 -167 -71 210 146 171 154 10 123 -235 77 87 237 -132 141 -50 -88 67 -41 -168 53 85 -58 -74 110 61 132 175 156 99 170 139 184 -25 -146 160 46 66 -6 11 107 63 187 95 185 -129 94 -136 111 109 125 195 73 33 -234 -184 220 69 90 -75 -14 180 149 -186 157 35 153 122 189 205 43 -189 -207 -245 4 155 249 -66 9 -176 -191 76 -42 -4 245 -70 -244 21 214 -151 79 -113 -51 190 213 134 30 25 -200 5 44 113 48 16 83 -52 -24 168 -44 -11 221 -247 -63 89 -48 130 -30 -39 181 -32 17 202 135 -178 54 -119 13 20 225 -226 47 -110 203 -107 32 -183 -149 247 -219 29 7 82 -38 -115 138 -242 -12 97 -164 -96 58 51 -170 -98 124 -140 -157 106 -203 -246 91 235 6 -109 -85 -126 -35 192 -222 -20 -122 242 -236 -3 14 -65 65 -153 -231 -144 -172 -77 71 -125 78 105 -143 217 116 -100 -90 172 -147 -83 -250 -7 224 244 -174 -218 -239 -31 -196 -54 127 212 34 161 -223 231 243 193 -55 246 226 196 -130 -128 -230 103 216 -87 0 -56 40 -45 38 -243 -60 50 2 74 152 158 3 88 -76 -33 -221 150 120 -133 -248 102 -8 -192 -224 -19 176 -47 -202 229 -92 -103 197 -238 -135 -49 -43 -145 -156 27 136 -134 167 93 162 -197 57 104 86 -89 -68 -59 -23 -2 -180 -93 -201 -241 -62 59 -22 39 -18 -163 -105 194 -216 52 -26 -114 209 147 -154 164 142 62 -36 148 -139 -199 169 186 8 -108 -225 -181 15 -95 -138 -16 -118 -46 -179 -177 55 -67 -240 18 248 72 -198 22 -17 204 208 -249 234 60 174 -169 96 -237 
TEST 82 ARG:-115 136 52 -138 -146 -221 -149 87 225 -213 -124 213 -145 -136 -183 -204 -162 101 6 -73 -180 112 238 234 -86 43 124 -222 39 155 82 -189 -179 164 212 69 16 -93 -123 73 -128 -33 56 160 -178 162 103 222 75 -16 -104 -88 187 217 -203 14 -142 220 -119 -171 246 149 35 180 -188 148 -150 -53 -241 28 12 179 -120 -249 -232 5 163 -28 -113 -69 -122 -169 104 -117 -244 34 -172 127 79 230 -39 242 -168 -218 -42 135 -77 -185 228 76 13 -170 38 24 -31 -228 -5 -78 175 165 95 1 -60 -129 248 -209 -250 -173 170 150 -92 -34 144 -105 224 -163 -236 -10 27 49 205 -140 184 32 -190 -81 -55 94 231 -208 168 114 126 -233 116 -102 233 -62 223 237 152 -20 57 71 -240 99 111 173 -14 67 -200 -225 128 -71 -206 8 77 -103 161 204 -47 169 -165 7 176 -107 249 83 58 25 -2 118 -36 -40 3 219 133 60 -50 68 -139 229 240 172 -58 -127 -109 197 -207 63 -217 -242 -214 -132 78 198 -30 157 185 -182 -100 -25 -85 74 -193 192 -239 45 33 221 -48 -246 42 183 -199 11 29 -215 55 -125 102 203 -112 191 190 142 208 -175 -133 -134 -223 -143 0 125 -202 181 40 -219 -3 137 -8 -147 -4 86 -231 -59 -116 -194 105 66 -76 145 100 -44 -98 226 30 23 109 -41 -54 -164 188 -1 140 -212 85 89 154 9 110 -9 -43 -90 -46 91 -21 84 -108 -99 47 -237 193 174 -118 159 -79 -177 17 -229 -248 -137 80 -70 -7 182 -224 194 -243 -227 123 215 147 98 -196 -230 -64 211 186 189 15 -184 -89 21 -19 97 -38 -68 -94 -95 64 201 131 117 -52 207 -197 96 -216 81 -192 65 -201 239 53 -87 -130 -154 132 113 37 171 206 138 -153 -82 -167 -158 143 88 -144 -247 70 -6 -238 121 18 -121 158 46 247 -63 -110 -159 243 178 90 22 -157 61 -11 -61 227 115 -67 -51 -37 -24 -111 -35 -191 -161 -32 130 -220 92 -91 -17 -97 236 199 -176 -75 -181 -156 -83 -56 44 41 107 -187 -22 50 -152 48 31 119 -101 108 -49 54 -84 62 129 -12 72 210 -131 166 93 202 244 156 241 -166 -155 245 26 59 10 -13 -126 -211 -174 -66 -74 -65 -26 -141 153 -45 151 167 4 -72 36 -106 141 -205 200 -235 216 218 214 -160 51 -96 235 134 -148 -23 196 -245 -80 -186 -18 -226 122 -135 120 -27 -57 106 20 -234 -210 -195 177 -151 195 -198 209 19 2 -15 -114 232 139 146 -29 
TEST 83 ARG:-65 -100 226 -94 174 182 -215 115 -141 -115 -33 157 -236 -21 13 -126 73 69 -213 -47 34 -57 -10 176 161 110 122 228 -42 135 83 101 204 -31 193 214 -93 -81 244 -198 -174 -222 -78 74 46 220 -123 -56 -155 47 -122 178 49 -9 234 217 -32 26 208 -134 126 -244 -245 6 -129 -225 -64 17 -167 229 -55 170 61 84 215 -145 207 70 -172 125 5 45 95 63 88 -164 -111 -175 108 99 -45 44 -197 -53 -72 9 213 33 -239 -63 39 225 -138 -185 -192 -190 -208 -77 19 -184 -210 -66 -4 209 81 -103 -76 3 -169 64 -46 163 -227 -127 243 -120 -11 25 211 -27 -219 42 -216 -237 166 198 -43 -101 4 -28 109 -41 -50 202 169 145 75 30 -54 77 -80 0 -68 103 -165 98 185 31 -137 22 78 195 40 206 16 -196 -182 168 152 -250 146 -158 -39 155 -142 119 43 -144 -187 -22 187 -249 -25 -82 112 121 -221 -70 -223 -6 -154 -106 21 -8 7 1 151 50 -71 -202 240 -140 -162 216 -38 -193 100 80 12 239 153 179 -108 18 54 233 8 53 20 -232 224 -23 172 127 106 -114 246 197 -186 138 2 192 175 -160 131 -17 -119 -212 159 -79 107 -176 -18 167 68 91 -230 -102 148 -95 200 -233 150 205 -51 139 132 -34 -189 -1 71 -128 162 177 -181 92 -20 -2 -183 -177 227 235 -110 -218 -238 -40 -163 245 -220 10 231 -136 144 -152 -148 -62 130 -109 86 105 140 -3 -231 -200 -188 173 96 -5 -29 -87 15 189 -14 29 65 -69 -130 -118 120 -117 93 184 -207 94 116 212 156 23 -13 -107 -48 -166 158 -89 -170 55 164 114 118 79 129 -195 128 27 -125 -59 -209 -135 186 181 35 66 222 -88 -36 -206 67 -211 194 104 113 -203 196 -124 -159 -180 -30 -157 -60 142 48 133 134 -235 -131 -91 -247 123 -217 136 218 -205 141 -67 -52 -241 117 -24 160 41 11 -224 60 87 -240 -168 -16 51 -105 249 102 -15 154 203 36 -49 223 -121 -248 -90 -84 -243 -143 -201 -149 236 -147 -96 -153 232 171 147 -58 -204 58 210 -246 24 241 -132 -226 183 -92 -199 28 -161 190 -229 188 -97 -74 -133 -139 59 143 -26 -116 -98 -12 -75 38 -104 90 -112 -179 -7 -156 76 137 -191 -194 89 219 237 248 -73 -44 -35 124 180 97 -86 -234 165 56 -214 -99 -228 -37 242 -113 201 14 238 221 57 -83 32 247 -150 230 -85 191 82 149 52 -242 -61 -151 85 -173 -19 -146 72 111 37 -171 199 -178 62 
TEST 84 ARG:230 -192 130 -193 -111 245 -64 178 -38 240 194 220 -80 -169 -62 191 -237 54 -205 -187 -170 -74 -29 -185 -89 209 161 -48 -97 -34 -130 -139 -63 237 144 197 52 210 -247 -160 148 -143 160 32 -221 37 117 183 6 121 126 87 99 -70 -226 58 -65 -218 184 -20 66 -2 -110 83 -10 233 -84 -227 124 64 -123 88 -58 7 4 26 113 -177 -81 -189 173 146 74 94 155 -18 242 -203 79 -182 -113 248 246 -201 -94 231 -5 143 149 -159 45 -27 -245 198 -25 -176 -209 247 -103 -108 75 129 -133 -77 120 -158 196 -119 -86 131 29 90 244 128 62 -100 -9 150 -224 106 -150 133 -167 123 14 190 53 -246 -45 238 -118 200 105 109 -121 -152 34 84 -149 48 -51 -124 46 2 229 -92 86 -21 -173 214 103 -197 158 89 127 70 201 -223 35 -88 179 -174 -78 177 118 69 236 -101 -190 241 176 170 -138 -24 50 -129 219 213 1 199 -44 -107 22 -43 235 108 -22 31 188 49 5 203 -54 8 -116 -137 112 171 -127 -52 -60 -163 -175 -42 78 222 -220 -233 -144 -87 24 -153 -240 116 -241 122 -235 -15 85 -243 56 -71 -198 134 156 67 -199 77 249 -229 -82 207 91 -115 -72 -90 212 -248 205 33 98 44 -37 137 76 -46 -109 -56 239 -162 -222 -125 -239 73 93 82 23 -83 225 114 9 16 145 -207 -215 -161 182 193 19 -234 132 135 47 -91 -230 -112 -202 -1 -164 -148 227 -228 -99 159 142 -171 -166 -117 -98 -66 -231 234 204 -35 181 -61 72 -172 125 -128 111 -53 140 -69 139 152 -142 92 -184 11 -236 104 -75 55 232 65 60 -11 43 -104 100 -14 107 -181 -141 3 30 0 -3 136 -49 15 -105 -186 141 97 -126 -132 -59 -17 165 36 -12 -93 169 -154 -32 202 157 138 164 221 -50 153 -196 218 41 40 10 -200 163 -31 -206 25 -16 243 68 -122 180 -7 -23 -244 -213 -179 -68 -146 172 -195 186 -147 119 -135 -238 -136 187 -39 -26 21 -216 215 -114 -67 189 223 -140 -102 42 -57 -249 -28 -225 -204 51 151 -73 166 96 -95 226 -30 57 -120 -156 -33 -165 -212 147 -76 185 71 -191 174 28 -157 195 -183 -250 20 168 -96 -208 38 101 -134 -214 -47 206 211 59 102 -19 -145 39 -168 12 228 -217 -131 -106 -8 216 -180 -210 13 192 -151 81 -36 -40 115 -232 -219 224 -4 -13 80 110 175 -155 154 208 17 -41 -85 -211 -178 61 -6 63 167 -188 27 -79 162 95 -242 -55 217 -194 18 
TEST 85 ARG:5 30 225 -62 149 -216 -6 163 -193 -122 -5 -217 179 -31 -69 150 188 77 174 -60 -46 -155 -227 -8 -240 -180 196 -248 -15 151 60 201 133 -203 -43 162 115 33 -41 116 -223 245 22 227 -91 249 -235 65 90 145 -165 -33 208 172 -50 92 -24 53 -21 -55 78 29 -67 -90 168 -192 121 157 25 74 -30 -96 -218 -38 -120 24 -139 -207 141 -110 -239 -234 87 41 -42 222 23 32 55 -44 118 125 197 -12 140 -140 -75 -246 126 68 -48 209 111 -141 -99 192 108 85 21 -144 -157 -146 76 -173 -130 12 102 113 -190 -58 -84 37 67 147 48 104 241 -4 214 -242 -171 1 237 153 46 -63 221 -194 -117 132 137 238 -177 248 154 -220 -150 -71 71 64 43 11 159 244 -94 -178 173 -215 -160 -111 143 31 -68 93 158 152 -124 -162 -170 70 -137 52 178 28 -105 36 -89 69 242 39 -212 114 235 72 -70 -135 -121 6 97 -39 79 -9 186 156 -56 95 233 205 -214 -204 84 229 -23 -74 -230 120 -181 -225 49 -142 82 103 200 -161 4 -113 144 -65 -82 240 80 -152 -191 34 127 -185 -222 -108 -159 -7 10 171 -250 81 -127 -100 -53 -34 -87 -132 219 170 -14 109 89 -241 232 128 215 -16 -54 -128 247 -164 -32 -189 112 -22 -154 123 15 19 -49 211 -36 -106 -151 -109 -168 119 51 -78 -126 -169 -20 122 -3 27 146 230 -231 38 96 129 -232 218 -28 16 56 -175 2 -136 -129 228 169 -19 101 -40 -133 180 -153 142 50 -77 -205 -97 -183 -134 58 -186 -26 -61 -196 83 -197 -1 184 -187 -116 -13 99 177 61 -73 -85 -118 98 -188 -86 -229 216 217 155 160 0 -98 175 -17 189 73 236 194 18 -59 -145 -238 148 204 13 187 -131 124 -147 -166 -45 -198 -174 44 176 -107 182 167 -27 -210 -156 -195 195 17 165 -179 -208 -11 -172 66 246 220 -83 -66 40 185 -221 224 210 -112 63 -125 117 183 88 -213 -37 -249 94 9 -224 35 223 -211 75 -209 -101 -236 -47 -92 -233 -167 193 -25 138 107 131 -200 -35 -237 206 -80 14 135 100 -93 -29 -81 -115 110 239 -64 7 -51 45 243 -201 -143 -158 -103 -244 -247 -176 106 -184 -10 -243 190 3 -52 62 59 -18 -182 -149 198 212 -199 136 166 -206 -245 -95 86 139 -2 199 -119 -228 181 226 8 42 26 105 -76 -123 -226 -79 231 54 234 -88 161 -202 -219 91 20 -57 164 -72 -138 207 -114 134 202 -163 -148 130 -102 191 47 -104 213 203 57 
TEST 86 ARG:-70 -201 50 -46 189 93 -68 -167 147 -145 138 97 -134 -148 23 160 39 31 -99 98 -28 -72 -48 -13 195 -248 -180 190 -240 58 -29 197 74 178 -174 -187 225 -168 -247 126 224 -181 -103 166 -154 22 219 232 -69 70 -118 -101 -53 158 -189 -224 204 61 -223 -34 163 155 -17 -3 -194 -62 -161 110 -88 -18 26 29 202 222 186 75 -124 -170 -121 -143 90 -39 -159 71 174 -150 191 34 -135 -192 -202 -125 185 72 -190 -93 -51 240 109 184 -237 -77 151 -172 -50 -120 -67 -158 96 123 -220 -89 -242 -98 -200 -21 -162 -178 -196 108 11 -111 -229 -138 177 -42 130 153 105 37 196 247 84 241 -128 4 -19 99 149 133 -208 -210 9 -71 227 87 -116 -209 41 242 146 49 -30 243 -100 -129 -243 94 73 -213 156 -66 -10 -102 -179 -79 18 106 8 -177 135 183 -206 136 120 -14 125 -195 237 -24 40 142 -156 -164 68 145 81 139 171 -81 16 -126 -75 -225 -234 180 -136 -157 140 172 115 -20 -207 -123 -232 229 89 -33 78 -217 118 -78 -246 24 92 25 -203 107 154 -130 -147 -9 220 -92 239 95 80 -131 -63 213 182 245 129 238 -97 192 111 214 124 10 -44 117 -176 176 59 -249 -31 152 44 -219 -23 32 134 157 116 83 -137 -238 188 205 112 47 -183 169 187 52 55 -64 -165 -55 119 -112 179 -90 -185 143 -5 175 38 -152 210 230 -186 2 201 -204 -198 63 -7 114 217 -12 64 -146 67 69 -214 -114 30 -47 236 -54 206 -155 -15 48 -104 -11 234 -236 6 -38 19 -193 -45 199 -142 165 14 -108 -36 164 -73 -141 -140 91 -216 -132 -133 198 -86 168 216 128 -197 103 161 -205 35 5 121 137 62 -188 3 -153 -199 -41 -160 162 209 207 -35 104 248 -65 -40 226 -222 45 -87 150 -52 85 -16 -85 -105 173 -151 -8 56 -226 -127 0 -144 159 86 167 -139 223 -61 15 -25 -215 200 -235 -109 -250 -83 235 -76 194 -96 46 7 27 113 -221 79 246 127 -84 66 212 20 53 -4 170 144 -56 60 -37 33 -169 -32 -115 -122 -43 102 -117 -58 42 -94 122 43 233 -230 221 -2 203 -91 100 -233 131 244 -245 -212 -166 13 -95 -57 -184 88 51 -228 -74 208 215 -182 65 76 12 193 -175 -119 -107 1 141 -218 21 231 54 -149 249 218 -1 28 36 -171 -244 -191 -239 17 -173 -27 -227 -110 228 -231 57 -60 -241 -80 -49 82 181 -26 -82 -6 -211 77 101 132 148 -106 -22 -163 -59 -113 211 
TEST 87 ARG:-108 169 -173 134 96 -103 208 -130 141 -69 -137 -193 -161 73 173 -105 -171 7 -82 131 -185 -62 112 -230 197 -70 162 -34 212 -194 62 133 35 226 167 -115 -228 190 24 -94 179 -48 153 177 -55 58 107 -148 149 93 -7 -101 -24 31 52 47 245 203 -87 241 -250 115 215 -30 132 -192 195 192 147 -25 126 -76 232 -235 -134 119 -151 70 -114 193 155 -129 191 23 -107 106 -32 43 129 -63 13 -135 -238 236 -123 32 120 171 -141 85 199 163 -131 98 82 81 102 198 142 233 -167 182 -83 -19 237 -233 -104 109 10 220 57 60 -242 -31 -42 -112 -219 28 -146 -96 17 -75 -90 -172 -214 56 -11 105 21 -50 206 202 164 -77 185 -138 -140 -26 -244 172 -150 240 135 -93 -46 26 37 166 125 136 3 -44 161 181 209 -41 -201 -98 -14 -16 -67 14 -236 -64 180 -5 -57 30 -29 -92 -61 111 176 143 -59 -102 -166 108 247 74 36 101 -4 157 144 83 20 -240 116 168 -36 -40 -241 130 -122 -160 -51 -223 -72 -143 5 -218 183 158 -33 -187 -66 -1 59 -13 48 -153 -175 15 -74 -89 -73 63 -182 238 -196 246 -38 -211 160 -136 248 -85 187 -186 100 6 -149 -232 -183 140 194 -60 217 67 122 88 -142 -188 25 218 -80 -12 68 -210 -164 94 -231 84 34 -117 -179 18 -204 -8 46 92 -237 -215 113 -157 -245 -197 -170 -22 205 249 -216 213 -180 222 53 117 -124 -23 -113 -198 38 -45 -248 91 -99 90 124 95 -181 19 -163 16 121 -35 221 42 224 -159 104 -203 69 189 175 -174 110 -97 139 -178 -177 -18 -54 -217 -226 -200 -147 196 138 -53 -207 97 -43 152 184 -125 -3 1 200 79 -2 239 -119 -169 22 29 -49 -222 33 -15 146 -221 -37 65 -121 186 -191 -206 -10 99 214 242 41 55 50 61 234 71 -27 -9 49 -109 86 -234 -71 -249 76 151 78 -145 -28 -190 228 11 227 -247 75 -58 230 -195 225 216 -168 148 8 -52 45 -224 -81 -86 156 231 -152 211 -154 -17 -208 2 -202 223 -127 -128 4 -118 87 -100 128 -199 -56 -91 -20 170 -79 174 188 -243 -213 44 -68 -246 229 -132 165 210 -225 235 -65 64 150 51 39 -39 9 -229 243 -139 204 40 -110 123 77 72 178 -144 -184 103 -158 118 127 -155 -176 -106 54 -78 -165 -220 -126 -95 -133 -227 201 -21 207 -162 -47 66 -239 -212 -84 -120 12 -116 -209 -189 114 244 145 0 89 -6 -88 -205 137 -156 27 80 -111 159 219 154 
TEST 88 ARG:167 -96 -44 -113 122 169 -120 -22 -61 57 -32 -119 -4 -204 -10 168 109 121 -242 -94 47 88 -177 -154 -146 207 -209 -160 178 135 -80 -214 -79 177 162 -115 86 75 93 243 -182 -139 139 -235 -140 -145 100 -171 133 -189 -53 46 229 48 185 24 157 -138 18 -125 -15 218 199 30 -208 -234 176 62 -246 -50 -128 -37 -245 -206 143 -89 19 246 74 -229 87 -90 64 81 211 151 140 184 58 172 -110 -136 222 -2 134 -49 108 -7 -158 -184 -240 -179 -60 8 -161 -225 -111 -243 67 -47 -244 132 -216 -82 -241 -35 -68 -153 45 14 -26 216 144 -81 -172 -174 -168 114 224 -191 -220 230 234 249 32 164 0 233 85 128 -167 39 -212 130 -93 -186 116 -19 225 102 -201 -66 105 228 -198 137 -183 154 -126 -97 -192 -21 22 217 77 -38 -99 -41 -147 33 -141 -230 115 -134 -218 -144 150 242 -200 7 -108 -18 -164 147 54 213 -74 -155 181 148 -249 -69 127 232 247 -226 117 55 -197 -105 -40 -86 -247 -43 -127 -190 239 163 15 120 37 103 -248 -124 -14 40 97 156 65 -34 28 -231 -250 -52 -42 3 11 71 17 90 248 92 27 -219 -135 -152 138 196 -194 -54 1 -107 -203 -176 4 38 -55 73 170 -92 -6 159 202 9 -181 215 -62 -100 245 -75 -57 -56 -210 187 101 -232 125 -187 53 149 238 208 25 129 82 66 44 180 96 -130 16 231 191 20 6 200 235 219 -106 -239 99 -29 -142 36 23 212 124 -25 63 106 -85 -12 195 244 -150 -166 -238 -233 35 13 155 131 -77 -196 95 -78 84 -13 -8 -236 223 -23 -72 -58 -88 179 -17 190 -132 -31 91 -185 -137 -217 201 -87 227 152 98 160 -169 165 -131 -65 173 -207 -221 -20 226 69 79 43 -149 142 -1 -211 -95 236 -46 -117 -91 221 111 -28 34 -122 41 -24 50 104 158 206 31 241 -170 -123 -84 -118 -228 -188 240 145 -227 192 -48 175 -76 -98 -159 78 -199 189 -16 -114 -83 123 110 -163 -129 -222 214 -36 -73 -178 -27 59 80 -175 209 112 -224 -5 70 83 -151 49 -45 89 -64 107 -11 -213 141 21 -116 188 -173 119 -103 237 -3 -157 72 183 -162 51 -205 182 -121 193 60 -39 210 -70 10 -143 171 113 42 -51 -112 94 56 -215 -67 -202 161 -156 -63 29 198 -59 220 2 5 -193 -237 52 126 26 -33 194 -30 205 -165 68 -195 -9 -102 146 -223 166 -109 76 -71 197 -148 61 -101 12 204 153 -104 174 -180 136 186 -133 203 118 
TEST 89 ARG:240 83 70 194 -239 235 -155 -76 65 -173 -41 -104 68 -102 200 79 197 -120 233 -232 217 -111 94 -135 218 -40 7 245 188 -112 24 107 45 210 108 -51 -108 -143 -5 176 -153 -228 -11 -220 15 -79 60 55 216 -219 -86 -63 -170 -53 208 248 -69 130 142 138 -87 42 -18 164 132 -81 -158 -212 -70 214 140 -89 212 85 86 -77 -109 78 -16 -38 231 -136 -67 30 -9 -35 10 -145 246 112 224 -178 -167 -43 106 -191 88 -21 179 25 199 -42 53 -227 -58 -177 201 4 -107 -30 -134 187 -198 169 171 -231 72 219 -15 -122 -240 -110 -209 3 -28 96 -215 -176 166 67 190 244 -142 189 27 148 -44 -49 158 155 -236 147 -116 -138 -187 119 -185 -202 125 97 23 52 48 61 133 170 54 121 59 -32 -188 43 139 -88 -101 -139 81 -147 -204 -8 114 -214 -166 209 162 -98 -141 93 41 153 29 -140 -118 -57 -126 82 -208 136 205 57 -95 -72 66 192 -71 -14 20 113 -243 -27 222 -4 116 237 225 184 215 -17 128 230 80 -96 -94 91 -159 -132 -168 213 36 -73 77 238 -91 -221 -186 -137 -216 -55 -248 75 118 98 -154 37 168 -90 76 161 -180 95 6 -117 198 56 50 151 -149 156 117 -10 221 149 167 -197 -131 -61 -133 22 243 -172 -59 -210 122 49 -68 21 -47 -123 -128 -206 -226 -31 154 -50 -60 9 -234 -124 100 -179 105 236 11 131 2 -19 -229 110 -222 -34 -211 175 -115 87 137 92 12 -193 241 143 -183 -103 -121 141 -195 40 -238 26 191 -64 150 -105 -181 -66 239 -200 -174 -144 -74 -75 28 -148 111 -242 -230 -24 -203 115 38 -12 -151 -217 46 -161 -196 -78 -52 -157 69 204 -235 -246 14 -84 -160 -241 -13 -92 -213 203 71 -80 -205 1 -152 -45 -97 31 -150 -129 195 -127 -224 -250 33 -29 127 63 -175 44 -83 74 -182 84 247 123 182 183 103 39 -184 34 181 -25 -6 -201 32 185 249 -207 18 -245 5 178 211 -171 -7 -33 35 126 -146 90 -2 165 -162 206 220 -199 -169 196 157 -233 13 120 -244 -56 51 234 -125 -65 -82 -194 -46 207 160 146 186 -3 -93 0 229 232 202 89 -190 17 180 -164 -165 109 -62 -99 -48 -100 145 152 -54 134 101 -39 242 -26 -223 223 227 -192 129 172 8 -106 -36 -156 -218 -114 -130 -20 -189 226 -37 177 -23 -249 -163 73 16 -113 144 62 -237 193 -85 47 102 -22 173 159 -1 -119 -225 58 163 19 228 -247 99 174 64 124 104 135 
TEST 90 ARG:45 -148 98 -229 -18 94 -155 -132 145 193 125 -114 40 203 -135 39 124 -30 -118 -52 141 -105 247 65 152 -100 119 92 -200 -123 67 134 32 -169 -160 -108 -202 84 -59 -153 150 199 -167 -73 -198 246 249 -225 60 -63 107 179 -64 -79 -20 -12 151 -151 103 -212 -85 -145 167 -236 95 38 2 -187 62 -161 207 48 -56 72 50 220 76 202 -219 -224 -138 205 -133 -227 -103 142 -19 -36 -237 195 213 -28 16 -11 157 143 -110 -140 -70 -188 100 89 -201 -119 -17 -91 -150 -182 -181 7 -144 -88 -23 -95 -122 -4 -106 -58 -129 -245 12 -183 245 -83 110 97 227 122 120 129 57 159 53 105 -189 -141 -205 232 58 44 -78 -34 -195 90 -184 31 -22 81 -249 219 96 186 -190 -31 64 -158 -226 192 173 42 166 -233 -194 239 -240 -117 137 185 138 176 -197 46 15 -44 30 -42 23 54 -50 -109 201 35 -71 241 187 -45 117 -221 -207 206 -147 -7 47 -172 -111 208 -107 63 -51 154 -137 -99 85 171 -74 -193 -152 161 242 101 61 11 164 -215 82 -94 10 147 -203 34 -173 -87 -53 204 0 -32 -98 212 224 234 106 43 -143 -84 -163 80 -204 162 88 -247 -24 59 73 18 99 -216 -115 -210 -248 -112 -21 169 70 -77 41 -166 28 209 -68 91 -48 86 71 56 -130 132 -178 -96 6 215 226 -6 -75 131 -142 155 13 108 230 139 210 165 211 240 5 55 -92 -139 3 -211 -104 178 -82 -66 9 -168 -180 102 172 -154 -134 -191 -125 -127 78 248 -61 136 49 126 -38 184 -196 -35 128 27 111 104 -235 -217 -26 74 8 223 -41 177 17 25 -8 -124 -9 -67 -90 146 -185 -213 -214 -165 -174 238 -209 -222 -69 -250 158 236 123 182 160 -13 -2 83 33 -15 144 -238 115 -25 -131 1 -65 135 -146 -10 -220 191 -176 200 116 -218 -126 -177 -242 118 -179 -14 -239 225 -243 -244 233 -57 109 -60 -39 68 22 -159 140 -223 69 29 113 75 -206 -49 93 -157 79 -230 -62 -101 188 -136 130 87 -97 -43 133 -47 4 -16 168 77 216 20 114 24 -113 -40 112 -29 194 -72 198 52 127 -27 170 36 -37 -162 197 -246 121 175 -55 221 -81 196 174 19 -164 -5 21 -121 -234 -192 148 -102 51 -120 -76 237 -232 163 214 -116 -128 189 -156 -89 -241 -33 -54 228 222 -208 -3 26 -1 14 156 -46 -86 -171 -228 217 235 244 183 -170 -231 -93 -199 66 -80 231 37 190 243 153 -186 -175 218 149 180 -149 181 229 
TEST 91 ARG:-250 79 152 -97 148 5 98 238 -211 132 228 -18 -68 -2 146 166 -96 73 -72 216 233 222 20 89 54 -92 -41 156 -107 191 136 -181 -173 -33 63 -210 -102 -12 -103 -4 -243 120 -167 -89 125 31 37 51 193 127 -39 -180 -226 36 61 -21 117 218 -110 151 -105 -231 -28 -94 4 180 -176 -116 194 -84 -83 74 25 -133 -15 85 24 -119 102 -151 23 -138 -115 -214 143 -205 175 -70 29 141 -58 -201 -60 -10 -66 245 121 -156 -154 -220 -135 -149 -112 82 -35 109 -57 -106 -48 197 179 147 -13 -104 -79 -69 -164 -49 170 214 -141 -77 -219 187 -184 -162 -228 -207 33 234 96 -175 -9 172 -93 -36 185 -52 -42 -95 27 247 -27 -131 87 -202 94 217 -65 -161 -32 122 64 -109 -221 -114 -126 16 -113 -108 165 215 131 237 -206 144 206 -163 201 -144 -51 -29 -142 210 -186 -159 -197 177 -34 101 -53 163 -63 -59 -193 -61 116 134 -218 -43 -179 -249 48 10 106 -81 35 118 44 57 200 -247 13 -196 -47 -23 212 -85 -45 59 3 42 167 80 240 -98 -216 -222 158 -153 -182 -237 123 -194 162 -239 -199 -240 -229 -139 204 244 -232 126 229 182 -54 -3 246 46 18 -225 178 183 -111 242 -223 -88 17 12 249 7 88 -75 -195 -76 139 -24 -234 -152 -157 213 32 140 43 52 -209 248 77 -130 104 190 86 -191 202 78 -50 14 95 -129 -170 97 58 135 192 -177 -73 142 -78 -99 -123 40 138 39 129 128 -189 -147 60 -187 -1 -80 -30 -235 207 -244 -101 -74 115 176 168 0 -11 -125 -64 47 65 155 81 209 -178 198 6 103 189 -169 203 181 91 -121 235 -100 -128 -122 45 -55 -117 -171 107 105 -67 49 21 171 -132 22 -137 -145 195 -56 221 -241 -248 99 239 53 -46 83 196 70 -19 159 -185 -165 232 -71 -212 -127 -236 -37 150 -238 -20 227 -134 161 208 -174 164 84 -192 75 93 226 -215 11 55 -213 114 157 112 -87 -208 110 2 -17 -245 -242 186 113 -227 56 30 -120 243 -204 15 154 108 92 -217 -90 9 -148 -166 -38 230 -22 -44 188 100 -198 241 72 19 231 236 66 -91 90 -203 -233 -82 -124 -40 -200 76 -62 119 130 -224 149 111 8 67 -136 -188 -8 225 -140 34 205 223 -230 145 -26 -183 137 -25 62 69 153 -6 -146 -118 160 -86 -5 38 133 173 -158 -168 50 219 -155 -160 -150 211 71 41 220 169 184 124 -143 1 199 -172 26 68 174 -31 224 -7 -16 -190 -14 28 -246 
TEST 92 ARG:-25 -11 -177 211 186 -198 126 -220 89 19 -143 -7 123 -228 -157 -239 -202 -200 -125 -36 -142 5 -68 48 134 188 -246 21 -15 -136 -146 159 160 84 -2 -230 130 -43 -55 -235 -182 190 -14 -94 -234 182 -205 119 91 67 -102 -38 57 15 7 -174 -150 54 -8 145 9 -58 179 -223 -20 206 85 -140 110 101 -160 142 96 -229 -93 50 -187 122 -6 60 218 -218 199 125 -59 8 26 -115 83 194 181 -154 -17 131 28 225 -197 -212 -27 192 -61 -171 105 -77 -190 247 -104 -87 64 185 -12 80 242 -63 109 -226 -138 -48 -238 -148 62 37 172 -152 38 -185 -73 227 46 -145 202 -135 -72 -37 201 212 68 -133 195 -241 -42 -141 217 107 147 -225 82 -67 79 10 42 115 -168 -82 -244 173 -30 215 -144 152 118 -217 -181 -134 63 -85 36 163 200 -100 213 -35 -105 197 -237 -111 75 219 -49 -46 154 52 249 153 176 204 161 76 -10 -207 72 -231 -3 -130 65 221 108 -173 175 216 -52 244 231 -26 170 243 150 203 2 214 -153 39 -183 -13 -45 -184 102 180 -16 -158 117 -208 -24 24 77 -62 -209 -53 -224 94 -47 -128 -4 106 93 -250 209 -204 -34 -147 143 230 -149 -88 -92 97 166 40 184 -106 44 140 -248 235 47 -1 -249 148 56 31 33 222 229 78 -170 -206 -245 210 -211 224 -32 16 -22 6 22 -114 11 -69 205 114 -89 248 -75 156 66 -176 -222 -210 -236 191 -74 -180 -227 30 -84 241 -186 146 -21 -107 245 168 -201 61 207 233 -162 -164 -79 174 0 167 129 -91 158 128 -54 -50 90 92 -110 -29 -215 -65 162 198 32 -97 -199 13 -60 -41 -129 -119 1 171 34 -139 71 234 49 136 73 -219 -124 -81 -247 41 -57 141 -28 189 -56 -23 111 14 -18 51 18 -31 -86 -131 29 133 120 -9 -51 3 -169 220 124 -5 -167 58 55 74 104 132 25 -118 45 35 -117 -166 -112 86 137 -243 81 -39 -121 228 113 69 17 -108 208 196 -33 -70 -151 127 70 -192 87 187 -123 -126 -240 -216 -175 139 27 -159 -44 193 -116 4 -83 98 -95 -161 100 226 -137 -109 99 -71 151 -195 157 -40 -194 -233 -90 -103 -191 -122 88 -178 177 -165 -80 121 103 43 -221 135 59 23 -96 -156 12 237 -64 116 53 149 -101 -163 -172 -214 -193 -189 -78 -113 -203 178 246 183 -155 -242 -127 -98 164 -232 155 239 -196 -120 223 169 -76 -66 232 112 95 238 20 -179 -19 -188 -132 165 240 144 138 -213 236 -99 
TEST 93 ARG:-224 208 -227 144 14 49 -120 -102 -244 -87 154 136 -161 223 200 -33 162 55 -185 219 -217 36 -119 173 -166 184 -54 -192 26 195 87 176 135 -96 138 209 -138 -183 151 238 -18 -75 -90 16 204 22 -198 -26 -236 -122 -61 -220 125 -41 -226 41 155 -197 104 -249 -106 -113 199 212 120 -15 81 163 132 -65 -211 -3 -203 -63 -58 -143 -237 -146 54 -60 167 -230 110 -214 171 -95 -137 -170 -162 102 -103 143 244 -51 45 -222 232 59 91 -74 -132 -83 51 165 69 172 -210 -73 127 25 -114 33 215 99 47 -196 -5 82 126 -233 -204 -48 63 -133 86 -16 -158 189 -239 -53 -76 -89 -34 -68 -141 -101 -70 -116 -167 -110 210 161 241 -118 -42 -35 217 124 170 130 147 174 185 206 -2 -77 -159 152 80 -36 -40 11 -147 224 27 229 201 -31 129 -37 13 -228 207 122 246 -80 10 -201 -199 -125 71 -209 43 123 -176 53 -208 160 50 -47 107 -52 -150 -130 79 -94 88 -19 -23 -6 -195 -235 62 -191 -109 37 -46 78 29 40 -245 -145 -186 73 -216 42 85 -100 84 -66 7 95 74 8 149 178 158 140 -39 21 117 -85 -205 -91 115 -206 -140 -82 -193 30 6 -242 -64 231 -128 121 106 -105 218 211 32 192 239 -218 245 -28 -190 20 57 9 -171 -131 203 -139 44 -142 35 -221 193 -232 -152 186 -238 -155 67 225 228 242 177 -21 -250 -127 18 111 119 -154 164 -29 222 -71 137 -69 38 139 -92 -84 93 168 -177 214 103 -178 -157 169 28 142 243 166 34 -25 -112 216 -165 108 -229 180 -67 58 112 -56 15 64 98 -175 -144 -44 -14 1 146 77 213 90 -243 89 -189 60 114 237 -148 31 -187 -88 -163 240 46 68 183 0 92 249 -99 118 -215 194 -129 70 188 12 248 230 -7 83 -153 227 233 -81 97 134 -219 -151 -12 -182 113 105 -172 -49 3 -98 -181 -115 -168 190 -104 -207 56 -72 -231 19 226 156 -30 2 75 -240 -136 -43 -57 -164 76 197 17 198 61 -79 -20 -223 159 -124 -9 -202 -38 -212 148 -241 -246 -213 -45 94 -17 150 52 109 220 128 -55 -134 182 -32 -121 -194 116 -1 5 72 -107 -169 -93 -173 221 -22 -97 -11 181 -248 -27 -10 -149 66 235 24 157 -180 -200 234 153 -234 -117 -62 -135 133 100 131 48 4 175 205 179 -179 -8 -160 96 236 39 247 -174 -188 -111 -13 202 -225 -184 196 -108 -50 -126 -78 -247 -86 187 -123 -59 191 101 23 -24 -156 65 -4 141 145 
TEST 94 ARG:-198 37 207 64 -224 -177 99 53 -125 -131 112 -202 61 238 158 220 41 222 94 -72 -5 122 202 188 -108 -158 -53 88 117 -70 -89 -240 118 -178 -16 -142 19 153 -236 -170 11 242 -34 -112 62 -120 163 92 81 170 -59 -64 -157 236 -122 -92 15 8 -9 -17 3 -241 84 89 72 164 131 100 -134 -219 -94 189 -220 -107 -199 230 -60 -24 -153 102 7 -175 -113 225 218 -190 -100 -126 -172 178 48 -208 -171 -217 86 59 197 143 180 176 76 71 49 -166 198 -174 -46 249 -130 -231 171 -105 65 -85 157 -84 -246 -22 -21 137 229 -133 -47 184 -237 -250 116 -232 -156 134 -181 -67 244 -96 205 -54 46 5 -36 196 -161 105 -193 -82 146 -154 -127 156 129 -169 -121 -115 179 -50 -87 -4 63 10 -10 -32 -110 177 54 67 -176 -103 -18 -218 114 -129 -28 -124 55 -101 -123 -33 -79 128 144 140 -106 121 219 149 -160 -233 165 31 95 -71 85 -1 -201 127 52 -56 43 -86 -145 -243 150 -116 82 -55 24 16 4 191 -104 -230 -200 -69 -138 167 -185 125 27 195 -151 241 96 29 -247 -51 -168 204 136 -41 172 83 -215 -196 77 6 -74 73 -244 -81 9 -52 -226 -242 239 221 154 -77 45 -146 -49 203 192 -61 124 126 -207 145 -98 -20 -187 -210 115 -180 51 -216 -179 108 -83 -8 -132 -27 -150 -225 138 60 210 -152 -75 -90 119 -186 -248 148 -91 79 -93 152 44 -228 -143 120 -62 -57 -192 -48 -42 -149 162 -114 -40 -39 133 227 -197 -44 39 159 228 0 141 -140 -209 113 17 -212 101 -19 226 -58 40 68 56 -205 -235 -141 233 58 142 -164 1 2 -45 190 212 109 -135 42 107 -184 -191 110 -206 123 -239 -167 -102 160 -2 69 -76 187 93 18 -211 175 91 -203 -159 -13 234 -214 -25 151 237 155 -227 224 50 75 216 26 -15 98 -249 -23 214 70 -204 -12 104 -144 47 32 111 -195 209 169 201 -6 -163 181 -43 -11 -118 135 -63 90 -26 -182 235 -213 182 -80 166 14 -14 87 -109 -66 -37 -229 13 30 200 -128 57 174 38 20 -78 208 -35 33 -194 -155 97 -183 168 -188 80 -30 -137 173 -245 -148 161 217 247 -147 243 -3 -119 25 -95 -65 206 246 183 211 22 194 -73 36 -111 -238 139 -189 21 78 74 28 215 34 66 -234 -223 245 23 -88 -31 -162 -117 199 186 103 -222 213 -165 -99 132 193 -173 248 -136 231 232 223 -7 130 -221 -38 106 12 -68 147 185 -29 -139 35 -97 240 
TEST 95 ARG:-27 174 -9 -106 94 188 -17 -240 32 -192 -212 223 211 65 114 172 10 107 -143 -114 121 64 60 -201 124 -243 -195 -196 -36 -229 -58 -118 -60 128 183 -131 -138 96 -90 8 90 -82 225 181 18 -74 -142 115 -217 -134 -225 -56 77 -76 -235 -95 -244 54 -193 156 164 102 -153 62 153 87 -75 194 -181 -170 -129 86 -6 176 51 113 79 -141 -24 -145 177 196 12 206 141 91 35 127 167 71 -218 -40 -177 231 129 184 6 -92 137 103 160 -113 -219 110 242 209 -44 72 108 -156 -136 -223 -245 -26 247 -15 -209 29 -88 165 1 151 105 -93 -115 -52 100 -107 -79 -185 -140 197 -166 -148 84 157 -99 -180 -160 53 -128 50 -167 -165 98 11 -11 -126 -97 -10 13 130 -157 -214 -213 92 -130 -68 120 150 97 -147 73 -4 -21 -119 208 -49 158 154 28 67 3 -241 -226 192 240 191 -41 -249 21 134 -238 -8 122 -103 179 -246 -47 131 230 -85 -94 244 -197 -172 149 -132 235 48 -101 -14 -206 23 -174 -83 -152 56 -109 -188 -98 76 14 25 -203 214 37 185 57 -228 -171 -80 241 119 204 148 205 74 101 -43 -236 -182 43 -70 -7 143 42 52 85 -163 187 -61 38 215 -2 -247 -34 109 -123 182 -216 145 220 -178 219 -155 125 -124 166 -120 -158 -135 234 -37 34 -51 -220 66 193 -227 -149 -198 237 -12 112 -30 -111 -242 -100 -3 246 -207 70 75 41 -20 -28 83 -237 27 222 155 -248 16 -184 132 202 -159 238 -62 17 135 175 159 -5 40 -33 46 -46 248 -22 -221 -104 -116 -187 -45 -222 -169 -23 -122 -35 198 -205 61 200 58 9 7 -91 -38 -25 2 -64 -200 -13 -173 -232 -186 -81 63 -210 -87 227 -117 136 -194 -18 212 123 126 59 118 24 39 -144 169 -162 -86 170 -16 -63 -234 106 152 -73 -202 -204 5 -78 -146 199 -42 -127 216 55 68 26 140 133 239 -233 69 233 -230 -154 -105 -19 -161 -183 -151 -176 -54 93 142 95 -175 44 218 229 -108 -191 221 -199 -102 -211 -168 78 -150 213 144 -189 -67 146 -121 -50 36 -31 178 -84 203 232 -239 243 -71 161 0 31 -66 207 224 104 88 139 22 -96 81 210 -48 20 49 15 4 236 249 -89 228 -125 -59 -72 99 -39 19 180 173 -208 138 -29 -137 226 -1 30 47 111 89 82 -69 -55 168 -164 -112 186 -190 -139 201 -32 -57 -215 45 195 117 33 80 245 -77 -231 -53 163 -250 -110 -224 189 147 -133 162 171 116 190 -65 217 -179 
TEST 96 ARG:-50 -108 -232 72 -119 -105 58 81 -147 -187 -226 -152 -100 45 -179 -190 138 124 -42 -98 -107 160 42 -162 154 -41 158 -120 60 -60 -110 207 -82 -240 120 -163 67 -159 164 -161 -21 36 213 26 5 -19 203 174 219 183 -216 -81 46 -75 193 -86 -175 -217 -15 166 -153 -224 -124 96 -174 230 -230 -47 48 4 39 47 194 -237 -248 142 144 -20 -67 221 -212 -35 -131 83 12 56 -241 11 32 102 30 86 185 -178 -236 71 -157 200 66 98 121 112 125 -218 -219 -102 115 13 118 -181 119 41 145 241 -43 9 -141 199 -28 204 52 -117 168 -83 76 15 176 -62 220 -23 -223 88 -123 -235 -55 155 135 53 -88 -24 -70 188 -79 -222 243 -155 29 -34 231 -169 -14 -101 99 -238 -250 82 161 -204 -194 -58 -32 104 136 196 -149 -191 201 -54 50 38 -49 -184 113 -68 74 107 -129 69 132 -85 19 -220 -172 -26 -92 34 150 -29 208 245 -156 -87 -121 57 206 18 92 62 -44 -227 -195 65 209 89 162 -122 35 33 149 -132 140 -246 165 -66 -233 167 -182 177 -213 -199 -22 63 -192 -112 -80 229 90 197 -71 -95 -99 105 -76 139 79 87 180 171 49 -140 134 -146 -93 55 -242 -143 -197 97 226 -90 -231 106 -125 131 0 100 -202 -229 17 61 -72 130 -211 -96 78 43 -18 -245 -7 169 186 223 -45 68 -127 -104 -198 240 228 157 247 237 -201 -39 -13 16 -188 -27 -30 -5 -243 -144 -10 51 123 85 -167 210 239 122 3 234 -138 -59 181 110 216 222 -173 126 -135 153 28 -46 -91 -109 -249 -130 -158 244 -4 214 84 -196 7 179 -11 -77 -154 44 248 236 -9 192 27 -84 -111 202 -64 75 -128 10 -51 184 -31 187 6 -176 -145 20 -221 -56 163 -115 -52 -247 -203 116 212 159 172 -137 -73 -106 -171 40 141 242 152 128 -8 170 -48 2 -210 -164 -57 -208 -186 191 227 -170 1 -74 -89 -65 37 64 -37 -193 -136 -133 31 -239 249 -189 182 211 -183 -97 -33 59 -150 -69 -142 -114 224 151 -151 195 114 -16 148 109 -207 80 73 21 54 233 25 217 -6 156 -113 218 215 103 117 -139 -78 225 -134 -244 101 22 232 127 -1 -116 77 198 23 -209 -61 -118 -165 173 -12 -214 91 146 143 190 -148 129 137 -168 133 -234 -166 -25 -228 147 111 -206 93 -160 -177 -38 -185 -200 -3 70 -2 8 -180 -40 189 -103 -36 108 94 24 -63 -17 -205 238 -53 95 14 235 178 -126 -225 175 205 246 -94 -215 
TEST 97 ARG:137 189 10 -146 -25 -235 -221 194 132 -28 -181 74 178 -98 122 119 -216 -127 248 -105 83 -155 -247 -48 220 -89 -67 -207 134 -197 -86 121 216 -97 49 -164 -79 -110 117 -211 -188 139 50 -129 -185 -68 32 -88 201 153 171 5 90 -131 123 -163 -40 -212 -243 93 -94 169 -22 -24 -240 -66 -30 -134 -37 31 204 -230 -87 29 -72 -138 66 165 -49 231 -61 -115 -156 39 238 -96 -2 187 12 -177 -62 -191 -9 164 79 129 -241 -142 212 34 -112 -132 128 -189 45 37 157 48 -100 -106 82 24 -117 174 -171 -180 -227 144 -47 209 91 207 229 -182 -153 102 -228 -63 -148 27 -219 41 53 131 186 -149 -111 42 -58 106 104 -35 -12 114 -57 18 -31 -238 -17 173 146 177 75 -234 -91 111 77 150 184 224 -80 -144 1 -137 116 190 -222 149 -162 13 138 -54 -59 -36 4 -141 151 230 109 167 193 54 125 59 -168 -95 185 -147 168 -124 -194 36 130 191 -192 244 198 140 -38 97 -74 160 179 161 -19 -150 -246 -65 -126 98 17 158 -204 199 52 16 -215 -139 68 58 236 126 -77 -64 225 147 -161 214 -32 124 -154 155 84 -187 -114 -232 -99 159 -208 -27 30 -125 182 205 233 94 -73 120 -202 88 -78 -158 71 246 203 73 28 243 108 110 -1 -85 9 -84 247 213 -175 136 -101 -33 -121 -14 -143 -102 -71 -145 -244 192 -166 -225 47 -122 64 -206 81 -120 195 226 245 100 62 181 26 -233 -18 154 76 46 -248 -130 -213 239 -15 -151 86 80 -176 0 -196 235 23 118 197 -217 -218 180 8 127 232 -231 -29 -214 -50 -136 -109 242 -133 -242 -6 162 -55 -90 -172 -11 -45 67 -93 22 234 -119 -249 -52 -82 -43 -76 -193 -83 166 237 188 -113 -107 -13 -8 249 -157 95 -123 115 7 21 25 163 208 135 40 -170 211 206 219 -44 60 -51 210 15 196 -167 65 11 -209 35 -41 6 107 -42 222 -165 -203 -92 -236 -201 57 -53 72 -195 -135 133 -173 -104 -152 215 -159 -226 101 -56 99 -250 -190 -199 -7 -34 -4 176 19 55 2 175 38 223 14 -174 63 103 -220 69 61 -224 141 -205 240 221 -198 56 -200 152 218 -26 -70 -103 85 -60 -186 44 113 172 112 -118 228 183 -229 -237 -210 87 148 92 78 -3 202 -128 -46 -245 70 142 20 200 105 -239 -183 -23 217 -10 -75 -81 145 170 227 96 -39 -20 -169 241 -160 -184 -69 -16 51 3 -116 -108 43 -140 89 -179 -5 -178 143 156 -21 -223 33 
TEST 98 ARG:43 -195 -25 -237 191 -108 -140 222 36 219 -125 -202 -203 112 -123 81 220 168 -216 -76 -167 247 118 211 111 99 -227 -124 79 -90 76 97 -6 -142 -169 94 -109 178 215 -234 176 -30 165 216 136 144 -177 15 -4 10 -122 -100 54 132 226 55 53 -186 -97 -45 -77 119 129 -24 -164 -117 41 236 -92 -233 -190 -72 -246 -136 -11 58 68 63 146 -120 -133 204 24 38 -35 -230 80 -59 221 50 93 26 -185 -156 224 -210 -15 102 143 -106 238 212 37 77 -138 42 -175 -29 100 -87 -148 75 133 -48 -53 -99 20 -27 -13 8 241 120 -121 103 188 190 170 4 -176 182 -170 244 44 246 -96 -46 225 5 -199 109 145 -64 -47 65 -114 172 -249 -208 16 -16 -14 -130 -173 179 -83 -159 98 67 249 -204 -179 -17 78 -206 -20 -155 243 33 125 -3 173 150 -5 -238 239 12 209 126 187 -150 167 229 203 39 123 -2 -37 -243 -231 47 -105 -192 162 13 185 -74 73 86 114 -10 -112 -187 -60 -65 154 -88 69 -102 -250 -61 -184 85 213 -224 228 -218 104 186 201 -58 189 -73 -235 72 9 -157 0 -214 -144 197 -118 227 149 174 -152 64 128 -101 -163 -94 74 56 218 88 6 -213 -69 106 -191 -67 217 -132 14 -63 -134 164 40 -7 -36 113 205 117 87 -135 -21 124 -54 107 -182 232 -196 32 21 -84 -18 202 -129 134 -23 57 -141 169 -86 -12 -85 -56 -154 -95 223 208 -51 -239 71 96 -158 -197 -127 3 -149 -40 -217 -137 -205 -188 -245 -57 -219 95 -162 140 160 214 -66 83 -139 148 141 -143 171 108 -116 -207 -247 -201 116 -9 62 -70 233 -55 137 -43 156 163 -38 -31 159 210 28 -75 153 -34 -126 -228 -151 135 147 52 -226 -104 122 -42 91 206 -178 -52 -145 248 -111 -39 66 1 -168 -223 245 127 -50 -103 230 -180 -198 23 -78 92 61 235 -93 -82 240 59 166 194 192 -146 234 -81 -229 198 -193 184 196 -172 -212 19 -241 49 84 -1 -79 -33 101 30 -98 -161 -200 35 -189 -244 177 2 -8 -222 60 161 -248 70 -174 157 7 -165 175 25 130 -194 -113 139 -44 17 131 158 -110 31 48 -115 22 -209 -49 183 82 29 -32 207 195 -181 -71 -19 -68 45 -211 151 -242 -220 199 180 105 -91 -147 -221 152 -236 -107 -128 -80 110 46 -26 -183 -166 34 200 121 -41 181 89 -225 242 -131 11 -160 -89 -119 -232 -215 -240 237 -153 193 155 27 51 138 18 90 142 -28 -62 115 -171 231 -22 
TEST 99 ARG:148 49 244 35 122 152 -225 32 21 -217 82 -228 4 -36 -246 -232 75 -155 146 -120 -241 -154 142 -71 -130 -141 52 -119 97 195 163 -121 -243 -69 -90 -82 112 -145 166 -81 -164 183 33 249 -48 -10 104 16 -12 102 25 136 -219 -16 -230 168 -74 216 -168 -94 -157 -89 235 -188 198 -14 -51 221 -114 -77 66 -20 -125 196 -45 167 -140 59 -50 -240 246 -83 55 -191 -91 -239 -99 -58 -1 210 115 -147 -237 -44 -210 -24 -100 -49 -53 30 -220 67 -31 209 -206 108 87 118 -226 236 84 -137 -180 243 -197 105 212 -211 -173 37 -198 1 48 -161 154 123 64 120 -222 169 201 44 171 -128 69 -123 -172 -66 179 81 134 -21 42 -160 -118 -68 -46 227 -132 -247 -223 -116 18 247 -75 121 -134 -57 113 -101 -146 15 -231 -124 141 -22 -205 -229 124 -35 -88 127 13 100 248 17 130 149 40 45 114 116 -193 -196 -215 -18 -60 143 -39 94 -38 -249 150 19 172 -204 125 80 -163 7 5 226 -171 8 -201 0 215 -4 -64 -8 -113 156 -233 187 111 6 204 199 -29 -28 -87 -93 -153 9 203 63 -174 -184 -40 -3 96 -115 109 192 -65 99 -218 117 -244 -224 132 161 -189 -195 164 -131 -2 128 -56 -23 219 -112 208 -200 -236 -96 -235 202 -6 -185 -216 -182 224 151 160 76 20 178 92 225 -170 68 217 -97 231 46 175 -148 74 -139 88 205 -179 -143 131 -61 126 237 89 -156 -212 -126 -73 -186 241 135 197 27 -17 -175 189 22 -15 -245 153 -108 -176 -79 234 43 90 23 186 70 -187 -13 -30 85 -76 222 -177 10 139 185 -214 -33 -55 -59 206 -37 12 2 29 -127 159 -86 188 145 -63 220 -27 230 -250 144 -207 -181 -98 38 -52 47 -248 -34 -202 -32 51 180 31 -234 103 -221 -227 190 -5 -105 -72 170 -54 -192 233 176 106 -11 -190 -70 155 -199 157 50 72 -84 -25 200 229 98 -110 119 -166 240 -102 173 56 -167 -41 -194 41 -135 60 -162 177 -183 -7 3 -142 -111 -104 -213 91 36 -106 140 147 65 62 39 223 -133 78 194 95 193 -209 71 -136 -78 162 -117 -208 232 181 -80 242 93 11 239 -150 -152 191 57 61 218 77 -129 -62 -26 -9 -138 138 58 -242 -92 -19 54 211 238 228 101 86 28 79 245 34 -238 110 -203 14 -103 -159 207 -178 24 158 -165 -107 -47 129 83 174 107 -144 184 -42 133 -149 -151 26 165 137 -109 -169 -43 53 213 -122 -67 214 -85 -95 -158 73 182 
TEST 100 ARG:83 234 -178 96 -72 212 16 -225 -233 248 184 -137 136 -190 -82 -104 -219 -7 -157 5 29 -237 125 49 -231 89 -220 -140 -240 -141 -181 -150 22 -47 116 -116 -48 199 133 -223 102 131 -221 240 -85 124 -238 -114 227 50 -236 79 -37 -34 220 51 80 -239 -19 167 -54 -175 46 233 242 -4 -230 60 -56 -142 104 225 -228 99 -172 108 238 113 135 36 -105 211 146 245 176 186 173 132 -218 111 -101 -3 56 228 177 21 72 243 -124 -81 -176 92 189 109 77 216 41 19 -215 -115 -186 -109 -18 137 221 198 -95 -205 145 223 -130 28 105 40 42 201 35 217 -46 43 179 239 -193 208 58 12 -214 -147 202 17 190 -65 -173 -126 -49 163 24 69 34 -11 -169 67 -33 -98 -198 148 -248 -202 128 91 -111 -201 -224 187 138 -83 112 62 -74 149 -185 157 -187 -194 160 156 -120 -199 -129 74 -165 -42 -64 -161 -39 -1 -70 -63 147 27 -13 88 -132 -143 59 54 -113 76 1 -174 144 110 -179 -151 26 47 53 73 84 -217 39 8 70 236 13 -210 -97 218 123 -103 114 -148 244 209 -171 -149 -15 20 -250 -107 -52 38 -213 183 -180 -80 71 11 134 -242 -209 171 -16 55 -17 -87 180 6 232 -12 -91 -110 -78 122 151 -61 142 154 -73 230 95 -121 206 78 -100 -119 169 -86 -131 -216 140 -183 185 193 37 139 -138 222 -128 -88 -135 -156 191 101 207 -62 44 -99 -117 -28 -44 64 -234 -191 -235 -14 -29 215 127 -45 -30 181 0 -188 -108 -76 200 162 -84 -245 214 -20 229 -197 -59 75 -154 155 237 -241 165 118 153 -71 68 -31 -247 -153 -166 -2 -162 -27 -36 48 203 130 -189 -93 -246 121 249 -164 159 -22 -92 196 -79 -206 -232 246 172 126 52 -32 14 18 98 87 -158 -10 -159 -21 -226 -118 -163 210 -160 85 -203 150 231 81 120 -243 31 -90 3 -133 -40 -136 100 -9 -244 -211 -96 -200 -227 82 192 -177 205 235 158 106 -146 33 143 -167 119 45 -26 -53 188 -5 -127 -94 -184 -139 -57 -195 30 -144 -192 182 178 -182 -208 204 -112 -66 -38 32 -58 -67 -123 -51 213 -196 219 9 4 -152 23 -222 129 226 -55 94 -68 247 66 57 -229 -106 10 107 -249 195 115 241 -41 -170 170 -204 65 -125 7 -50 117 166 197 152 25 86 90 -75 224 -77 -25 -23 161 -122 2 103 -89 -207 164 -155 -69 175 -24 -60 168 -134 -6 -35 141 -168 -102 63 97 -8 -145 -43 61 194 174 93 15 -212 
TEST 101 ARG:-135 114 80 -241 147 206 169 123 -223 42 -205 143 -98 -229 239 214 -183 -159 -30 218 -54 -84 -62 -181 222 24 153 92 -39 -42 -121 -89 -18 -209 233 193 -128 -40 -56 -79 21 19 243 54 -182 -214 -186 -189 227 74 0 -75 -211 140 67 173 111 211 -107 -166 221 -204 -65 95 -180 -2 -122 -230 -173 -249 154 240 204 -129 -236 -24 213 -222 -190 16 110 148 53 225 102 -76 61 -64 207 -149 -242 -81 -178 -106 -6 -63 -138 93 -160 -15 194 -145 -1 -22 -231 -95 -155 142 -36 -77 181 -164 159 -215 163 -226 69 -34 -45 125 -188 188 237 -29 -246 -196 -193 -238 28 70 -161 -108 -25 236 -85 -147 -33 234 119 82 -150 112 197 249 98 -26 198 -67 29 90 23 -99 76 -174 -136 72 -233 245 183 176 87 104 121 -92 -4 150 -154 -14 -124 -69 -167 86 -197 157 -47 113 168 52 84 -220 40 166 22 219 30 210 10 201 -7 -71 -137 64 -187 141 177 -250 -55 -86 45 78 212 -216 1 -78 -118 -168 117 6 57 -115 151 -184 -210 -239 -130 -109 -48 -144 192 135 51 132 242 241 -225 231 -104 -171 160 -221 -218 -28 25 -17 91 62 -176 175 -200 99 162 156 134 -232 196 -43 -203 -73 -224 96 223 -61 5 208 43 -27 195 -68 164 228 3 -35 -212 229 97 138 216 244 -16 202 139 118 224 89 44 -125 79 -143 -82 165 12 167 -213 48 -140 220 -9 -158 -38 -41 -237 101 185 215 -32 -44 -126 -217 -235 -11 49 226 -3 -192 146 107 186 50 -146 -10 -112 182 63 -59 83 -19 -151 -206 -170 -60 -87 33 41 -194 -165 -240 120 -93 -177 -8 115 -52 26 -201 65 14 -163 137 -5 -185 -198 -20 -123 184 4 -152 -102 -51 -153 174 27 -23 -96 88 -195 -245 -120 145 -119 -172 -191 -131 -113 -37 -179 -101 133 -243 -70 -58 -132 -117 -114 -97 2 122 8 -202 -53 149 20 -133 136 -175 -219 -13 199 11 -244 39 -234 59 -50 56 230 -169 -162 -83 75 68 9 -74 144 103 -141 13 46 37 -142 -72 -88 130 246 -116 32 -207 77 15 200 35 60 124 161 38 158 209 178 248 -94 -111 36 -66 -57 116 7 31 247 -248 -148 58 -90 66 203 94 73 -199 -105 -127 -46 105 108 128 -100 155 -110 -80 -247 179 109 127 -139 81 217 172 205 18 -21 126 187 235 171 232 -157 238 -91 34 47 106 -227 -156 129 -103 -208 -228 189 180 191 190 85 -31 55 71 -12 -134 131 -49 100 17 170 152 
TEST 102 ARG:44 156 105 -131 140 -194 229 112 197 -177 -190 -143 -160 -7 161 -247 -52 -80 -69 89 162 218 166 142 -183 50 -45 -83 157 -161 -101 106 231 17 51 1 -6 111 -148 143 40 41 210 -218 -187 77 168 -67 -2 -16 206 37 237 -214 -89 11 -85 174 46 126 -146 101 -205 -53 -199 29 91 -59 -60 -222 -137 180 92 131 110 68 -186 -68 -117 32 -30 -216 -76 94 125 213 249 27 134 216 -33 -193 -92 84 -227 -221 -82 -27 -47 70 -208 -124 -149 35 -178 -201 -249 122 -207 133 -176 -12 -4 43 -24 -32 -48 8 214 66 124 80 220 -129 -236 -196 -97 -88 190 230 146 86 -154 -130 25 -70 -77 104 -18 -152 -170 0 -134 28 179 198 169 -234 184 -103 -84 2 61 -23 -116 -140 132 242 -14 -153 235 12 -151 -35 -95 -22 99 -157 20 239 39 -94 9 -220 -175 130 172 -244 175 -155 -211 -109 139 -28 -105 -13 215 247 96 -228 -204 33 93 -219 78 55 98 -96 -79 -241 127 -144 67 -41 -54 221 -174 4 64 178 233 -1 -115 100 -34 -192 -133 -173 -167 -102 42 90 192 -166 226 -8 34 119 219 -225 74 243 14 -139 -43 204 -46 -93 154 109 191 217 -229 148 -132 118 -233 246 -21 6 173 -11 155 -136 22 245 -238 -240 232 163 199 21 244 -200 228 -72 -15 -118 19 -108 97 -62 -123 200 -250 -66 -163 -37 -122 -179 170 141 -184 -19 -162 164 -99 -181 -235 -126 -98 16 202 -71 -202 88 129 -25 79 -81 171 76 -212 151 -172 138 -245 -106 -156 160 -232 72 -26 158 -217 186 -198 -111 -125 -182 -237 195 30 -39 -127 -36 147 83 103 62 -147 85 -90 212 225 152 248 5 -63 123 -191 187 -112 63 150 95 38 -57 -3 135 -87 57 -61 -158 -9 -150 -206 -113 107 -50 224 -86 188 75 10 182 181 -73 -135 -29 209 -185 113 120 24 69 -138 -243 73 208 23 137 15 145 -223 18 -51 -40 -10 167 -31 -75 13 54 -224 -100 176 -168 -230 -74 -210 149 -128 -78 234 108 165 177 -20 -49 -110 205 31 45 -248 114 159 82 -171 -239 -5 241 -203 116 196 -56 194 -120 201 71 144 -119 87 -141 65 211 -64 -180 222 223 58 -226 53 -104 -145 49 52 102 238 -246 185 -121 115 136 -44 -213 3 -164 -55 56 26 -58 236 -209 -65 -38 207 -215 -17 -189 -142 -107 240 -159 -169 59 47 193 121 189 -42 -188 117 153 60 183 -165 -242 -197 -195 203 81 7 48 227 -91 128 -114 36 -231 
TEST 103 ARG:-158 -95 160 45 220 40 78 -1 -116 -148 -10 -3 171 -78 -85 -51 -128 10 155 -135 219 -108 22 -191 246 -66 107 143 156 234 -39 -35 248 -143 77 130 64 93 -210 -172 83 163 -22 -225 26 195 -142 121 -54 -153 57 19 49 -159 -234 69 -106 -198 48 134 215 -127 182 173 85 -136 227 168 -37 123 35 -222 224 -25 -49 50 136 42 -216 -114 -203 18 -250 240 72 -236 141 -57 -133 201 -74 199 -129 -204 27 129 -86 -46 -186 110 119 -94 112 89 -96 -119 76 197 -227 -180 -75 -32 145 53 -171 -174 73 -144 217 -240 -154 97 -8 -134 -59 -72 -88 223 179 -2 28 70 -111 214 225 -145 188 92 -33 -199 117 -28 -183 242 194 245 -200 43 4 210 -100 -169 44 -223 140 153 -17 -146 -181 -113 46 189 61 206 -192 -137 -99 -122 58 -7 -69 -241 147 184 79 185 -27 -179 -206 -187 177 -182 152 -89 -123 -34 30 221 212 -58 238 213 -98 -161 25 -228 24 108 -209 -138 -107 68 211 120 190 -166 -50 -245 -139 -65 -218 196 -102 -97 -246 -208 96 -197 -77 -47 138 -109 115 82 -61 -232 207 13 -226 203 208 106 -157 -26 230 -193 191 -112 -90 -178 142 -201 167 164 55 128 -176 139 -48 -21 -243 229 -194 34 154 41 -220 -87 -149 109 -170 -163 -211 172 12 -120 150 7 -103 176 137 162 231 226 14 228 -156 244 38 135 -167 87 237 81 -68 8 -16 -229 0 -219 170 209 -70 -18 15 205 -185 -38 -239 -238 -124 99 193 166 132 114 -168 32 -195 -53 -202 233 243 103 -132 249 100 -118 247 -121 -93 67 -207 36 -11 -71 104 111 -162 151 -42 183 -155 192 52 118 133 -173 9 88 -233 200 -141 20 39 165 3 -56 -41 131 122 -82 -80 -40 186 31 126 -244 187 -91 169 216 -217 144 204 -126 65 161 37 60 236 -84 -23 181 -4 -13 -110 -19 -196 -30 157 -92 -117 66 -24 -36 -140 62 59 -247 84 -184 113 -105 -125 -151 -12 235 -81 -73 -165 -177 5 -214 -64 239 -175 71 47 95 2 218 -190 94 -224 17 91 175 148 -31 102 -20 202 86 -213 98 124 125 -5 178 159 116 51 -115 180 -188 16 -67 105 -29 -76 80 146 -230 54 -83 90 -237 -249 -63 -15 29 -52 -235 -43 -150 149 -60 -44 74 -147 241 6 63 -212 101 -79 198 -104 174 -242 75 23 56 -189 -55 -152 -101 -9 -6 21 -62 -221 33 -164 -14 -131 222 127 -45 232 -231 -205 1 -130 158 -215 -248 -160 11 
TEST 104 ARG:-237 188 187 -83 47 54 -139 235 -76 -133 249 99 13 172 31 -24 -99 89 -100 183 27 237 -221 243 -29 140 -40 136 23 178 -141 -66 -130 74 108 169 -175 137 100 -207 150 -28 -182 -86 215 75 -95 28 83 -228 -12 -49 -119 -166 -216 88 -113 -36 -9 37 -114 131 -97 135 64 66 14 46 68 -122 90 -149 80 -136 -27 -156 91 173 176 -240 -115 194 133 127 25 223 -44 205 -140 -186 -144 -227 -213 191 186 239 123 -123 -202 163 -105 43 -222 -135 185 -247 105 -170 234 157 -203 24 39 -82 67 -131 -155 60 -38 -7 201 97 26 153 -232 229 72 181 -127 -230 167 221 -84 -55 -124 193 225 30 -225 -60 59 93 -45 -53 -14 -34 228 246 117 197 -31 10 128 -190 104 -210 -199 101 65 -48 200 61 151 -21 -176 -169 -72 -192 162 86 106 -226 -152 -5 -211 214 121 35 -177 -142 17 -168 34 -205 -65 84 -242 -54 -118 -158 96 -2 36 63 -88 -145 -4 -89 -19 139 -129 53 -209 126 -154 171 19 160 70 -224 -11 40 242 -183 -68 -104 111 241 113 224 -223 29 -248 -185 202 71 7 -243 56 199 -93 -219 20 -67 -103 -1 77 85 222 -25 115 -108 73 -193 -85 -157 -174 -229 -15 247 138 -59 -189 119 175 -110 -92 110 8 -245 -101 -47 -78 -187 52 -206 -70 -162 -217 9 156 81 238 -125 209 -96 -26 152 144 -180 -87 -32 82 -39 -197 164 189 195 0 -165 6 -73 -52 -8 57 168 1 -126 207 5 148 -151 -233 51 49 125 -196 50 122 177 145 -90 -164 -163 -6 118 -94 216 -137 11 120 -244 217 78 -134 -33 -117 232 -234 -148 -41 190 112 41 -13 -160 -22 180 -77 198 158 2 -107 114 -188 15 -161 -208 -238 134 12 233 154 149 208 -159 103 32 38 -194 -51 -16 124 -75 -246 33 -17 211 48 -116 230 -201 226 -81 -231 213 231 -64 182 -50 206 87 62 -212 -46 -63 -250 109 -195 244 -204 -150 -132 -35 248 -198 204 -235 147 58 203 -30 166 94 -18 -121 55 -23 -69 146 95 -111 -200 227 -56 18 -102 -91 130 245 -236 -172 219 -184 -167 174 210 -62 -42 240 -58 -138 -61 -80 -220 179 236 42 3 -106 -215 79 -179 16 -120 -109 -241 22 44 102 98 192 132 161 76 -74 142 -79 -112 45 -173 116 -171 141 -71 -147 -178 -143 4 220 21 -128 184 -191 107 212 -218 -98 159 -181 -239 170 -146 -57 143 -3 92 -214 69 218 -249 196 -10 129 -153 -43 -37 -20 155 165 
TEST 105 ARG:38 -243 -217 179 -27 -189 170 161 -197 98 59 -156 -169 -78 15 -152 -120 54 97 34 9 -95 184 111 -158 183 -223 -89 129 -204 20 212 182 -205 -240 -136 167 -130 132 -216 -107 -105 73 224 -46 -163 -93 45 -132 -185 -117 218 -247 -203 233 -210 105 -30 149 -44 69 -211 -209 -81 94 0 -24 197 243 75 -199 24 55 135 131 -64 -207 -202 86 133 96 35 -182 189 -135 65 -42 -153 -123 -162 -246 -168 101 242 40 -250 154 -67 -127 -55 165 -144 173 108 52 -90 177 236 85 -149 127 -245 146 6 70 -177 221 145 -230 -208 87 164 -76 -131 -151 -193 47 175 79 -57 41 195 3 -25 -19 -146 174 -150 -180 72 120 -8 156 30 -20 57 -228 -38 -214 185 53 -241 188 -186 -233 -159 99 -147 -54 -102 -17 147 -103 80 202 -77 -213 123 -118 -139 -59 -32 89 -96 192 136 248 -1 -195 -198 -34 139 -154 168 -113 186 -101 113 66 247 90 -145 106 207 -94 -183 234 -75 199 203 -11 191 163 -171 -173 -244 238 16 -68 -220 158 -56 39 -190 -16 61 28 180 78 -218 -124 -41 46 138 -192 -134 14 8 -65 -206 -122 222 213 -84 162 -66 -83 -126 -29 21 27 -226 204 134 211 -143 -175 244 153 71 -188 93 107 160 5 -137 -141 216 169 -4 -140 18 92 237 -52 148 50 118 58 104 49 -36 -58 141 217 227 7 -248 110 226 -225 -85 -196 -235 205 196 -100 10 137 -227 172 -108 -60 -119 -97 115 201 -70 -234 -88 -109 -232 -12 12 121 -104 -212 -40 -13 144 150 -165 -33 17 56 142 -200 124 178 -219 239 -201 -116 166 88 -166 -155 74 36 -138 -92 -31 -18 13 -238 198 -222 -157 81 -73 -80 32 -22 -5 -69 209 -23 -191 116 215 -167 -21 -181 -43 -99 225 214 2 194 -51 -87 -28 100 -231 11 181 -50 249 130 -184 26 -172 82 -170 -53 -249 102 -14 140 -215 119 122 -112 -71 232 -48 -121 246 190 -194 112 231 -37 -236 193 44 -128 -178 4 -237 29 83 64 187 241 -49 117 -15 -9 -61 25 -229 76 22 -39 1 157 -242 -111 -72 240 220 60 -125 200 -179 103 159 171 126 68 235 151 143 -115 43 -110 -160 152 -47 230 -176 48 125 51 -86 -79 77 208 219 114 -6 31 -74 -26 84 -62 -63 -91 -3 -82 -35 -114 223 -221 -161 -164 -187 245 -174 23 63 176 33 91 19 155 229 -239 -45 37 -148 128 95 62 42 67 -133 109 -224 206 -98 -2 -106 -7 -10 210 -142 228 -129 
TEST 106 ARG:-67 -10 220 86 -133 -188 -75 72 -163 -149 121 -245 -38 27 41 -207 -65 -175 159 183 13 -103 -236 -40 213 -80 64 92 -22 -76 22 -84 205 -210 -229 -6 240 -250 65 46 169 -177 54 -193 249 148 7 0 235 -225 94 -106 -127 210 -143 62 56 87 -69 -159 245 186 -182 155 144 132 230 -100 -238 -206 -237 66 -230 170 -94 12 103 -158 118 238 199 100 -44 50 59 -109 177 84 83 10 -216 234 -234 -156 1 191 30 206 47 152 -112 -91 99 3 24 162 42 -28 14 73 58 -113 201 185 -61 138 -24 200 -155 -183 -174 -120 -47 -226 -79 69 -36 -53 242 15 -150 -37 -178 216 190 192 -43 -195 248 203 -70 -184 85 -71 36 108 -56 20 176 -5 145 23 136 175 -176 -197 -11 184 -2 -208 114 53 193 91 228 -136 11 -217 -19 -102 -219 105 -168 -244 68 -62 172 -248 -96 -232 -124 135 97 -199 -172 125 -42 127 -46 -20 -138 -104 40 115 156 26 -54 75 -121 -85 -59 101 -118 -89 197 140 119 -119 -73 -81 -185 -126 -153 207 76 211 -141 139 -25 -17 -130 -66 -140 2 -105 -57 -128 -186 171 -223 -34 160 -131 -241 78 -222 -144 -179 95 -161 120 244 181 29 -194 202 219 52 147 -64 178 -145 128 224 -220 -55 -50 243 -86 -18 -32 71 -1 150 -21 -173 -203 90 -90 -52 80 -39 -218 -167 -192 102 110 -68 -108 -187 247 -77 225 -202 -209 -243 81 -160 112 -111 -3 -246 -29 106 -49 133 134 117 70 157 61 209 124 168 -9 182 -45 194 153 189 151 -8 -169 -7 187 -205 31 -221 -123 -135 32 -148 57 116 -200 227 -88 89 122 9 164 21 -213 74 43 -51 -110 60 123 -117 77 -147 -154 -146 246 38 28 -35 -191 237 16 130 -181 -4 233 232 221 -166 -139 -15 126 44 79 -60 -215 222 -63 -58 -198 -235 -165 -171 -231 -180 -23 8 -212 6 88 98 -157 -214 -48 -164 -170 223 -142 -190 4 37 204 212 149 129 174 -16 -13 163 146 -228 195 39 55 -132 239 -74 -31 -98 107 -204 -227 113 158 131 -78 214 -87 -41 104 -14 -12 179 -137 18 -129 -93 33 -239 -92 -99 -95 229 217 -152 -97 226 5 141 -116 -134 -151 25 231 63 35 154 196 -30 180 111 -107 167 49 -114 -240 -224 143 51 215 208 -83 93 -196 -125 165 -101 241 -249 173 -27 137 -211 218 17 -26 34 109 -242 19 166 236 -201 161 198 -72 48 82 -247 -233 -189 45 -162 -115 -33 142 67 -82 96 -122 188 
TEST 107 ARG:-63 -73 91 -115 -45 58 -187 83 -216 -94 18 -20 -3 -71 85 0 -232 -76 -244 187 16 84 27 -245 212 41 103 -79 -148 136 -60 43 -120 -250 36 77 -12 -224 -82 -145 48 8 -64 147 15 21 209 51 235 75 141 192 242 -86 -225 -26 240 -174 59 -132 232 185 158 57 -55 3 -178 227 203 -80 -211 22 -24 -39 -207 119 46 -196 -231 234 -43 72 4 -111 114 106 -19 -202 -66 -154 175 225 164 -176 -152 135 68 -236 -191 -31 24 200 -249 -235 188 -180 231 98 104 -70 -128 -210 -170 -181 138 -182 118 146 105 160 -102 -38 123 63 229 19 -5 -17 -173 204 -6 -241 -121 90 -91 -35 -97 205 25 -22 110 -29 186 42 233 34 -16 236 149 -209 -108 70 -74 207 153 65 -172 -230 -229 -11 -112 177 29 -56 195 -192 -49 64 44 20 170 -52 -106 -247 66 -163 -171 -101 -23 117 50 38 246 145 197 -239 132 -123 -27 -195 239 -14 218 -206 120 -122 -226 13 5 76 33 222 -240 219 111 -204 -47 156 211 -135 45 -68 -4 108 -34 -126 173 193 157 249 174 -165 -188 -153 210 -81 -107 -157 -198 -217 167 -190 -147 -41 -118 -155 86 -233 -186 96 -194 189 -227 89 199 26 -104 -44 124 -46 180 -168 -156 -161 228 -133 30 -125 94 28 143 -59 244 -131 -42 -58 109 -28 -146 163 196 -117 88 169 112 224 201 67 142 245 39 71 159 -37 -127 -57 -67 54 126 128 -99 -234 -200 216 -92 -151 -8 100 78 214 152 155 37 -150 166 -1 -134 17 -87 -90 -228 191 -83 32 -143 129 -15 -98 -218 190 -93 -159 -169 82 -177 -85 -10 -48 -184 -84 92 181 223 -183 121 -78 -201 -7 130 -164 -167 247 215 -144 -205 -61 61 139 151 107 -40 -124 -113 -158 198 -193 -162 -139 -179 248 202 -89 140 79 165 40 171 -50 183 -242 -189 -166 31 220 137 9 6 -105 93 -137 -213 55 -32 -215 226 -238 56 53 23 -221 52 87 -69 69 238 -214 -36 -129 148 -237 -53 -114 -220 -142 49 14 -75 -197 194 217 -2 1 -212 10 81 74 -138 7 -203 99 -54 184 144 213 -160 206 -149 -136 -110 2 -243 122 -77 243 179 134 -30 97 12 -13 -62 178 116 -222 115 208 80 95 -103 -246 241 176 230 102 125 221 -9 113 -140 162 154 101 -208 -100 62 -119 182 -25 -72 -248 -96 -116 -33 -65 -219 127 60 237 47 -51 -18 -199 35 133 168 172 -95 150 -141 73 -130 131 -175 -88 11 -223 -21 161 -185 -109 
TEST 108 ARG:-162 -231 201 49 32 6 160 162 180 -107 -99 -126 155 48 -76 168 -120 17 188 -150 195 98 -225 -240 150 -28 -64 -157 -85 -100 -169 43 -183 -19 232 13 143 70 -139 -249 -211 30 125 -70 -161 220 147 -138 -127 198 -122 28 -119 191 158 60 -12 -153 -121 209 -79 -86 31 -32 -241 0 73 21 -195 -63 -15 -16 -190 80 -23 214 -233 233 -177 -165 200 -198 145 -209 -52 117 85 -77 -48 -137 76 -22 -246 247 206 136 -143 -124 -37 36 133 245 -154 52 -142 -131 -204 141 22 -182 108 -158 -20 -220 202 23 246 20 161 -93 42 123 193 39 -101 171 46 170 -1 -56 9 -39 -117 -135 -24 -51 62 166 92 74 194 -29 169 -148 -112 -159 68 -46 19 -245 -59 -229 -151 -146 -149 175 29 -132 55 91 -82 59 -95 178 122 212 148 114 -60 137 236 182 -136 219 107 89 -228 -207 -219 2 -68 8 -187 240 -108 97 134 -50 104 25 90 -7 118 -66 26 -113 -152 -194 -14 -31 -227 -44 165 -170 -238 -206 -205 -123 -21 207 -11 129 24 -175 -88 -181 54 159 -201 -118 78 -3 -71 5 -67 64 224 163 -61 249 -234 128 140 -214 142 -221 187 -94 33 -33 87 -80 235 -55 -200 79 127 -144 -130 -104 189 -69 216 12 225 119 101 -10 -247 -140 -111 -42 234 242 -179 -171 61 -5 -180 -166 -114 237 99 174 218 -17 -174 -40 103 238 -212 -203 109 -189 199 172 -90 -47 215 15 -222 196 -30 131 -191 -34 179 -62 229 153 -129 -54 -173 184 -242 -115 63 51 -8 93 72 -73 121 -178 244 -25 86 -18 82 132 -78 116 146 -176 56 -167 14 -192 -223 -38 -208 57 -145 -232 221 192 -235 -226 228 230 -215 -250 -27 -58 -197 -239 151 241 152 -218 -172 -26 -57 164 183 113 149 -248 -2 -230 94 -4 115 -110 -168 213 -74 -188 38 217 84 1 -133 102 -6 -13 223 -9 95 -196 45 -91 -164 105 -97 71 69 204 11 75 53 18 35 -186 40 96 111 186 -199 157 -244 44 197 7 -156 -106 -105 -210 210 -75 58 -160 -49 139 -243 65 -141 47 -128 176 144 -185 126 173 154 -202 100 -36 77 130 -109 -53 181 10 -134 -84 66 110 112 203 50 16 -96 227 106 -72 -83 -155 -35 -92 88 37 -43 222 -65 190 120 -217 -193 135 -41 124 205 67 4 231 27 177 -116 -216 243 -45 239 34 -98 211 185 226 -103 81 -163 248 -87 -184 -102 -125 83 208 3 -81 -224 167 -147 138 -236 -237 156 41 -213 -89 
TEST 109 ARG:233 93 -150 -103 104 -232 -151 122 -229 -66 188 42 242 -99 90 32 179 162 -81 -170 -69 22 175 15 75 -49 157 28 -174 -46 -111 36 149 -191 -110 14 225 -133 -222 -146 -226 35 -6 -158 -237 66 123 189 113 177 -148 -181 -18 -145 -107 -201 201 -117 -123 232 -4 17 -248 210 -212 -180 229 -208 -36 206 74 -3 199 -182 -104 102 208 89 -206 96 -100 -218 197 -65 244 9 -120 -62 -126 51 148 135 213 138 -77 -91 195 133 -142 106 -25 -26 181 -51 38 -21 24 52 186 44 -179 43 136 -172 129 241 -228 156 130 212 -64 -245 239 -106 226 72 120 -177 137 84 -141 -125 140 2 173 -27 182 33 -156 50 68 -154 -1 83 -199 71 -213 -114 -196 105 -219 -233 -185 23 193 -9 -7 109 -165 -12 220 25 -20 -130 200 77 209 -31 110 40 -34 144 -118 -149 -231 -127 114 176 -186 -54 -234 -109 26 -121 -147 18 -194 -53 228 -59 -87 -250 -52 -48 -98 98 45 249 -137 215 -139 -190 76 92 -200 -85 184 159 -136 103 -243 -80 -159 85 47 190 -224 -63 202 -96 -169 60 -78 -24 124 245 -10 -23 -162 236 -205 -236 30 -92 -246 115 150 59 -113 -244 -38 55 -207 -73 -189 -84 -29 -214 -138 121 -19 240 117 222 -144 -204 -176 -67 -124 246 -68 -217 -187 -32 -175 238 86 21 -75 61 -57 -43 94 56 67 -192 -135 194 -247 12 -70 -58 125 -140 153 49 -97 -167 147 -178 88 -168 73 -105 -28 168 141 -47 107 145 163 -72 -173 221 48 -203 100 -241 37 3 -74 54 -101 134 -202 97 -249 217 218 196 7 -76 -41 8 -45 -153 247 -215 -94 223 -112 91 -14 -44 -143 -115 -16 -108 1 53 187 -238 -209 214 191 95 128 169 -82 -95 178 -225 58 101 46 -216 -116 161 -235 64 -188 154 -39 -71 87 20 -223 65 132 -35 -79 227 41 211 -129 -193 166 111 185 27 165 63 -102 192 -171 -2 -160 235 5 31 237 11 -93 -61 10 170 119 112 -50 57 -132 79 -22 99 152 205 -11 -42 167 230 34 69 -227 -55 -155 -195 -30 -210 -56 204 -8 172 6 -211 19 164 127 62 -220 -161 219 234 -15 -197 82 39 -134 29 231 -5 -152 142 -198 248 -60 160 143 224 -90 108 -163 174 -221 -166 81 -239 0 -33 146 126 -157 -242 -230 -37 78 -183 16 80 70 -128 180 207 243 216 -83 -240 -88 183 13 171 155 4 203 139 -131 -13 131 -119 118 -164 198 -122 151 -86 -17 -40 116 -89 158 -184 
TEST 110 ARG:-9 139 222 -67 106 82 95 135 122 31 -234 213 0 -143 -232 46 -128 3 -248 110 5 -16 23 158 -22 -108 -122 8 -184 -132 -57 41 15 160 150 -78 -170 -158 29 -77 -239 -63 -92 -47 -165 59 54 -123 90 -217 -147 12 -72 4 248 200 147 69 -193 -163 210 94 -29 238 -197 -222 230 -30 -227 124 -82 -172 -159 -250 -21 11 47 -229 42 -127 -32 -131 -104 -26 28 52 -101 49 -97 216 -135 13 34 -218 167 247 -236 -173 30 185 37 -183 -46 76 -55 -13 -105 -195 136 -3 -233 181 -119 48 85 -179 -61 -211 -191 -192 -98 -27 193 -49 91 -155 -33 137 180 -181 129 159 132 -220 218 145 246 -25 -112 -14 -64 -129 -225 -196 -102 -130 179 -244 131 -161 9 64 -90 204 -157 -171 -50 -65 -242 -167 66 194 123 149 -142 175 205 118 98 151 -134 -240 -182 -206 161 -190 -84 -5 234 190 -86 186 24 57 144 -203 55 187 20 -238 176 -52 189 -247 153 -126 107 -111 -145 108 168 -83 -42 -93 84 215 86 -202 235 174 -200 -162 105 128 125 -76 -198 35 -35 -208 -241 79 -115 -139 -110 -94 63 227 -177 146 -249 -228 -48 -141 138 -12 -96 -216 62 -1 229 -150 130 2 -39 87 -103 -6 163 143 -71 -44 102 233 -56 -201 58 6 73 14 196 -137 -144 -11 7 206 -28 -194 38 -60 -51 101 133 -152 -31 112 103 169 188 96 207 165 156 -148 -246 -245 242 -210 -91 -136 177 22 195 -117 -85 -45 75 68 -125 -4 171 -95 221 16 56 -8 -186 -106 -18 155 127 -230 80 -133 119 -89 -223 -174 -219 18 -58 115 67 -2 184 140 21 -81 88 201 -62 60 -212 -213 -37 -121 -231 -100 -79 71 154 198 134 219 -175 142 -70 -243 -74 239 209 178 -24 40 44 -41 36 191 -224 97 203 -237 -185 -80 -66 241 -69 126 211 65 -68 -17 -180 -151 199 -120 -169 -226 -154 99 152 114 117 -149 237 77 208 -20 -88 81 232 202 148 -114 -207 -215 111 -153 157 212 120 -235 74 -188 25 183 93 32 -38 217 39 164 220 -107 249 226 -214 92 121 141 113 -99 -118 -187 104 -43 -75 192 -205 -176 -59 231 -109 -87 1 170 109 -40 -204 -140 -15 51 -221 10 244 50 -164 -116 -199 72 240 -160 -178 116 172 -34 -36 162 182 -124 27 214 43 -54 61 -10 -23 -146 17 -209 100 173 -138 89 223 -7 -156 -19 53 243 -73 228 -113 83 45 33 197 166 70 19 224 -168 -189 -53 225 78 26 -166 245 236 
TEST 111 ARG:68 210 193 85 246 124 28 152 -193 21 35 4 -42 -244 22 -29 -172 174 -75 -38 -198 -206 47 -111 -201 242 64 239 -128 20 180 166 119 -55 50 -194 108 148 -109 237 48 7 206 -225 97 -132 18 247 -197 -222 -95 142 49 -221 -186 -139 181 151 -43 8 -33 -103 -113 -98 150 69 203 -146 -115 221 -224 -106 -23 -28 -243 -123 15 104 -126 -59 121 -85 -173 123 -127 -17 74 197 -112 -101 154 32 -105 116 120 191 -90 149 -140 192 66 -87 -184 -21 232 -156 -94 77 55 -176 -91 113 -168 -160 26 -32 245 172 -24 231 12 -63 -31 176 -157 -67 92 91 98 -22 -241 53 157 -83 -60 -45 111 -88 -27 -181 -81 -200 -72 -5 138 -66 -62 -76 86 -114 -153 -26 -213 -199 235 -242 -102 219 -203 -231 -154 -228 -129 236 -16 -216 -195 -236 -69 -107 -238 -73 130 60 240 135 226 -151 -89 217 136 9 79 -56 63 -53 -84 188 214 -7 -227 -71 -13 -18 216 212 14 42 90 117 -40 10 160 -158 -110 100 196 -187 -163 -137 -36 200 167 -116 -118 -191 105 -131 -169 146 -64 80 99 175 -234 -82 -52 -130 171 -121 -51 -20 -179 -48 199 6 139 -149 84 61 -86 23 129 125 -77 -30 147 87 -10 204 -8 -104 209 -58 159 224 241 173 187 -250 222 11 -155 131 128 94 114 215 -188 -150 -247 -57 218 -248 -44 27 38 234 -3 106 -70 126 -245 24 -39 -1 202 109 127 137 -217 51 -239 184 156 194 -164 -178 -97 -218 133 -185 96 163 -12 17 189 -99 -2 238 -175 -136 155 -207 -209 -68 57 185 62 211 34 223 161 -50 44 144 233 -152 -220 0 122 78 5 248 118 82 72 -143 40 89 190 -93 -237 -100 225 145 244 31 13 -159 -171 -78 -133 52 29 -124 101 37 107 59 229 -192 -230 -147 -214 -177 -41 170 115 2 205 39 -205 -135 83 220 -240 41 73 45 140 112 -142 213 201 183 179 -80 33 -11 -148 -210 162 158 -167 -65 65 -170 169 -189 -19 81 110 -46 56 -202 168 -47 -223 46 -96 -14 95 -34 178 -122 54 -117 195 -4 43 -190 -108 -61 164 76 -215 243 25 103 -145 134 -125 -182 -246 -161 182 -25 -183 88 -79 -235 -144 153 -174 19 249 -6 -49 1 -54 16 -74 3 -119 -138 -229 198 -219 177 -9 67 186 -233 -208 -92 58 207 227 -120 -196 71 -249 -180 -162 36 208 -165 -204 230 143 -166 141 75 165 -232 -35 -141 -37 -15 228 30 -211 132 -212 93 -134 102 70 -226 
TEST 112 ARG:187 139 -152 169 -146 -128 -75 -29 249 -193 9 31 -44 56 -156 -9 137 19 -36 75 -181 63 28 54 -209 -109 46 8 -203 -23 6 -78 -161 182 178 -141 160 102 -244 -185 -108 -235 -6 -136 -180 2 217 162 67 -190 144 104 -206 214 -148 -41 -26 -196 -168 34 95 172 -137 242 110 -234 -65 -105 -67 177 -106 150 -120 140 241 -2 93 -224 176 18 -31 216 35 -143 170 -221 215 -39 -57 77 -246 82 201 111 -198 -97 -28 219 -227 210 53 29 37 152 -243 -85 -174 -117 58 -192 208 42 98 -84 -205 -223 -24 -112 83 -199 -13 128 -48 41 -202 -52 -115 -11 15 -45 43 120 12 -167 107 -22 5 -158 -122 206 -247 180 48 -80 -61 168 -240 -90 21 -163 -113 142 -89 -232 -191 -34 -21 -96 76 -236 -208 226 146 244 143 51 50 185 -212 -66 -183 -5 -92 -241 123 -144 -153 -218 -73 -86 -79 -76 184 148 130 -55 -69 181 198 -63 3 7 194 138 -210 203 -47 -68 189 193 11 149 -159 220 117 -211 16 -197 -189 179 -222 141 -64 -50 96 127 -149 171 -118 -201 157 106 81 -172 -74 207 -14 205 -12 -176 -19 -100 -62 -20 131 -182 153 -245 62 39 -42 70 159 -54 133 33 -114 -107 73 -91 190 -133 90 20 165 -213 -250 158 103 -171 124 209 134 233 -175 227 71 -178 -124 154 118 52 -173 -104 4 27 119 204 -10 -30 55 68 188 -95 -93 17 -17 -58 126 -3 -98 69 84 65 66 166 -103 147 99 26 202 -179 -226 92 -215 -249 -188 113 -207 22 116 -186 -225 115 -1 -87 -116 13 -125 112 -8 173 89 -126 -81 175 -145 246 -142 109 212 105 -25 234 -139 192 -7 -248 -151 -177 -217 57 145 248 -72 -102 -99 156 94 79 -32 -77 -169 -195 -162 30 136 74 -187 161 -154 45 -228 -157 -216 -60 -27 222 -237 47 -134 88 -88 191 80 -130 174 -101 0 -71 122 -230 40 64 -18 155 -220 213 85 -160 125 101 -70 -121 -132 -59 25 230 -94 -40 224 -238 -219 167 237 86 -33 -15 -242 32 -119 -46 231 -147 -38 245 -214 -131 -164 -200 -83 135 44 211 114 -239 163 -110 14 59 186 91 49 -194 72 -138 87 196 -37 223 121 -135 1 221 108 -155 -231 38 60 183 -53 -184 -140 -129 197 129 10 -127 -165 -229 229 218 -82 -166 236 151 239 -51 199 -170 -43 -123 24 238 243 -111 195 164 132 232 228 61 23 -204 -4 240 225 235 -150 -49 36 -16 200 97 100 -56 -233 78 247 -35 
TEST 113 ARG:-204 80 109 117 208 97 -115 13 -82 -77 -24 -51 175 152 -94 -153 -73 166 -118 -159 -67 62 -215 -90 -42 -14 43 -36 149 12 -177 -213 -138 -170 -105 -10 113 52 -4 200 121 111 -29 -219 -225 139 197 -98 -13 -47 -6 -85 69 192 42 116 177 -26 -112 -103 -196 222 65 56 10 -190 -234 -64 -184 -197 163 -99 198 -84 30 -88 224 158 -119 -53 180 189 48 -220 77 93 27 -87 -203 -7 132 243 89 199 -147 3 -97 54 -3 174 -209 169 134 -201 -235 -128 -233 -65 -101 -134 55 -231 47 220 -179 -44 107 6 -223 -174 171 -55 193 -178 -104 -63 176 141 91 159 -206 -132 -139 146 -135 -149 -173 -141 -69 -31 70 153 223 -17 -35 131 -121 -81 147 196 164 -244 -192 -2 234 49 246 -230 94 -18 -20 -246 129 23 90 20 170 206 -193 142 76 -229 151 0 -109 237 -250 24 -157 -68 -200 7 213 106 112 232 -22 1 -122 -175 185 -37 -243 182 105 135 227 247 -79 -198 -71 216 74 119 145 140 138 125 -151 38 -89 240 -43 211 236 73 66 201 44 15 -130 -107 -5 102 -218 -210 -182 103 -34 22 148 -205 -222 -57 167 45 -124 -216 249 -160 101 51 -56 168 -126 108 92 18 99 -181 -154 124 233 130 28 172 -195 -189 -226 -166 -19 194 -49 -120 -245 248 -100 21 5 -152 186 84 -113 -32 118 221 -111 71 -165 58 46 29 203 -249 35 -70 -241 231 -78 161 -38 -237 -168 -46 215 -1 127 -171 229 -76 -102 36 41 -186 -93 -187 63 150 -214 11 191 -236 50 -167 -54 -136 -15 17 -207 -228 -123 68 179 -45 -16 -211 110 -224 -40 -21 -86 85 -116 95 -129 -60 -144 -188 218 137 212 16 -191 -58 9 225 195 25 214 31 165 219 -142 -164 155 -23 -217 61 -185 72 -74 238 -183 14 205 -92 133 53 33 -39 183 -232 -145 -194 242 -155 -212 -59 -110 81 -125 -127 244 88 144 245 -161 -162 -80 87 83 -108 104 -62 -27 -199 96 40 136 -202 -72 -66 178 -238 -28 37 126 114 -52 8 -131 -48 207 -176 -163 39 2 79 -61 -30 32 34 -75 -240 67 209 -41 -117 128 -169 187 -148 239 -133 162 -180 75 -114 217 -25 86 60 26 -12 100 115 143 235 -9 156 210 -146 -247 57 154 98 64 241 181 -83 82 59 -95 -91 122 204 -156 -8 123 -106 -208 202 190 78 184 230 120 -143 -150 188 -140 -96 226 -172 -158 19 4 -11 228 -221 -137 -242 -33 160 -248 -239 157 -227 173 -50 
TEST 114 ARG:-203 -50 -9 82 94 -19 170 -189 -175 131 -30 -76 -208 -182 80 -1 -167 -195 -40 -33 89 104 121 -152 226 -97 -235 212 65 182 17 -168 38 -106 -239 -136 -249 206 60 146 55 249 197 234 -162 -161 -8 -122 -213 154 0 92 105 -111 -214 -192 -250 -151 209 -45 224 15 -25 -155 198 242 -14 -142 220 -118 -200 132 237 -99 247 231 137 62 -117 185 -132 186 71 -121 8 -94 -174 53 13 -67 43 -51 -11 -181 -211 -133 44 235 218 213 -184 -154 -220 76 -85 -16 95 29 195 -224 1 232 77 -248 -126 -219 -120 171 24 6 -60 -169 88 -62 -83 -185 149 12 190 -144 -13 246 -221 -244 230 151 64 108 -231 158 -157 72 -124 97 -112 -125 -59 177 156 187 81 -98 150 -209 102 103 -131 204 189 169 114 -196 73 -193 -64 -173 -215 -18 128 -201 4 109 125 -229 164 7 93 160 -171 152 -43 -57 227 191 -29 207 91 -128 -237 -129 99 118 -115 126 244 86 -114 -78 -56 -6 -207 211 -7 48 -20 -145 -113 215 -75 174 -183 214 87 168 106 -28 -178 75 -80 240 178 2 183 210 -123 3 -166 -241 41 -2 129 59 -135 -65 40 208 -240 -36 -218 -107 -210 -233 39 221 -21 -180 202 115 -39 31 -77 -86 116 162 -172 42 -42 -104 -160 57 -101 85 -216 241 -90 23 176 233 216 -26 -138 138 134 -88 172 127 -69 -73 -32 -103 181 -176 188 142 -110 -5 -38 184 -82 -205 -61 -202 -47 147 -34 68 217 28 159 -52 -228 -35 -23 245 157 201 52 -63 90 -198 -84 133 -199 -222 194 79 -105 -89 163 -226 -87 -81 110 27 107 -232 -119 219 33 -72 165 155 -116 -71 -143 -147 61 -245 122 228 78 37 25 -66 192 120 -165 -190 -68 136 -188 -31 179 193 19 144 -170 -96 123 -146 -37 -140 -137 -24 -100 -139 69 16 98 50 161 -109 -3 21 -74 -159 148 -247 -53 -44 35 100 139 5 236 175 -141 173 49 -153 36 -238 67 135 -177 34 -243 238 -10 222 9 -212 -234 199 111 -164 -4 -179 145 -46 205 51 -134 -236 -12 143 70 11 -158 117 200 141 -246 243 -225 -194 166 -186 -93 26 -230 -187 -49 112 -149 -95 124 -223 -204 -92 -27 32 -163 113 18 -15 -79 30 66 -91 -22 74 -102 196 20 223 -17 -130 -206 -150 225 45 -58 63 -70 180 83 248 239 101 -227 46 119 203 153 10 47 229 167 54 22 -55 56 -108 -156 58 -148 130 -197 -54 -127 -242 14 84 -191 140 -217 -41 -48 96 
TEST 115 ARG:64 230 225 -220 -5 239 231 107 5 28 78 218 -91 132 -177 -203 116 -171 227 21 -26 90 -117 144 -163 -25 24 -78 -244 -51 71 38 -219 92 -90 -47 244 14 167 194 -147 249 62 -37 -66 -235 73 42 -241 -136 65 -3 -168 0 -86 81 -18 86 47 -122 22 -140 -44 -129 -180 -67 182 49 188 -225 -194 -165 151 -179 127 -11 55 76 213 -99 -166 -198 -45 247 117 -29 11 141 -143 -112 -27 125 66 186 -217 -55 48 -210 32 33 -92 115 -231 -167 159 -214 -182 -134 129 -174 138 243 15 166 -124 -209 -138 -102 45 110 229 -30 -101 198 -40 -204 -239 -43 180 31 -13 -227 84 -208 234 58 -20 187 52 210 -213 9 87 -98 148 -41 -100 -1 -173 -211 222 70 142 88 -123 75 135 46 -150 -59 -236 -12 -215 -73 41 215 40 -132 -31 -161 197 -243 50 -95 114 -245 -72 -232 37 56 43 235 -6 -103 -46 192 89 -221 -133 -28 -82 -128 103 158 212 -113 -192 -16 178 -169 79 -172 214 -35 126 54 -64 -69 221 -104 -206 -202 -249 246 168 -176 -224 175 -205 67 -89 36 -114 -153 -42 35 82 -56 -118 94 -230 -233 -189 216 -164 242 -49 163 123 237 207 -139 -197 1 -15 27 -17 211 173 -83 119 -184 -125 -127 -22 -237 160 -186 -97 -80 143 -158 109 241 -93 -200 -120 -2 96 12 -77 17 4 -107 -53 189 6 133 -10 -151 199 10 -8 -199 63 -137 191 -62 100 219 105 206 95 201 -88 -85 85 140 200 72 29 -248 147 177 -181 171 146 -60 98 176 -58 -70 106 53 99 -39 150 -144 101 61 224 -115 19 39 145 153 83 204 80 74 -152 68 -131 -195 -193 -94 -87 193 -148 190 7 183 -156 121 162 233 -23 -52 -32 -142 232 164 18 111 118 -36 157 34 -9 174 -68 2 -7 152 -190 -111 245 208 -84 44 120 236 -218 26 -229 -178 -141 -154 -130 240 217 59 155 -162 -228 -71 -76 -145 -4 20 -14 30 -222 25 -185 102 202 209 -170 122 -105 -196 91 -38 248 -155 -106 -19 69 13 3 -160 -61 -21 93 113 97 23 104 165 137 169 108 149 134 -159 -188 -108 60 228 -116 -212 -50 -183 172 -110 154 -65 -157 223 -246 184 196 181 -33 -74 203 -234 131 -79 -57 -250 -48 -135 -96 -149 77 -121 -109 139 -81 170 -191 51 -242 161 179 57 -63 -238 220 185 8 128 -75 -175 -201 -119 -126 -226 -54 -187 -216 205 -240 124 -146 226 -34 136 -24 16 195 156 238 -207 -247 -223 130 112 
TEST 116 ARG:-64 199 -190 214 53 127 155 -173 118 191 -171 -126 -165 -95 -75 -66 -237 -125 -4 84 -187 -118 119 -177 197 -96 109 -223 -189 248 92 134 26 162 -27 19 21 170 68 80 233 51 116 -238 192 -127 -112 82 -226 -92 -82 -37 140 35 154 40 167 -188 43 8 -36 -163 166 231 175 -168 -84 -234 -25 123 90 -166 -22 -151 14 -250 88 -185 131 -215 187 -110 219 171 -136 102 -130 142 61 -184 147 -48 -225 -85 244 45 79 -100 -33 30 -58 114 -54 -204 -135 204 64 83 -55 76 -103 -212 -224 -9 121 0 157 210 -56 -218 22 151 77 168 52 -183 27 190 -230 -180 163 216 -91 -98 156 222 -219 110 -71 -44 -120 -143 113 12 -217 -245 149 173 177 -199 -45 -13 184 -233 87 -14 98 -202 229 31 -97 -206 -192 -62 -17 196 104 201 164 -49 10 65 9 143 63 178 -10 20 207 -201 148 182 215 105 -160 -167 -181 217 3 -182 -73 -35 -229 -179 -221 -29 111 -132 -5 -52 125 213 49 160 227 24 -39 13 -121 -122 37 56 75 -145 161 234 -109 -235 -156 -133 -150 122 144 60 81 -228 -31 -196 -102 -74 -19 -1 -186 17 -174 97 -106 -220 -78 -178 -93 -216 -30 78 -117 -24 -236 -7 -139 176 -32 194 -172 159 91 226 23 249 -243 136 -69 -20 57 34 -76 -211 47 -138 228 205 99 225 230 -15 247 -50 -3 -80 246 -99 -154 -105 -175 93 -140 -169 -11 36 -213 112 -40 203 -42 211 -198 -159 33 108 -113 28 -21 -8 124 1 -2 235 29 32 -116 4 -87 243 -158 -63 -72 180 220 -57 106 -170 -153 -246 41 -115 -67 -227 54 94 -107 -162 -6 236 72 169 -81 -65 -203 -70 208 -195 132 62 16 70 -200 -43 138 139 224 -23 146 73 -101 38 -142 -41 -128 212 189 115 -134 -147 -155 46 129 128 39 -68 -248 237 -131 -28 -157 -193 69 -194 -46 101 -88 188 2 100 -191 202 -210 238 -247 -222 58 242 89 150 -244 130 44 -161 -149 152 186 11 -79 -47 -90 193 -16 -197 -152 -60 6 239 5 -240 25 -231 198 48 -38 185 -53 7 103 172 -214 209 133 174 -18 -241 -83 107 15 95 -146 -129 -34 96 195 -59 -108 141 71 -242 126 -111 59 245 120 -26 55 85 137 -51 -61 -209 -208 18 -77 179 -249 240 232 -239 221 117 66 86 -141 -119 -12 181 -176 241 223 -104 -114 165 67 206 50 -94 218 -86 153 200 158 -124 -123 183 -89 -148 -164 -232 -207 145 42 -205 -137 74 135 -144 
TEST 117 ARG:-68 77 -231 27 -39 -245 178 139 159 -31 177 -235 -129 65 -113 214 150 -172 211 -124 -211 -133 -148 144 -41 223 23 -144 243 -132 -64 200 -48 -166 167 -139 236 -108 100 75 25 -173 175 -13 101 16 -49 142 190 62 34 31 0 28 87 -90 173 197 -190 -80 -240 -89 -216 -208 166 61 -237 222 -151 45 13 -38 -126 233 -217 179 -106 -86 -74 -247 -34 -30 24 -40 74 50 68 221 -95 -250 -218 -246 70 207 -50 108 134 -111 97 118 51 -146 -226 -243 -33 125 244 229 -42 -119 164 209 -227 183 -24 153 196 -131 -128 -57 182 -249 217 46 73 85 -8 -45 113 -175 -177 55 114 162 120 231 238 155 201 -127 -21 -114 41 -16 -178 30 43 69 -61 157 -153 -93 -29 119 60 215 117 121 122 -176 -225 186 19 21 26 -202 54 -116 -214 -70 91 -51 111 -22 138 90 -206 128 -14 -27 -2 -82 -136 -83 127 93 53 -52 -165 172 -134 6 47 -242 185 -224 124 230 181 58 -137 -179 140 -63 -69 129 -20 -234 -193 106 184 -98 -171 220 194 -167 -130 -67 136 193 247 239 -47 -209 -140 -23 14 -11 187 -65 79 -163 -229 -104 -60 -88 -174 188 -150 -215 -53 205 165 -81 234 -122 1 148 -117 3 112 -162 107 -84 -142 -96 126 72 191 -55 145 103 245 84 204 -143 133 -92 71 154 -189 82 123 -10 -9 -222 -26 -230 180 2 -244 208 80 168 141 44 -97 115 -236 195 240 189 67 96 -238 -78 116 49 232 -18 206 -94 94 242 20 -102 -186 237 -239 -232 4 -91 -15 -221 -241 -196 64 -183 -200 -248 -155 158 135 78 -25 109 -87 -219 11 63 -164 -204 -1 -181 -141 -195 83 160 -158 202 7 -28 66 -138 147 -118 -19 -66 -170 -203 -169 48 163 -160 -180 -121 76 -115 226 -147 86 -199 246 102 5 -77 -205 -107 32 22 18 42 39 105 -188 -212 -109 224 99 -3 -168 -5 -192 -62 -135 -72 -197 -191 -233 152 149 -36 -101 156 -112 -73 15 219 37 -99 176 132 -79 -46 81 169 38 10 -207 -125 -194 -210 -59 241 -198 198 225 33 -17 -228 249 137 -71 8 35 -75 -56 -103 -6 -43 59 -182 212 -152 104 218 -223 52 -161 -37 88 -213 89 -76 40 161 143 -201 -44 -156 57 9 -32 36 174 199 29 210 171 235 -35 -120 -154 -100 -110 12 -12 110 -4 -149 95 130 -7 17 -123 -187 -54 216 -157 228 213 -184 146 170 -145 -105 -185 -58 227 98 192 -220 -159 56 131 151 -85 92 203 248 
TEST 118 ARG:-196 225 224 171 -127 208 159 -42 178 119 -50 -96 -27 104 99 83 23 -112 -17 140 35 -214 -51 -58 242 -65 -182 16 54 -77 -24 -111 -200 38 -6 121 -109 21 234 85 151 -184 200 -104 -64 -250 164 -45 -46 120 127 220 -204 -208 215 -187 -236 -21 -71 162 -225 3 -133 102 -186 -197 -128 223 -203 -70 -89 -164 207 -129 31 181 55 103 222 111 -222 -198 97 -80 -87 186 -18 -115 210 149 -86 -213 110 52 75 -185 0 -81 144 199 227 169 -224 81 167 -132 -61 -243 -156 -125 176 -178 -148 12 -165 -9 -173 204 191 61 -123 84 -100 45 -155 20 -93 -189 -190 -193 126 -97 -248 66 -238 -223 -221 -227 118 153 218 -131 168 188 50 -37 211 -20 13 -68 28 -84 233 -73 -232 122 105 -108 166 58 198 -174 -29 138 60 87 123 249 -114 -206 238 79 130 -33 -169 237 124 34 17 18 133 226 148 152 -152 -159 -188 5 195 -57 -215 19 22 -170 -102 -69 -149 -192 -228 92 158 193 -180 -138 -59 -118 -41 -40 -167 217 180 63 165 36 -183 90 -30 109 82 106 117 -47 203 -107 212 -98 95 160 -247 142 -43 202 -137 -88 136 -241 172 -205 -217 141 27 -162 -28 2 -117 114 59 154 -231 170 -151 -168 -11 -195 116 -171 184 -92 -143 112 42 213 67 -10 -153 -26 139 91 40 108 26 192 72 216 194 247 -210 -38 8 -116 -76 -122 -15 64 -240 107 228 -3 25 -144 -239 196 29 155 -90 -172 14 -110 86 -60 30 244 -211 1 98 -7 48 -66 179 -35 33 -48 131 161 177 -101 -124 -175 -22 -95 163 205 240 80 185 -5 -91 73 190 113 -158 -146 41 -176 -14 96 -74 78 76 70 -94 -31 15 -245 -62 -4 -120 -220 -199 -1 174 -219 100 189 115 248 -136 187 -75 62 77 -8 134 -194 145 -72 -145 11 -82 -79 -181 221 -191 -56 230 -233 -113 -119 -150 173 49 -202 -226 -121 -13 -54 -230 -44 -249 -52 43 24 125 135 -161 132 -85 69 -157 -154 94 201 -106 -83 182 44 -234 -237 -244 -209 53 -218 183 137 -212 -141 -63 -130 -78 -49 4 -135 235 65 51 47 150 37 128 -67 -25 68 -16 -246 -216 7 229 -134 156 -163 -2 6 -140 57 241 -147 -242 -139 -166 -207 39 239 -12 129 -177 93 219 101 231 -142 -160 175 206 -201 -34 143 246 9 146 245 88 -23 74 -105 -55 -99 -229 -179 -39 32 10 89 56 243 147 197 -32 232 -235 157 209 -103 236 214 71 -36 -126 46 -53 -19 
TEST 119 ARG:-138 -125 -230 5 95 188 238 -52 201 156 -64 213 -183 163 -128 -234 178 54 -179 46 -98 216 -163 -51 65 -232 243 14 37 192 185 -203 82 -209 130 147 134 -205 161 -17 -226 -19 -85 -178 75 -47 26 150 -96 92 -210 -235 -78 45 -190 -42 42 -162 -26 146 -249 153 140 -139 167 226 31 2 -106 -245 159 -23 -236 121 -165 -7 157 -222 -189 -192 117 -221 174 -224 -33 53 -161 97 -92 -247 -238 241 48 -5 249 -124 120 6 154 19 -25 217 208 99 -241 -197 -16 200 11 237 38 218 -156 29 85 212 15 184 181 56 179 -242 16 -81 -248 -146 -243 196 55 -120 151 47 -159 -177 235 -240 7 -147 -145 -212 -20 -55 18 124 119 -207 -170 13 128 -117 105 73 44 -116 94 221 8 248 115 -27 183 101 27 180 20 -164 71 -75 195 -94 60 64 -43 187 -113 -86 -187 96 123 230 -61 22 -69 -196 -227 33 219 10 -68 -175 -93 -12 -35 -216 -57 228 -169 -150 211 -215 166 -112 -100 -73 148 80 -211 109 186 -77 -136 86 -130 -29 -30 -87 -246 -191 72 -206 -21 89 74 233 -110 -126 -201 209 -91 17 -104 -115 111 -114 -213 -102 -53 -65 227 59 -195 -167 -97 -58 225 -141 -22 -123 -181 -49 -1 -188 -89 234 118 24 -62 160 12 -202 39 -172 84 -107 106 190 -184 -82 215 -133 -48 193 -70 -76 -11 -149 -63 35 -168 126 158 175 205 -157 177 4 -99 242 -199 -84 169 -28 102 -71 30 -143 129 246 66 203 189 -185 43 -4 -186 32 -41 -152 206 34 116 -180 -32 136 -204 -153 36 -34 144 28 -225 -40 -39 -194 143 0 -31 -101 172 207 197 -83 139 223 110 57 -54 -74 145 -122 168 -66 -80 -50 -108 -6 -13 -132 -142 204 -166 -223 -200 -219 -111 -14 79 -131 -109 -18 137 -158 202 69 -36 194 -250 91 52 191 41 51 -9 70 -15 125 -2 -103 114 -239 229 90 -127 -44 63 171 232 -37 198 -228 21 -67 231 -134 222 165 -129 247 -244 -174 162 127 -140 244 122 -90 -38 176 81 239 49 108 -56 -233 -121 67 -105 1 23 103 -137 83 -198 -79 182 135 224 138 -148 -88 -220 76 131 9 -193 -3 78 -176 142 199 62 93 -155 -182 3 104 -171 170 58 87 -144 -151 107 245 -45 155 -154 -160 77 173 -8 236 -218 -59 -72 50 -229 113 112 141 132 133 25 149 240 -237 -217 -46 -214 61 214 -10 -208 152 68 -231 -118 -135 -24 -60 40 164 98 220 -95 210 -173 100 88 -119 
TEST 120 ARG:189 -209 173 158 20 -52 139 228 -79 -206 -151 -214 97 123 -210 95 -149 -22 224 241 -111 232 -216 -36 3 0 -185 -61 57 -152 135 169 -55 203 -236 194 -56 -26 246 15 131 32 197 206 -76 -15 35 -221 45 -225 -20 -153 -243 -146 -144 111 -95 -102 -66 -195 -35 -112 -166 -201 14 -24 227 -121 114 93 -196 166 188 -91 -182 -7 -106 164 11 -120 -164 -5 148 -3 150 -167 -228 -19 -230 -43 115 -135 -105 -108 -77 108 -137 -40 186 -59 -89 105 -124 165 219 -65 134 -199 47 -174 -25 179 -58 13 -235 -126 -237 215 -18 247 191 -47 249 -83 60 184 90 36 112 44 170 -200 64 -123 117 -138 -189 -38 100 -234 -4 -88 29 55 7 -31 104 -211 4 67 -94 10 50 -125 -37 -191 125 -13 124 199 -249 28 216 -184 -141 137 -158 209 193 -122 48 -134 145 129 -116 -87 82 -64 -173 160 187 182 12 81 -101 85 238 -85 -186 122 96 195 16 -217 56 -227 -176 52 -117 -133 -118 -14 86 -241 226 196 178 -12 -161 -104 161 -54 162 98 159 -62 168 244 87 2 -244 94 152 46 -183 76 229 -21 234 218 69 174 -11 -226 -204 -247 121 155 -50 212 -156 -53 -81 6 144 1 180 -6 -17 -42 -177 -29 -219 61 -49 -207 -163 208 83 200 -130 -78 80 -229 70 210 88 51 -46 17 9 -69 21 -16 -148 -51 -188 72 177 34 -10 -90 -169 248 231 157 154 -238 103 42 54 235 22 -160 240 89 -80 -132 -246 18 -72 38 -99 149 -1 39 151 23 -140 -223 -45 113 -175 19 59 192 -82 -205 30 221 167 43 -113 230 163 -131 183 106 175 245 -100 -109 120 217 -127 -222 -194 236 -180 198 -178 133 24 -9 92 -136 143 204 -240 140 -27 -202 -203 -119 130 -224 -245 -8 -147 84 -155 -34 225 -32 -192 91 126 5 31 -193 -220 223 -157 -28 136 207 74 181 27 101 243 -44 -142 79 -70 -179 58 185 239 205 63 171 -181 -93 -198 -168 213 -115 -232 -248 138 -215 -213 -197 132 220 99 116 172 -107 33 -97 -170 37 -92 73 -231 65 -57 -162 242 -67 25 222 142 75 -103 -154 -239 -96 -218 40 41 49 128 -41 211 -33 -71 66 -84 237 53 -212 -159 156 -60 153 -75 -86 71 214 -2 -74 -143 176 -171 110 -250 147 -139 8 -187 102 -128 -165 -114 119 127 -242 109 -110 -63 -48 -233 146 -39 201 26 68 233 -129 202 -23 -98 -190 -172 -30 -208 118 -145 -73 77 141 190 62 107 78 -68 -150 
TEST 121 ARG:82 -69 -81 153 -143 -240 -248 -120 160 95 67 -127 227 75 31 37 -139 20 157 233 138 -96 156 -232 191 -59 136 -161 -88 72 116 -150 -147 150 78 88 -201 207 -192 -141 -77 -241 -85 120 -172 -148 -53 -153 -244 -79 179 -195 66 -128 -52 76 -185 -32 -37 -249 -234 -145 169 -112 -231 133 108 -9 237 -57 18 106 -15 232 -130 59 86 98 123 5 -159 0 230 -151 114 -247 -49 84 148 -136 7 246 175 25 -76 -170 4 210 -73 213 161 97 68 91 117 49 -193 -216 -48 40 -239 -114 243 -16 -180 -235 -6 135 176 -167 151 212 53 -44 -116 239 -14 168 -126 146 122 -68 41 70 -65 147 234 201 224 103 -132 96 129 184 -221 181 43 73 211 -113 182 1 -27 -19 170 218 143 -223 33 204 -42 -198 124 -102 178 228 -154 154 -210 185 -175 -168 -219 -166 196 -211 -224 -8 21 -245 -94 -45 -41 -189 219 -18 -99 195 -10 -176 -109 15 189 -1 -56 173 56 187 -97 -205 89 13 -33 58 -24 -20 163 -181 -134 -196 -90 -149 248 130 -137 -165 87 -200 27 -142 -140 -35 113 -138 99 194 220 -83 132 -122 100 141 -30 131 81 145 208 197 42 45 -38 -183 -39 -186 -243 -60 -36 -92 -124 -218 79 -220 249 101 202 -17 54 -158 139 203 -212 -86 231 127 171 -105 -66 -204 -63 -25 3 50 62 90 164 61 109 -135 -91 -34 134 221 225 46 -133 -194 180 -171 77 137 10 -23 69 -29 -160 -98 32 -58 -229 118 -5 39 -64 126 217 36 -89 -197 193 17 -131 104 -164 19 -162 -103 -188 -199 236 8 -182 -246 -115 -184 -174 -208 29 209 -106 -202 -31 71 -3 -191 115 186 51 244 242 26 -203 -46 -225 -156 -78 -230 24 -119 -157 119 -26 167 -110 55 -169 -82 -215 23 16 174 12 -226 -173 226 44 22 83 -74 -50 -123 -152 -111 -11 11 192 214 165 -163 149 48 -62 144 80 -93 238 74 -178 14 110 -80 140 105 -4 -104 -22 92 -70 -222 -227 -217 229 -47 111 93 177 63 -100 125 155 -144 34 121 -179 -7 -233 -155 -228 60 -13 222 -206 -51 172 -95 -43 38 30 -54 -71 -21 -108 245 -84 -87 -2 -118 158 142 -121 112 -75 -146 64 206 52 -250 241 162 28 6 190 159 -209 102 188 -61 -72 183 57 -125 200 128 -40 107 166 47 216 223 -238 152 -101 -177 247 9 -190 -129 -67 35 -207 -187 85 -55 -236 -28 -107 205 65 235 -117 -12 -214 240 198 94 -242 215 199 -213 -237 2 
TEST 122 ARG:99 191 173 219 164 -125 -122 167 26 -230 -195 47 109 214 2 88 160 146 -206 -100 -140 45 10 -147 62 15 -39 -129 181 122 25 -157 -207 -242 70 55 39 245 192 120 93 -104 166 79 -113 -150 -168 143 202 -13 -12 194 -217 -149 100 80 -38 129 113 -62 -193 140 150 92 -21 -237 121 -1 137 -18 44 -26 -134 -177 -229 247 110 -227 170 115 183 73 -107 234 -130 -17 185 126 -221 -186 76 12 139 -3 -79 200 241 28 -2 83 218 111 -29 -94 -86 18 -131 -137 216 -154 -7 238 -32 -145 -20 -180 -71 -84 -89 21 -44 -201 -96 224 -98 -120 -46 103 94 1 -48 -43 -15 -85 -83 8 -124 180 195 -191 138 124 -156 -36 203 -35 211 -208 -82 90 82 -11 210 -45 72 223 -40 -127 -91 175 -226 -163 169 -87 -50 20 -181 -103 -33 133 -68 -143 168 -164 117 -115 196 97 -184 -73 248 135 -199 -80 -210 -47 204 59 -155 66 -198 67 -189 5 221 98 212 50 -52 11 193 -112 -244 9 -192 49 -121 -187 -214 114 153 -171 36 179 -231 -211 56 158 162 -142 13 178 -16 118 -60 226 -74 190 -57 -197 -146 199 -245 22 -148 19 -218 42 -97 237 165 91 -8 86 205 206 174 112 -111 -123 -162 -126 3 -31 -63 -225 156 201 -101 -49 -109 -53 -66 141 68 108 -241 -117 -135 -99 -55 243 -248 235 -64 -165 81 -88 -243 187 89 0 -51 -158 161 -78 43 38 128 131 154 -151 65 -76 -233 151 107 -24 220 -196 104 -69 -116 -179 -25 236 14 -27 -203 29 95 -175 102 -128 -14 54 152 4 197 -153 33 229 -90 -106 -136 123 69 -202 207 -172 -204 -139 149 -250 177 -190 7 171 -9 74 -22 27 -178 -41 64 57 -174 -5 71 -59 -167 244 249 215 -75 -236 52 246 -169 -54 213 -92 147 17 -4 -232 -77 136 159 -30 116 -108 35 -65 -235 -246 -224 222 208 -144 61 -58 217 -173 -105 -247 -110 189 84 77 157 -42 53 -114 -183 -61 23 51 144 -205 87 46 -34 198 -219 -166 41 -70 -141 -133 31 -194 -216 -215 145 -93 -185 105 -249 75 16 239 119 40 -213 -176 -209 163 -81 188 127 182 242 -220 -240 -239 -102 125 -161 58 63 -95 155 -222 -23 -119 106 -212 130 209 -6 -72 -228 78 -170 96 -188 32 240 148 134 37 -200 184 -10 -56 34 -238 -152 228 -182 233 225 230 6 48 24 132 176 30 -159 227 -67 -138 -28 -19 -37 -132 231 -118 85 101 -223 142 172 60 -234 -160 186 232 
TEST 123 ARG:-77 248 -214 -176 -103 214 59 -155 -119 -147 -143 -174 -55 71 91 196 120 140 87 212 -93 -229 174 -86 42 60 84 17 -137 153 -146 -54 102 -61 187 -159 16 203 145 -69 2 -201 -188 -58 -99 -18 -20 -35 -56 -43 190 115 -28 202 245 189 68 238 135 -204 62 5 -92 165 3 -220 100 -88 46 -100 142 -243 -48 148 -237 137 -94 -91 18 -217 -135 -125 228 96 217 33 -40 -242 -33 54 -107 -15 163 0 -223 14 -202 -157 -241 -211 176 159 -206 -166 223 34 129 -246 65 -142 79 83 205 173 98 -98 -152 246 -131 193 35 -22 220 -51 125 -182 -120 -64 39 211 201 -46 75 -173 111 116 99 30 -175 -232 229 225 -118 184 -84 -21 21 4 -5 109 -68 -126 -41 -42 -161 -65 95 -205 -228 239 -198 113 -109 114 182 177 38 104 -215 -114 -196 -128 230 -158 234 27 110 -73 218 126 235 -66 206 -70 -226 149 -138 73 -233 -117 -7 -191 200 11 -245 72 107 -17 47 10 -13 -11 155 -82 -121 67 -213 -85 178 -227 -187 63 -122 15 -144 147 76 139 242 150 -110 86 186 -153 69 123 -79 23 -124 -247 36 -59 -140 70 -24 222 -177 170 -178 166 88 236 -239 112 -248 183 216 -4 233 106 172 -6 122 130 -71 209 -34 244 -115 82 -151 -163 169 -216 168 61 -53 52 -200 78 32 207 90 51 56 45 93 -192 8 97 -47 -106 160 119 -162 -16 9 26 118 138 49 -83 103 197 -87 -193 224 219 -52 24 -57 -63 -197 48 -183 131 -37 22 -149 -14 -31 1 -129 105 -25 12 188 198 77 -136 167 -76 215 241 80 -148 -194 -45 240 136 171 121 -249 161 13 -50 -189 -27 -235 -231 -184 -145 -104 -250 50 -3 -9 -195 181 -38 -179 -244 94 -67 -171 -225 58 74 -89 -203 20 152 -32 208 -234 -113 -80 -209 -10 210 179 227 -26 -139 -210 199 53 7 134 -133 -105 237 -218 -95 156 -102 -74 -96 -8 -219 40 81 162 19 -230 108 154 57 -44 66 -236 133 -97 -108 -29 -164 195 -167 -49 117 204 43 101 143 -156 247 -154 -222 192 64 -190 -170 -212 243 -1 144 -150 -112 -207 85 -141 -134 29 231 37 -101 -19 127 -169 -72 -172 -75 -221 -132 55 -160 -36 157 25 158 213 -123 -186 151 249 -60 31 221 124 -224 -180 226 -208 -2 -81 -116 -238 -90 -39 -168 146 -23 6 -130 132 89 -199 92 -165 194 164 -127 232 128 44 -12 191 41 141 185 -185 175 -240 -62 -78 -181 -111 -30 180 28 
TEST 124 ARG:-178 -95 -162 -91 -25 -112 145 -13 -32 78 -17 236 8 -200 -228 -143 -6 63 247 -85 -169 -81 -114 25 243 182 200 231 118 -108 241 71 27 -94 53 -49 246 112 -63 18 244 -159 -46 -135 242 -204 192 94 55 208 -40 116 234 -144 52 -187 -60 -50 -242 57 86 109 129 165 -165 115 73 167 -87 -177 -238 238 139 150 37 -93 -173 162 201 172 -124 193 110 15 -12 65 -148 77 178 -70 158 164 -236 -117 38 -123 -54 196 0 191 120 -201 -3 -139 237 -179 101 -243 107 -157 50 -180 -219 -14 75 227 -208 -7 114 215 133 -134 -1 151 -147 173 -250 -28 -215 -20 -174 194 -213 -224 205 30 -51 -195 -48 -234 7 136 -192 -24 140 130 -156 -150 177 -206 -68 232 126 -185 -105 211 95 168 230 76 -5 -151 -62 -184 198 -210 -11 -127 228 -16 -27 -61 13 -55 -22 96 19 99 240 -21 49 188 122 -241 169 104 125 -136 127 23 148 98 -191 -109 -231 170 84 217 48 -171 -78 -102 153 -217 12 186 4 -57 157 226 -248 -145 124 3 -182 106 159 103 -235 -203 213 212 33 -76 14 -229 83 -106 -111 -160 -198 -190 -214 249 229 44 -56 142 -23 175 224 39 -167 72 2 -209 67 -154 10 214 93 85 131 -128 -72 -82 163 161 -35 221 -74 239 -69 -42 40 113 1 97 -232 -202 -90 -239 -41 -121 -9 32 -183 -26 185 -79 245 141 -75 34 80 64 144 46 -45 -119 -245 -249 -67 24 58 -39 -80 28 223 -186 -130 20 -64 -181 171 117 -107 54 108 174 -155 181 -225 31 166 207 -164 -221 143 -4 -98 -216 9 -220 147 -131 222 51 17 74 -86 -188 -97 -34 137 -110 -172 56 -29 -92 210 -77 92 -149 -133 132 233 183 -146 -36 209 -166 235 -88 -218 11 -153 -161 -43 -205 135 -59 156 -38 225 -142 -207 189 149 88 190 42 220 5 119 -233 -163 -37 134 -15 35 -104 45 -101 -83 -89 6 -141 89 61 184 -73 160 91 121 155 -197 47 -116 -122 69 26 -115 43 60 -227 -137 -193 -244 -246 -33 16 197 -47 -175 180 -199 199 -65 111 100 -194 -226 -176 -19 -140 -212 82 176 -58 -196 36 203 81 204 -52 70 -118 -18 -230 -10 -2 218 -31 87 216 -240 -223 29 -66 -84 -30 68 -237 -170 102 21 187 -222 154 -247 206 79 195 -71 90 -168 -132 -189 -158 -100 -96 -211 59 -125 62 202 -120 248 -113 105 219 22 128 -103 152 66 123 -138 179 -152 41 -44 -8 -99 -126 138 -129 146 -53 
TEST 125 ARG:179 -104 -36 -136 -55 -122 201 120 -239 26 -41 -247 126 83 133 -91 68 -241 -234 -165 -33 230 -87 245 -88 -128 -188 43 -203 -226 162 -58 -244 211 82 138 227 132 -147 236 -138 -142 -46 -197 124 59 -187 -11 164 -45 195 -95 172 -182 194 206 224 -248 -127 67 -246 -208 -113 151 41 -164 -35 -8 -212 -90 -215 -210 -170 -49 73 118 -81 213 46 18 -107 -37 123 200 -219 147 -202 74 134 -71 -101 187 -17 -2 214 -200 -42 -211 104 -79 173 -189 205 -231 -75 146 -112 47 152 -177 -213 116 -190 7 127 -236 -53 -5 -70 5 99 241 248 -221 -19 -22 166 -10 223 -130 135 -48 61 35 21 142 -199 20 -51 27 -137 155 143 -250 -145 -25 -60 3 65 -66 161 51 -173 -110 -34 -50 -99 -111 148 -31 -220 50 -13 -114 -80 49 -109 64 -103 -196 37 79 136 78 0 -120 101 186 -69 -78 -139 117 1 -7 229 -237 89 -218 84 69 209 110 10 85 4 -63 -143 -206 150 -181 -40 237 -47 -28 -83 -216 167 97 -144 -195 -183 -9 -39 193 202 15 100 -141 102 22 -133 -129 24 34 249 234 -154 188 -146 112 -214 219 215 23 55 32 210 6 -198 -32 -135 -171 -20 -235 -18 131 -54 -38 -159 -245 207 -115 208 -68 -21 -73 -175 -57 111 -180 52 -158 -74 11 -4 38 174 -230 -123 216 -191 -161 -15 94 154 203 -1 221 -157 29 -134 -227 -106 180 19 71 -43 177 93 163 -96 -61 191 70 183 66 14 77 -116 185 81 220 80 -64 -184 -193 -86 -242 9 30 -121 -150 246 -151 -192 36 218 137 -162 91 156 31 -168 90 48 121 -56 8 217 225 239 149 13 119 170 25 -85 232 226 243 -186 199 171 56 72 -131 16 158 42 -156 -26 -93 -194 -119 -117 -30 96 -118 113 -97 176 -94 -12 -132 -149 -16 -224 -82 160 -102 -72 -204 -62 122 198 114 53 45 196 -160 -105 -223 -52 140 -167 -174 -65 -126 175 157 106 244 -77 189 182 63 139 204 12 178 -232 228 -124 -228 181 107 -84 2 88 108 58 86 -207 105 39 125 -89 17 235 242 62 -14 233 -229 -217 -166 240 -163 -205 153 -172 95 169 -209 231 -176 92 -155 -44 -3 75 98 130 -179 57 -185 87 -76 -125 -67 115 -6 -152 168 144 238 -201 -108 192 -27 -178 54 76 212 128 44 190 33 222 -153 -24 145 -249 -98 28 -23 247 -233 165 -140 -100 141 109 -92 40 -225 103 184 -169 -29 -59 129 -148 -243 60 -222 -238 197 -240 159 
TEST 126 ARG:68 -193 113 164 174 -245 227 186 201 180 -3 177 183 76 211 239 -41 -79 162 -227 -136 -131 194 35 156 190 105 -240 136 -109 -119 207 -108 129 -90 -203 -190 49 -183 102 73 -145 223 -61 -132 170 116 4 -103 -104 134 -228 199 88 42 142 -172 -68 -70 44 -156 -249 -213 -146 202 110 -118 30 212 104 -71 -191 -83 -198 -101 149 79 126 111 146 9 -37 216 167 -75 -87 -178 232 165 152 161 -234 -247 -122 -163 -73 -24 -224 -175 206 -200 -236 247 -166 188 52 155 -180 124 -250 -6 169 0 -27 -14 193 153 151 -26 187 -237 87 58 53 -248 172 -12 90 -59 6 -215 -140 -244 -15 145 -66 -129 192 132 -82 224 -186 -192 -222 100 -206 139 122 40 -121 181 -168 236 95 86 -210 39 51 225 -77 108 -52 71 17 5 171 37 -57 -58 107 231 -223 221 -164 -100 166 -187 209 -141 150 56 -173 -159 185 154 -47 -97 77 -144 47 54 -45 -184 45 -11 -38 -98 11 157 -220 -86 -7 64 -133 -155 -246 246 27 -194 -149 -123 -50 143 241 -219 -139 -53 -209 -18 -64 99 244 184 48 46 66 -208 82 -110 -148 8 176 -111 7 -189 141 220 -106 81 43 -185 -241 72 -128 128 144 238 24 16 245 -138 -67 -84 -202 -167 -78 148 41 234 -179 -243 10 242 -211 -95 235 -233 -74 -127 248 118 12 -112 230 117 -2 13 119 38 98 -207 -69 -22 75 -176 -197 84 229 196 138 -182 -39 33 -113 -214 -17 28 -188 20 -135 -51 -158 -181 160 -65 -130 173 -162 -91 -120 168 78 200 -160 189 197 29 135 18 -76 -16 -231 159 -94 -92 240 -221 62 65 -217 -142 -99 89 127 -242 -9 -34 25 208 -137 175 -93 59 61 -116 -5 74 -49 69 26 198 91 109 -196 -225 -218 -19 114 -238 -89 219 137 -81 140 -229 -157 -174 15 158 21 -28 -33 14 179 -48 -230 -195 130 205 -199 120 97 -126 -150 -235 147 -171 93 -169 96 -8 -29 36 -13 34 -32 101 -60 -147 249 22 217 -20 -216 222 218 125 -44 94 -102 83 -125 -4 203 -226 243 -161 -152 237 228 -107 -40 123 -153 -134 -31 -170 -55 -21 -154 2 -204 19 57 210 63 -85 -88 70 215 85 92 182 80 -114 191 -201 103 115 -151 31 -96 -239 106 1 50 -177 -1 67 121 -62 214 23 -10 -117 -23 -63 -30 131 -54 -232 60 55 -42 178 3 226 133 163 -46 -115 112 -165 213 -36 -35 -56 -212 -25 -105 204 32 -43 -124 -205 233 -72 195 -143 -80 
TEST 127 ARG:165 131 -96 213 50 73 236 -203 -49 -4 32 83 -167 106 -109 134 57 163 -238 -112 -87 -93 230 -31 153 174 -194 86 -57 145 -98 -88 -23 -140 -91 -186 101 -76 -134 178 -170 -132 -158 -3 94 194 -118 -248 -20 -44 103 -123 226 -177 76 85 -58 -210 -78 167 217 -232 243 -236 -108 75 -62 35 -22 239 -195 -19 -100 -212 -39 -244 -246 124 10 218 -126 149 162 62 -6 98 8 -174 80 -235 -182 147 244 6 104 -141 -86 117 -80 -77 15 248 -99 -51 216 92 170 -224 -199 211 193 -189 -90 24 205 -75 70 -54 -50 -1 -208 -53 -247 25 237 -122 21 -227 54 20 -63 207 -84 -200 39 -16 64 -249 121 115 151 -231 219 49 30 220 169 -95 7 -165 171 228 -172 -148 -213 -180 189 133 136 132 -222 -110 129 197 -41 -147 152 -193 38 -204 -55 87 109 -220 -59 22 74 -103 206 -101 -117 44 -66 -11 138 17 122 225 183 -191 12 -34 -250 181 -179 -24 -154 160 161 -190 227 146 185 52 67 -225 141 -240 -64 222 201 -61 71 -149 107 -35 1 36 148 -218 90 34 -81 -32 -18 196 -133 -157 208 114 112 -26 113 173 79 16 72 -228 240 -116 -29 -245 242 123 95 -111 97 -206 -52 -230 60 -173 202 28 155 26 -198 -181 45 150 142 192 -12 -15 -156 231 139 -104 -211 46 -129 130 -237 120 -27 9 224 89 168 203 223 126 -175 241 -136 215 82 -25 93 249 -202 -216 23 204 -46 -143 -142 63 -10 -183 125 19 4 40 100 175 -68 81 -169 -42 186 -131 -146 -5 -37 -234 128 -69 195 118 -160 188 -152 184 -28 -233 180 29 -196 -128 -56 -159 42 -162 164 209 18 -241 -65 5 -60 -2 33 -138 -161 43 210 -221 -242 235 111 110 -223 -125 -226 -38 119 -30 234 105 238 200 53 65 -163 -89 182 -151 -155 41 -168 -187 31 58 -120 233 -83 102 -8 -178 -184 -130 135 -144 84 -113 154 191 -115 143 127 -153 -127 190 158 -114 78 -239 -13 13 156 51 61 -229 198 108 -243 232 -97 -150 -48 -47 -92 245 179 -72 -185 246 137 59 -137 0 -215 157 77 -135 -207 -40 -33 91 -70 -124 69 -107 -214 -217 -121 -106 -85 2 -119 -171 212 11 -164 -21 -209 -176 144 14 -36 55 -14 -45 -7 199 27 176 187 -43 -94 116 166 -71 48 177 37 -9 -79 99 -67 88 -219 -188 229 -17 -145 247 96 -105 47 -166 -139 -74 214 159 -201 68 -82 66 140 -73 221 -205 -192 -197 172 -102 3 56 
TEST 128 ARG:-184 27 78 100 20 33 34 209 203 192 179 -188 -64 -163 181 77 -107 -57 207 -83 -186 -5 -141 243 -241 -93 5 161 -7 205 2 -138 160 94 -249 216 57 -242 -94 -162 140 6 -232 -48 25 -197 -213 -35 198 -174 248 -11 211 158 -151 -82 -75 87 -236 -99 145 -63 -208 234 129 135 96 -81 64 74 76 -140 -110 -54 157 125 159 -50 26 79 -33 7 46 -235 -53 52 -220 15 239 -142 32 -135 110 174 194 99 108 -183 177 -96 218 111 19 86 24 -171 -180 -192 -185 186 -66 53 -41 -9 -91 225 -18 23 -72 98 -155 -182 75 -209 -84 42 -216 249 -116 235 131 -112 -39 -97 91 241 -98 -119 55 206 47 -161 59 44 -79 -157 150 -125 230 169 193 3 148 -148 38 -45 -178 123 -215 106 35 -131 -169 163 -196 118 -130 105 84 -247 236 155 37 -219 28 -70 -187 -194 -137 -118 89 -95 119 -78 67 102 -144 68 1 130 13 -153 214 -102 -108 -106 -86 48 122 154 175 -239 136 10 221 212 -152 45 114 70 -146 -126 18 183 -154 16 -59 -36 220 190 -214 -228 -150 240 227 -29 222 -105 -170 188 -74 63 -149 -158 -104 133 -40 189 -12 124 224 -115 88 -222 128 -17 -145 -51 115 -165 -202 85 210 162 -2 156 116 -56 82 83 195 -237 -28 187 204 202 -233 180 -160 176 -121 -21 -193 -229 112 146 127 -117 -38 245 -139 -25 117 -147 -201 30 141 93 219 197 95 -175 199 -90 166 8 -172 171 -246 0 -189 -101 21 92 -244 -217 178 39 -13 -49 -100 69 22 -67 134 50 -113 101 -159 120 -123 144 -31 90 170 -80 -243 165 -85 -26 228 97 196 -195 -248 -20 -52 66 61 -23 51 17 138 244 -37 -19 143 139 -205 -132 -250 -191 -34 185 153 -111 246 238 -167 -136 -24 113 40 -65 -103 -230 -227 62 -8 -218 247 -231 184 -4 217 -221 36 -1 -22 -203 201 242 54 58 -133 226 -6 -238 31 -62 -120 172 -15 -42 -225 -43 109 -240 -199 -14 -88 231 71 -47 142 -190 14 -44 -143 168 233 164 -124 -3 56 -166 -69 72 -129 12 -73 -77 -212 182 11 151 -32 -198 -60 -226 49 173 -179 -109 -204 132 -168 -200 147 -68 -223 -207 107 208 126 200 232 -27 152 60 -89 -122 81 -71 -30 -10 -61 149 -127 -128 137 -211 43 -46 -16 -176 215 29 191 65 -173 -245 -58 -177 -164 -156 167 223 -234 -181 -92 121 -87 -224 213 -76 -206 104 4 -134 41 -55 73 103 229 -210 -114 80 237 9 
TEST 129 ARG:-118 137 167 165 216 1 32 7 106 -239 -160 24 156 114 60 -121 -192 25 -78 199 -222 147 192 219 -101 76 -66 30 -189 131 92 99 191 -69 126 -36 90 59 -85 197 194 -67 154 -21 -14 37 -103 -24 -200 13 193 -92 74 140 -226 176 195 -105 -76 -56 -135 -133 21 -35 104 129 -61 143 8 -26 -206 207 -117 11 -116 -246 117 -164 153 230 -207 -108 120 -25 188 218 -216 -199 -184 -94 158 132 89 -9 -168 29 214 134 -13 -247 28 222 -221 -228 -126 77 -191 187 -240 -82 88 86 6 -196 -42 5 44 70 110 22 -182 171 38 -195 80 97 -104 108 157 83 79 163 -147 -179 -229 221 9 237 -49 -50 -129 91 16 -242 149 228 -165 -220 -7 -120 -128 49 -32 213 -152 -203 118 64 -176 -84 33 210 -232 -55 141 -38 -149 234 204 -209 206 -157 -33 111 -54 -86 -111 133 217 179 231 -238 23 -150 66 123 -143 55 94 -172 -43 -97 220 -205 211 -140 182 116 238 71 164 180 -241 200 172 152 245 -236 -166 -153 -194 -88 -148 -44 -77 161 -170 12 -51 -20 -130 48 145 78 -58 -70 -34 -112 240 -159 -100 98 201 136 -68 -107 232 174 -193 -142 36 -208 -22 -167 -80 248 -75 -173 46 -237 142 -154 -138 -1 -5 -146 119 224 -64 -10 -102 -6 -91 189 -29 -3 -48 47 -145 17 -73 -188 -99 43 177 203 61 26 -11 239 -183 -223 82 -18 93 -217 -60 -72 178 -181 -213 100 181 -178 -144 169 -65 -114 -125 -113 184 -155 -151 -23 125 -81 -40 62 -45 -243 3 96 105 -187 0 19 223 196 -93 -12 170 14 -16 124 -15 -139 81 -98 -57 95 -180 -235 -231 103 -122 -41 -177 18 10 -141 138 215 -90 249 109 -212 -250 -134 135 52 67 -175 -225 101 -4 151 185 209 148 205 159 -59 -87 236 57 -46 41 54 -119 75 20 -74 115 162 190 -234 244 -185 -162 -190 226 202 168 -52 -230 -197 146 84 175 -218 198 -19 -28 -106 -244 -63 -30 247 235 233 -62 -224 58 -214 -174 212 50 -210 -248 -137 229 -249 160 -124 -245 -71 87 39 -2 45 56 -163 -47 -96 -89 35 227 -110 173 166 -95 -17 139 -123 113 -109 42 53 2 -53 -31 183 -136 69 -131 63 -79 241 31 40 -37 112 -215 51 -169 -115 155 107 -211 -27 85 -156 -132 246 -219 -8 4 -227 -171 72 128 -161 27 -127 -158 -204 -202 121 102 65 15 -198 130 122 225 -233 -201 243 150 127 -186 144 34 186 -83 208 73 68 242 -39 
TEST 130 ARG:78 162 -176 -230 -149 -229 216 -17 -115 -33 229 -152 -241 9 -128 -51 -58 231 88 24 -101 -182 -196 127 -201 218 -93 -80 37 66 59 -131 -57 -167 170 135 -87 248 48 -148 32 203 173 -157 34 -153 -130 -193 -225 -4 39 -203 51 227 200 -32 -198 -46 -231 2 -197 -156 238 234 10 134 -242 -236 89 -105 11 149 117 -121 -1 -84 242 17 -95 36 -42 -119 52 -65 -195 41 193 -117 177 -250 79 139 186 93 -164 -232 -114 -239 -137 228 77 158 161 -226 -49 6 -52 -99 -103 -74 -48 143 -184 125 -224 47 -14 -16 185 204 23 -66 153 81 189 -189 -55 209 246 -215 0 -29 8 58 -216 157 -186 31 -31 -141 35 -136 239 -160 164 141 -245 -222 -35 33 147 -188 30 181 20 197 -70 -244 -151 -43 106 206 -24 208 130 -190 91 -37 108 -38 188 27 136 -183 -8 70 100 -30 140 -140 215 -172 96 156 -123 -2 -18 80 69 97 -200 150 -234 201 221 -75 236 -165 174 -126 160 -181 -90 -56 -217 50 -155 230 -28 -180 -218 13 -240 -62 233 241 82 -108 -178 -61 120 -94 -44 194 192 -210 -96 -11 210 -45 -23 -109 -129 198 -60 -59 -246 195 67 178 3 -85 16 72 98 84 -219 -25 -81 196 -73 -144 -202 49 -243 -212 121 95 107 -175 -88 217 -228 7 71 -159 62 -50 -19 -20 244 -79 235 102 15 -206 76 124 -204 -100 116 103 -107 43 -162 205 171 -191 -7 -199 -111 -227 115 138 128 -135 113 131 61 168 -185 -249 109 -39 44 -27 -221 53 -71 -194 -223 -102 -179 -248 -3 163 -76 -211 -127 202 144 243 45 46 191 -233 -214 -40 -92 83 56 -208 -171 -86 226 111 -54 -6 152 19 -158 220 1 87 146 224 -161 179 165 -150 -78 -26 -146 214 -143 38 42 -113 223 26 145 207 105 182 123 -120 -147 -15 18 104 -112 4 166 172 -174 -220 169 74 212 -209 -170 132 63 12 126 154 129 60 -169 119 -205 -138 86 237 -173 222 219 -10 -124 -104 -237 -13 118 180 137 -110 245 232 28 -91 -98 29 -63 240 167 114 -97 -36 176 -5 -134 -177 64 249 -122 -77 -133 -68 -145 -82 -53 -83 -132 75 -235 25 -187 -72 40 90 112 -166 -168 247 213 148 54 -67 184 92 110 -116 -247 5 225 101 -47 94 -192 -22 68 85 -163 175 -34 -89 159 -118 -12 73 122 99 142 -213 -69 -125 -154 57 22 21 -238 -41 -9 199 -142 -64 211 190 65 -106 133 -139 151 14 55 183 155 -207 -21 187 
TEST 131 ARG:-176 -221 -179 167 244 194 9 16 112 128 -204 -32 -33 -56 187 -236 205 -62 -41 -186 185 -3 230 -223 -136 144 95 -185 61 147 53 2 108 22 215 188 -70 199 -239 80 110 -218 27 154 -75 -58 249 149 -150 216 -113 72 -125 50 246 168 -235 32 -229 -98 -81 -49 48 -220 -127 173 54 82 14 224 234 143 104 -67 -73 79 -145 214 -97 62 -163 -111 211 164 94 -180 -6 70 -21 221 132 107 58 -36 222 63 -248 -238 -118 -107 220 142 -12 85 113 -138 -114 39 237 -20 -99 -57 -210 195 -247 -228 29 -166 -157 18 -246 -59 -24 -86 -126 141 -23 174 -112 -149 -28 170 172 66 114 212 20 -230 236 -242 -212 153 -53 -146 -10 75 40 -116 196 208 60 -177 111 88 12 -30 26 -5 -1 -162 -205 163 -139 -131 -22 -85 130 -87 121 -17 -66 -198 -160 -119 -4 -18 101 135 -117 228 42 -201 25 91 -133 122 105 213 -71 -74 -165 146 -206 90 38 -231 207 -2 223 103 -154 115 -170 -83 0 -37 -244 -48 99 189 -8 247 218 13 209 -208 -190 7 139 109 -80 23 68 202 -209 -93 -51 175 186 -42 151 69 -115 -79 -183 -65 241 -135 43 -27 5 -60 -31 217 232 17 47 -153 -55 -40 129 -207 -143 133 191 152 -52 1 -122 33 31 -225 28 -213 -232 127 -25 76 -188 -68 -195 166 -214 -50 239 93 -193 148 86 11 -189 -233 4 -106 15 35 -222 118 -84 -169 -144 123 19 -100 -108 6 -128 89 243 102 176 64 67 97 -217 -124 -54 73 145 -182 -34 -192 -224 -103 55 162 192 71 -94 -216 245 120 -46 -105 -77 116 -211 -130 -241 119 -194 -148 -173 -72 -134 106 177 57 210 155 125 248 -147 201 24 -161 -187 -123 -88 227 -137 -175 -38 30 44 -7 81 52 126 225 -96 84 117 -82 -167 92 -158 37 -14 124 3 -191 -76 8 138 -15 -35 -19 -151 -171 183 -227 -181 -234 -156 83 160 198 49 -142 -120 -45 41 -152 -102 -90 200 -43 87 45 131 -140 -109 150 -26 165 -159 181 203 184 -200 -203 46 179 -63 -95 157 10 206 -249 21 -196 56 219 59 231 -47 -197 229 233 -13 -199 136 -61 -29 98 -92 -132 96 190 78 235 -215 -110 180 158 -168 178 171 240 161 242 -184 -69 -202 182 140 -16 137 -89 169 -129 -121 -101 100 -9 -141 -245 -64 156 -155 -243 238 193 36 -91 65 -178 -219 51 -164 -172 -104 -237 -250 197 -78 -226 134 159 -39 -174 -240 -44 -11 74 226 204 77 34 
TEST 132 ARG:26 13 -123 96 -228 3 -202 -139 99 156 -99 -146 188 -172 100 102 121 -51 191 193 0 -65 59 -234 81 210 -7 12 218 95 -10 -64 -46 180 131 -242 222 -203 192 2 71 90 230 -23 75 -215 54 -86 -190 -208 -248 -36 179 8 -210 196 -162 68 -165 -38 14 -97 77 -176 -238 184 -184 -201 -175 202 220 154 141 -136 -174 -131 132 22 -155 -20 64 -108 1 20 4 36 9 -6 49 -96 -157 93 -183 -84 -231 -88 -39 225 -124 137 148 -72 -222 -204 -198 -235 150 174 217 240 149 -218 133 232 168 226 -180 -200 -24 204 120 104 -219 -26 -30 -121 216 155 -230 -150 -77 -21 -15 -74 -232 233 -116 117 160 -22 136 76 151 207 164 40 134 -2 -100 -132 -52 -19 -50 112 65 238 -76 239 105 157 135 -89 72 -68 -69 -177 31 -239 -189 126 172 42 -212 -44 53 -169 66 119 -109 -163 37 208 -181 158 39 123 -112 -33 -166 144 -101 88 203 -85 -237 -128 -17 138 -110 60 67 33 29 -241 -250 -98 -227 -61 -9 63 58 85 170 101 46 116 127 98 80 139 47 -149 221 223 249 -182 -32 -105 214 235 178 187 -75 183 30 32 163 201 228 -29 -160 51 -95 -3 -244 -187 -102 103 69 -213 -207 -118 -115 -168 169 16 34 199 -223 -79 -186 28 38 -73 200 -148 57 -141 147 237 -67 -161 224 -13 -126 -56 11 -151 -158 -225 -133 -217 -119 -92 152 43 78 -153 212 114 197 -144 27 50 -145 -31 -194 165 73 -193 25 70 -82 248 -137 173 44 219 -90 -199 145 -143 -93 -140 110 86 5 107 10 -34 241 -66 83 195 -40 -171 -45 -54 242 142 -138 7 82 -122 171 118 -147 124 -57 -106 -47 209 19 52 89 79 244 185 -197 17 -249 -60 97 -107 153 177 -43 231 -78 -191 -53 -113 -236 227 130 -178 -48 94 206 74 109 -179 243 -41 -125 167 15 -71 128 -80 -27 -156 -87 48 113 -59 -159 -8 162 -152 -220 92 -63 -12 -4 -49 176 -167 181 159 -103 91 -134 234 84 -83 115 -229 -42 -154 -233 -170 -81 143 -245 24 246 -247 -164 -214 -37 -111 -35 146 140 -70 -104 35 -94 -142 106 -5 213 -11 -1 -192 -62 21 -120 161 -16 87 -221 -14 -114 -91 215 -224 55 45 -129 -130 -127 -185 62 190 -25 -206 61 18 -58 186 56 -117 -209 182 -216 -243 229 194 -195 129 -55 166 -188 111 -226 -135 -211 -18 175 245 23 108 247 6 -28 198 -246 189 205 125 -205 41 122 -240 236 -196 -173 211 
TEST 133 ARG:-116 -122 -47 -19 82 235 81 -150 229 -58 1 -9 -62 -1 133 -28 202 -245 18 168 -52 12 67 -172 -248 146 -166 -124 61 155 102 14 116 -206 140 209 -4 -118 236 -104 -212 221 -94 -222 128 -95 -78 118 76 227 -211 -228 -165 -85 -61 -141 -214 58 135 -167 -147 -64 211 -174 13 188 -38 -132 -193 36 70 -84 16 108 27 -16 -7 -129 -160 -67 -149 -223 -215 -50 37 41 -151 63 47 -22 -224 -131 57 166 -156 96 219 -17 -180 -24 225 -169 215 247 161 189 246 31 10 150 -53 105 -70 176 45 -164 90 -44 -5 -197 6 22 -29 -40 240 139 -170 -51 181 42 -144 233 -77 173 -133 125 149 -114 19 -105 60 -176 11 2 180 -154 213 -192 -244 51 239 -2 -66 132 -60 8 199 -112 -175 -110 -234 113 23 -179 -177 -182 124 -128 -249 187 198 -190 -230 -68 -207 159 -205 -157 -49 174 200 -79 -213 197 -89 -57 38 -237 -23 -191 -236 107 -171 -187 -74 138 -130 -32 -36 175 -196 92 177 3 88 214 28 148 -229 21 172 -101 -143 55 -221 -188 171 -183 122 64 -161 -126 -13 -80 230 -63 216 -115 220 156 110 -6 74 48 -146 131 120 -242 186 195 237 -159 112 32 46 40 244 -25 -30 -219 178 153 228 -185 -152 142 -54 232 192 9 69 141 154 -69 -27 53 -92 0 -111 169 65 -209 -43 -65 212 -90 -98 167 83 -34 151 163 183 -35 91 -240 -148 -81 -11 -202 -231 -120 234 -173 129 -31 33 -3 119 -226 226 -225 117 -168 245 145 -93 -204 206 158 -75 184 93 -247 -217 217 -113 -140 248 50 -86 100 44 -195 -56 109 87 -184 -163 218 -239 -100 -96 164 204 54 -241 -83 17 -108 -26 95 160 15 -99 -189 -48 -199 35 80 97 126 -59 223 -200 -235 66 144 29 72 104 -178 -121 68 43 203 7 249 101 -233 -125 -137 59 -135 26 162 238 103 -155 -12 75 -220 242 56 -82 208 127 24 99 25 73 -37 -134 241 115 185 -145 -127 222 -243 -123 -238 -14 137 -55 -203 205 -109 -142 123 89 20 39 -210 130 -42 -87 5 170 114 201 78 -102 -201 207 -218 179 -232 -162 -8 -97 121 98 -119 -208 -73 79 165 -103 85 86 152 -139 143 -39 193 -194 -71 77 136 -181 -46 -33 182 196 157 62 -106 -41 134 210 -20 -72 -246 -250 -107 -10 -198 224 111 -18 194 -45 34 -186 -227 231 -21 -88 -91 -216 49 52 -153 71 106 4 84 -136 -158 243 94 -76 147 -117 190 -15 30 191 -138 
TEST 134 ARG:-235 -2 126 -226 -104 -72 -231 -97 -81 -68 -24 220 62 120 142 -144 203 -227 190 180 240 59 70 -164 -196 135 -161 43 101 206 197 42 36 158 237 170 -138 124 -60 -210 193 164 -158 -236 -178 248 184 100 -67 -20 -135 -247 -66 108 185 75 127 210 26 -160 54 245 -167 -111 128 97 -30 71 -179 212 -98 230 -187 221 229 179 -183 49 -85 34 66 136 157 214 -223 205 -38 -58 -99 -239 -71 87 -37 -143 -28 195 72 81 47 -148 224 -45 41 -42 -115 69 -75 -53 -52 -16 -43 -76 -11 -229 -93 168 65 -73 -13 -175 88 -15 -88 -128 211 86 50 32 16 -95 19 -215 148 91 -145 -17 151 -244 -136 29 117 89 58 98 -92 143 191 -64 122 199 -18 -211 -106 82 242 -147 -123 -184 13 208 -206 2 110 223 -48 202 18 -116 -200 -59 104 11 123 12 103 -197 -213 -140 -188 106 -218 236 -87 -180 166 -168 -177 0 244 -7 -250 -22 181 -192 119 9 -100 241 204 115 -117 -125 -166 -225 187 226 -205 102 -112 -237 -23 -25 38 -82 15 46 -109 -201 171 99 -39 -132 156 -29 -199 -186 -118 -127 -101 -204 -32 -90 -84 57 25 90 159 -181 218 -146 24 -242 -36 84 -169 31 -193 -55 -70 6 155 177 -129 163 93 247 114 -176 116 147 -152 129 118 -74 172 139 -120 -1 -50 -165 -41 44 -234 63 80 7 60 -31 -154 21 10 -103 -141 -208 14 -194 -185 30 52 -46 -170 53 -173 48 -198 56 3 161 -137 -142 -171 64 231 138 -220 74 243 192 -91 -122 141 222 137 -49 -12 -10 27 -149 -83 -89 -34 -86 235 -190 -248 200 169 17 167 51 79 -35 232 33 85 -63 -153 -228 8 144 175 -14 198 77 -77 109 149 249 -130 146 -189 -65 -222 227 134 -131 162 40 76 182 -214 -150 -57 92 217 -33 -221 1 215 -219 121 -44 -5 -139 186 -156 -195 -133 -119 105 183 -230 -102 -51 131 238 -233 209 150 39 -159 -162 4 -232 239 -108 -238 -8 -216 189 188 28 -224 -78 22 107 111 -19 133 194 153 -56 -6 35 225 61 -80 112 -3 -172 -157 152 145 176 -40 113 -79 216 -124 -61 -191 -4 178 132 73 37 246 5 78 196 -62 154 45 -209 -246 -21 -151 -9 23 -245 -69 -212 67 -182 174 -27 -174 -54 160 83 -163 -47 -126 165 -107 233 -134 -207 -26 -114 -96 213 68 -105 -249 207 234 -110 -240 -202 -241 94 95 140 -94 20 219 -217 -243 228 -155 -113 201 -121 130 173 96 125 -203 55 
TEST 135 ARG:170 214 -39 55 -219 -57 -140 -196 9 -145 10 -240 -248 -166 244 35 179 242 -176 -70 -18 -101 -194 61 141 80 -209 -141 165 -21 49 -234 -36 -163 3 115 204 -83 198 -135 65 -19 30 34 -132 159 152 95 47 -190 246 162 -88 -85 -231 83 -172 -110 94 -177 -206 92 -221 -250 203 21 182 13 -204 191 210 -5 158 -138 172 108 -139 123 183 169 -165 163 -54 -152 37 71 103 -150 -77 -125 128 -48 -144 -30 77 33 -188 -82 31 -218 -245 119 148 -162 -213 208 -168 -75 -195 -113 6 93 174 0 140 -183 -40 -127 -173 -9 -124 86 -80 -69 175 109 168 216 194 105 -236 240 67 -215 -223 45 99 -134 54 -76 151 100 -109 87 -155 -187 228 -26 130 -16 24 -226 -65 -97 -169 207 -106 -67 -6 27 70 160 107 120 58 25 16 43 164 -107 82 197 -13 -232 -34 -98 129 39 -200 132 114 235 -29 32 249 -229 116 -205 143 -214 17 -197 224 -122 -136 -56 44 -167 -154 154 219 96 139 20 211 57 226 171 -68 195 -46 -143 117 -185 121 200 147 247 234 -148 73 -120 23 53 76 241 -84 -8 -159 14 -222 -3 -59 -74 -137 84 -86 -20 199 245 -146 -119 91 -118 166 -43 51 136 233 -161 19 -130 -32 -246 56 90 -244 -114 -164 -170 -225 -64 -179 185 -100 -115 -210 -142 196 36 -128 -181 101 206 -4 -89 68 -42 238 -27 -28 -208 -217 -103 193 -216 230 -112 -41 222 -158 -202 5 -52 -1 -186 -102 -175 102 243 -7 156 -53 -79 -249 134 186 81 -90 127 -12 227 -14 188 -116 122 -133 -227 205 150 22 -95 64 -191 -149 223 -239 -207 98 72 106 79 -193 -230 60 4 -123 -211 12 -104 -182 -180 213 231 62 178 -243 -189 -153 -50 -93 -71 -81 88 -44 29 69 -61 85 218 8 104 -111 15 -237 48 149 126 -55 112 -63 1 11 137 -11 -94 192 -212 -35 26 -47 110 78 -37 232 -121 -108 212 -105 -22 -31 -151 -73 184 201 236 -92 2 -247 -117 28 59 118 131 -160 180 97 66 -171 -157 75 167 42 -62 -24 190 153 202 181 145 -17 173 -126 -25 144 -199 221 -192 -99 -96 -147 229 40 7 -51 -241 124 -228 -233 38 -23 -38 63 -201 50 -10 -33 41 74 -66 133 -178 52 248 -238 111 -156 161 -174 -91 237 -198 46 217 -45 209 138 113 177 -184 -131 157 -2 189 -242 -129 -235 -60 239 -72 -224 -203 176 -78 -220 220 89 -58 125 -15 155 225 -87 215 18 135 142 146 -49 187 
TEST 136 ARG:32 -95 148 230 -115 0 -172 43 -119 110 -73 -178 156 60 166 183 -156 -200 248 -105 27 -159 121 198 3 118 179 98 240 184 18 29 -2 -221 -215 165 155 -47 55 8 -79 -124 -130 -117 89 100 -227 224 -71 -94 97 -26 -160 117 178 242 -175 -128 -80 168 -146 72 -197 5 -35 24 -102 48 172 128 205 -225 -114 115 80 -103 -86 56 35 68 -207 -240 -125 73 192 113 114 -233 36 -243 -37 61 211 -171 -174 -96 -241 -208 -66 -45 -141 -10 -33 170 191 -70 -140 -110 54 -186 -24 150 239 75 220 -219 92 106 -107 -83 -27 246 177 46 -173 15 95 -162 -205 218 -122 -234 38 139 124 -167 -199 -170 -224 127 234 -198 22 67 209 -31 -154 -213 -211 -131 -247 -220 87 -82 -32 109 116 -189 -76 -137 25 -185 219 147 -90 143 -138 20 134 -118 52 228 -93 -155 90 -201 -139 -81 235 -100 200 2 153 -228 45 160 -217 76 -209 162 -179 105 -12 -21 91 149 -166 187 -164 -150 140 -89 125 33 176 -98 204 -91 21 96 112 16 -187 -108 -38 217 -163 173 50 129 -127 169 212 -206 4 142 -129 -18 -121 44 70 13 132 -99 157 133 -229 -68 206 -23 88 -28 135 -152 83 -48 -136 232 -245 233 69 123 -222 -58 236 39 65 214 -147 -41 186 247 19 -180 103 -112 -169 -97 -157 93 130 71 107 -14 225 -183 47 -30 -148 -116 64 174 244 6 171 -11 182 10 -101 -19 26 -193 -56 -203 9 -236 1 101 -210 189 -65 63 137 -196 -216 144 -133 -246 -111 -1 -232 -106 -63 -43 99 81 175 -4 226 -191 -126 7 -22 -84 -181 -49 12 -223 -184 -132 -88 159 51 216 37 -25 227 141 -75 181 151 -42 -53 -235 -61 167 17 -69 30 249 -226 -230 -85 -51 104 210 195 -250 207 -218 180 23 78 -113 245 -104 -145 41 146 188 161 -134 -29 237 154 34 28 -46 49 190 -212 -77 111 102 -60 -67 -237 -195 199 -57 -72 -34 -62 -135 208 86 -204 196 59 82 -6 31 -16 108 40 -242 131 241 -161 229 -120 197 163 -50 -40 194 74 -202 -52 -8 -143 11 -168 164 136 79 -5 42 -190 -9 -142 -78 53 -153 14 152 202 126 -39 -20 -214 -244 -13 94 -144 58 238 201 66 85 -44 57 -194 -177 120 223 231 -87 -239 -188 -17 -176 122 -36 -3 -109 -149 -74 -182 138 -7 185 -55 -238 -15 145 77 -158 215 84 -231 -59 62 203 -248 -54 213 193 119 -165 243 -151 222 158 -249 -192 -92 -64 221 -123 
TEST 137 ARG:-110 -181 -168 98 -248 -164 -37 -38 -220 -224 -87 183 52 -33 -211 195 -239 -44 -7 -107 -92 -208 -72 -187 179 -200 135 -214 192 187 -12 127 -15 -4 -104 83 -230 -99 69 -156 201 -186 111 102 117 -74 103 234 14 215 -39 146 86 -108 -175 203 20 93 -103 33 136 63 148 49 -115 -22 222 15 142 -227 -147 50 177 -207 120 -233 82 -165 -17 64 -96 108 -150 -250 2 -46 -117 -172 35 -18 -225 107 -78 237 229 180 168 -6 -122 13 -170 -45 36 -77 7 -176 -173 170 -194 -184 219 55 -157 38 106 147 211 164 113 105 -34 128 233 199 140 205 -137 75 -119 -101 -231 31 -158 65 -116 21 -202 -62 171 -195 -98 130 149 -222 -120 174 189 94 12 5 -16 -217 -67 207 122 -191 218 -128 204 -91 144 -9 -30 78 -52 -218 -234 125 216 -20 -75 -126 40 -94 -237 41 -71 -178 -55 -169 23 153 -183 -204 -105 197 -76 -144 -235 193 -132 -213 -31 -51 173 -89 85 -219 11 -68 191 -60 184 74 43 -118 95 -69 114 209 -174 -86 -152 89 -143 226 48 143 -131 -90 112 -153 -28 -188 -163 -23 -26 53 70 196 -199 -88 -244 -232 -242 76 -10 -205 -216 -196 145 176 17 160 134 -11 -185 -245 212 152 -66 -136 -102 -121 -65 -215 151 61 243 -35 118 10 -243 87 -159 34 99 42 -32 200 129 131 -82 100 163 123 27 221 92 -63 -142 3 178 -151 -54 -93 224 -70 97 181 -21 -241 230 -3 -48 -203 4 165 45 -223 -236 -134 26 -201 141 -167 -59 206 -73 -135 190 -160 172 84 -97 223 138 202 -124 -140 54 59 -198 66 -109 9 -177 46 -166 24 -64 -29 150 -112 -145 68 -13 -138 156 167 210 228 -106 39 -130 245 -95 -249 124 232 60 -127 248 -226 0 22 157 225 16 -85 28 56 220 -111 109 -161 -1 62 -43 231 240 -2 175 -53 213 18 -210 -162 186 -129 25 -228 -179 30 67 198 239 155 -25 188 -114 90 249 -84 104 -100 -246 119 8 -133 47 -36 -81 247 -24 166 -40 -79 242 -5 72 44 132 -49 -27 32 182 88 -58 -57 6 -80 1 58 -47 77 154 110 -148 246 116 71 238 244 -41 37 208 236 -154 -113 -197 -180 241 -61 -141 79 235 -146 -123 -240 -193 -229 -155 161 91 -171 -212 -42 73 -14 126 96 81 -50 -125 -238 19 214 169 -182 29 137 -221 133 -192 -189 115 -139 57 101 121 217 51 -56 139 -190 -206 185 162 80 -8 -83 -247 194 159 -19 -149 158 227 -209 
TEST 138 ARG:120 -163 236 -190 -63 237 -137 -84 137 -143 -2 92 35 204 230 -151 98 115 -20 -218 12 -68 113 81 -217 153 194 -61 -159 66 149 -222 -216 -35 -126 235 -244 -43 145 36 140 213 -124 -94 -179 -82 69 -184 -3 238 -105 75 121 245 24 112 152 64 -38 187 102 -128 38 219 7 -113 62 247 -197 -230 190 150 34 -80 -186 -170 -87 -175 37 127 205 -204 19 148 172 217 136 51 99 45 -195 -191 28 16 -49 -219 -247 -88 -74 0 -146 181 154 232 -116 131 -221 -187 -75 -26 220 -48 209 224 -121 -81 157 94 -40 -223 -12 192 158 32 -200 123 2 -173 203 -169 10 -41 202 -238 40 87 -140 14 130 -153 -120 63 -235 142 -114 -76 43 -79 73 50 65 117 49 -158 156 -156 200 122 177 171 -248 -164 -104 -58 210 -182 -14 59 31 -135 132 146 -47 151 88 79 86 -4 -236 188 184 -91 -30 -148 -154 -109 -188 -239 215 17 244 -224 -106 -127 -60 -71 196 67 -97 206 -9 -194 -196 -78 170 -55 -83 186 -33 -141 18 -69 100 139 -125 160 -23 -206 52 71 54 -133 118 -245 -215 124 111 143 -16 -27 -100 84 -52 47 -19 -13 -66 -103 -160 -149 -207 107 -90 116 108 207 -209 234 -145 110 -201 155 208 -134 95 104 -177 242 -136 -139 53 -65 -132 -180 -144 97 -112 -172 -73 173 182 -211 -36 96 58 9 164 228 -198 70 141 26 -232 8 76 225 189 -102 -51 78 91 13 57 33 3 -115 211 15 134 29 174 -98 -22 -85 -150 72 231 212 -31 56 -28 -67 -243 147 -227 175 193 197 55 109 -210 -181 159 249 -185 61 -32 -42 126 -225 -62 -119 166 46 -205 1 -107 -171 -101 41 214 195 -34 -118 21 -70 180 -155 85 201 60 106 -152 -72 -250 -202 243 101 -15 -167 -56 -189 178 -130 5 169 222 -10 -37 -39 223 -220 -111 -231 -25 -192 179 -147 -237 -212 191 138 4 167 114 -213 119 -96 239 -123 -18 -24 -7 -249 227 -8 133 165 -59 168 89 -199 83 183 30 -95 105 -161 80 144 216 -46 -229 -108 6 -1 68 -86 -162 -138 -214 -53 27 42 -165 48 246 -11 198 -168 22 74 -93 226 -203 -174 -233 162 248 -5 -57 -89 25 135 20 -241 -193 -176 -21 233 -166 -117 -246 -64 -6 -208 82 185 229 90 39 -157 11 176 -226 221 -44 -122 -234 -54 163 -17 -178 77 128 199 241 93 -240 218 -99 103 -242 -142 -129 125 -50 -29 129 44 161 -110 -228 -183 -77 -45 -92 240 23 -131 
TEST 139 ARG:-150 107 100 191 241 40 199 -148 167 -169 90 -182 32 44 -104 -171 -16 89 -124 11 173 235 132 -225 -116 -231 212 -213 -160 26 -131 52 172 123 -221 61 243 -185 -43 206 -82 168 -18 -167 225 223 -53 92 183 104 178 -230 -226 -107 3 -159 -135 60 76 -152 -101 46 -51 -38 -83 -227 8 211 -220 220 95 -199 130 -92 -244 -100 -249 -81 205 196 -149 155 -174 -36 103 188 128 -15 -37 -184 -219 -58 -73 -9 -206 -146 143 -11 36 96 -178 139 200 -153 244 86 38 81 -183 57 47 29 210 -103 71 77 -98 55 -119 -129 -52 27 -130 17 -112 50 -70 116 150 -144 186 94 -210 208 1 -110 -56 -61 -234 129 215 31 80 -74 19 152 12 -113 105 192 -5 -195 141 131 -117 -77 197 10 -191 -175 -128 -4 18 165 -151 149 63 -232 -33 -202 -105 219 -245 -72 170 65 171 182 -2 -166 -168 -203 -22 83 -64 -250 -172 174 -177 4 209 -137 181 25 75 -123 85 -84 -192 -115 204 -157 -106 228 237 194 -46 82 24 -224 111 -176 88 140 2 213 -3 118 -17 -158 79 -118 -49 -200 161 -8 -204 -188 -94 -13 109 121 -214 -155 -31 198 133 238 -40 56 -14 245 -233 -212 -29 -89 21 7 70 175 15 227 -145 151 226 51 -95 -215 -247 -85 110 179 249 222 246 -170 184 112 135 -7 -76 -235 37 45 148 -88 -217 -80 -132 201 117 239 193 -102 216 -87 -211 13 -161 -120 -223 -91 -114 125 189 -20 187 153 -10 -196 53 -99 -139 59 -71 49 97 -190 -140 78 162 232 6 -97 -25 115 -47 -41 -164 14 41 240 195 -96 22 202 145 66 217 -50 62 -173 -187 138 113 -186 -26 34 28 -111 -44 -134 91 214 203 137 -209 169 -229 -241 127 231 74 -34 177 146 9 93 35 -236 -79 122 136 158 160 190 -147 -1 102 54 247 126 -67 -93 124 119 -39 -108 -240 -42 0 -142 101 180 -208 147 -237 242 84 -180 144 -62 -65 -248 -30 -122 -136 142 20 87 5 -194 -69 -238 -239 -141 58 -78 248 -193 -138 -28 134 159 -205 233 166 236 -189 23 -45 -12 -68 -23 224 67 -32 -55 -163 -201 -126 69 -216 -162 176 157 -154 -60 42 -133 -181 -48 30 106 -165 -6 68 234 -197 -54 218 -109 -63 120 -143 -218 33 229 -35 -198 -24 -179 39 -156 -222 43 156 -207 -228 72 -86 -121 -125 -27 -21 99 16 -242 -127 -246 64 114 230 164 -75 -66 207 108 -19 73 185 48 98 -243 -57 154 221 -59 -90 163 
TEST 140 ARG:212 14 103 -102 181 156 -99 9 190 -143 -232 -63 -154 -170 7 125 153 236 198 -162 -137 -187 -46 6 -29 248 -231 159 182 47 -37 187 51 106 -112 -118 -237 206 84 158 -76 -53 205 -100 8 10 216 4 -70 -167 -105 -86 137 72 -158 -138 -3 -51 -176 66 -36 -145 162 172 -191 -15 11 183 30 -49 -174 19 179 59 -110 -93 35 -35 -213 130 -27 76 -40 -243 -31 146 107 229 123 219 37 -12 127 -189 -47 -246 -247 -126 184 23 147 202 223 -172 90 -32 -228 79 -48 189 16 -161 154 -60 155 -97 -159 86 145 -156 144 -186 -238 58 197 -204 218 -217 -54 46 20 -64 82 -148 -9 -42 3 -115 139 247 62 -155 -219 241 222 -139 56 -233 -89 60 -248 -95 109 -58 217 -182 -80 -11 -215 -10 213 160 141 -94 -226 185 -236 -198 -85 97 -68 136 25 -38 -7 -146 191 -196 70 -214 120 -62 163 102 -194 -210 -26 -14 192 171 18 -111 193 -164 207 26 -52 5 245 227 -193 -113 91 -104 -21 13 28 243 99 165 -1 228 57 -169 -165 173 -128 194 201 -22 -50 -240 55 -129 108 -55 140 177 -150 95 220 -141 74 31 12 -250 -180 -209 249 54 -5 118 115 -75 -200 -171 157 -87 63 -188 87 105 -67 27 -185 -61 196 -208 73 100 -235 -17 22 175 -41 32 -241 -135 -71 15 151 94 -124 41 -79 168 -65 -181 -28 -136 133 -34 -206 -222 -83 -39 17 -103 143 -190 234 -92 225 61 -229 -245 -149 -160 114 132 75 -168 80 -117 169 -43 24 -120 208 -108 78 69 -184 -8 226 -202 -192 -244 -45 -2 -24 98 -98 -78 176 224 0 239 68 39 -133 199 110 -207 -216 -205 -221 200 166 -227 -19 149 204 67 209 -121 65 -166 40 242 131 -212 -130 -122 -157 211 210 -239 -91 -140 -178 -84 -57 -73 215 96 164 104 52 49 -152 112 71 -33 45 -224 -44 231 138 235 161 -30 -175 124 93 -173 -163 -225 -142 238 -96 -109 89 -230 -23 81 -234 -203 -25 170 -82 -18 53 148 85 29 128 -114 -56 -116 42 34 111 -66 116 -13 135 -6 -199 240 43 186 -147 246 -144 -127 -69 83 64 174 142 203 44 -77 180 126 237 244 -131 -16 36 -20 230 -201 -197 -177 92 -101 129 -134 195 -249 113 38 -107 -242 -195 33 134 -4 -72 21 -90 119 -223 117 2 152 221 -151 -218 178 -153 150 188 -183 214 77 -106 101 167 48 121 1 -179 -81 122 -119 -125 -59 -123 233 -88 -74 232 -132 88 -211 50 -220 
TEST 141 ARG:223 8 148 118 246 64 -8 -220 194 38 10 120 -77 37 130 173 177 158 212 -44 -144 166 34 20 -129 62 103 -32 -241 143 32 -21 160 18 -170 109 -125 199 106 187 114 -12 -249 -153 -116 202 56 28 72 203 82 -67 115 -232 216 184 129 -178 135 -177 81 63 220 -63 -216 -84 195 214 145 -238 29 -43 -139 45 -98 -126 239 57 170 132 80 -45 164 238 -187 -191 219 -66 44 217 15 123 -201 -213 201 -189 -62 -15 30 -190 197 -230 -34 6 -33 110 49 232 -210 -2 -27 -218 -173 141 -136 17 90 -227 249 131 -247 -209 -133 116 169 -107 181 146 -47 229 122 -23 -205 -242 27 236 -166 -61 -165 89 -36 24 4 205 -158 -120 -92 -246 -48 93 112 -175 -103 -50 207 168 -73 36 -207 -135 14 218 -171 -142 -233 -244 0 -56 -167 -117 -143 140 134 -106 198 -146 159 174 -183 163 2 -243 65 -5 -78 113 46 61 136 -123 48 -16 -81 243 -86 -20 -70 206 100 -108 233 59 -38 -182 -145 -194 104 58 11 54 76 -10 -64 -41 -124 -68 97 -229 -222 196 -203 162 -192 185 88 -152 -35 -212 74 -87 47 138 142 31 139 -219 147 -72 92 -248 231 175 179 -4 -111 155 -121 -13 -156 247 -112 241 60 101 -208 -55 105 119 -57 -104 -188 -19 -215 -168 -99 -114 193 235 -122 -224 -37 234 -196 22 -149 -132 -46 -95 -30 -101 107 -150 -113 -235 -53 192 -7 -115 -6 16 189 -90 200 12 117 -94 -161 84 167 -22 -172 -1 96 -18 213 -58 3 -24 43 209 186 -71 -40 204 55 -76 150 183 -239 13 -221 33 79 154 52 -159 -118 -148 133 66 245 -200 -75 -59 -83 -42 -138 -65 -69 -109 25 237 -49 -211 73 -96 -154 -185 248 -163 -140 98 83 190 191 182 -195 -14 210 53 -60 -3 176 91 -51 171 121 95 215 -102 -39 -134 224 -237 -31 75 87 35 -184 -26 23 -119 -88 180 125 144 108 -234 -214 127 71 -240 153 -193 211 -180 124 19 226 111 -226 -228 21 70 -54 -80 149 157 225 69 -147 85 -89 -202 221 156 -9 41 244 -105 242 67 -162 51 208 -164 -155 230 -186 -245 222 78 172 -225 -29 161 128 -231 -97 227 -131 7 -236 -74 -169 152 5 -28 -79 -217 -93 1 240 -199 -141 -130 86 94 39 137 -128 -11 -17 -174 42 -181 102 -160 77 -82 -110 -127 -157 151 -250 -151 -206 -198 -85 178 -52 -204 188 -179 -197 26 40 -137 99 50 9 -100 126 228 -223 -176 165 -91 68 -25 
TEST 142 ARG:81 -120 7 -54 210 207 -124 27 -244 53 41 1 -89 193 -91 107 -125 130 15 -228 178 -36 45 240 171 168 89 129 -249 -68 -149 116 203 -38 132 -167 104 -33 -240 -80 208 -202 -9 25 216 55 39 23 -62 -171 234 6 105 -64 131 -107 59 246 -58 56 -234 123 -142 50 18 54 149 -230 -211 32 22 -188 -229 -199 88 17 143 -221 187 -101 125 233 -151 29 91 -235 156 -233 -129 -77 142 72 247 16 -53 87 -10 235 -49 202 -232 214 -118 70 226 -168 -227 -173 101 124 -181 111 -51 172 -138 86 -55 182 -83 34 -161 -223 -81 -243 -215 -135 60 -76 -134 19 223 -35 -160 -103 179 -144 74 -216 -105 12 -86 -231 -206 -162 -158 183 75 -225 -16 71 44 -242 -52 -41 61 -192 -152 77 -85 3 -70 -236 -21 173 244 -18 -106 -219 -117 -44 -88 97 -45 -186 63 -130 -6 85 -200 -112 -25 141 2 -247 109 33 -245 213 184 -20 -136 -57 93 38 -141 -203 -180 110 -79 -50 -5 -87 152 112 -96 84 -31 -157 -185 -60 119 122 118 -204 -82 -109 -165 -217 -1 -84 -132 -114 -159 -122 158 51 40 -169 -163 -121 147 -176 -172 -111 -179 198 -15 -196 -128 180 217 -92 -212 -47 189 -98 188 221 -140 228 236 -164 169 126 -72 229 174 -183 66 -201 -100 239 82 68 -42 -95 212 199 -99 -137 206 115 197 -214 190 -61 -13 200 232 96 76 -4 -224 83 -127 28 127 -71 -177 -102 9 99 120 79 30 -110 -34 -133 -48 -147 21 151 -46 -209 -148 -218 42 -207 -94 -195 136 49 195 -104 -154 133 103 -166 -37 121 -73 36 -116 -75 -237 -56 192 -119 138 211 -74 98 4 162 10 144 191 164 -8 46 -198 95 243 -78 146 -153 135 -174 224 0 -108 128 -143 -66 201 -250 -27 14 167 186 67 26 137 -14 13 -59 140 -205 -213 -39 -208 -197 -178 204 48 47 92 -113 181 5 -170 -156 -126 -150 108 65 -26 161 166 -146 157 -43 20 -194 58 31 237 176 242 37 160 145 102 43 165 -191 94 -28 -65 215 -139 185 -182 227 -24 106 134 163 -123 -187 73 249 100 222 117 231 -19 11 -155 -63 248 -210 -90 150 -246 -2 -115 209 -239 -40 -22 -29 80 90 -145 225 220 113 52 -67 24 35 -175 -97 -23 69 148 114 64 170 219 196 -11 154 241 -222 -189 8 57 230 -30 -3 62 177 -32 -131 -17 -193 153 -93 -248 -220 238 175 159 -69 -241 -226 194 78 -12 205 -184 155 218 -238 139 245 -7 -190 
TEST 143 ARG:12 -169 241 93 -116 55 -15 127 39 246 211 123 -3 -81 189 -79 6 -27 2 -53 80 188 152 -213 -43 -123 -226 -195 143 -168 28 220 -31 -165 62 -196 -153 -39 -95 139 -101 -177 104 -216 -45 13 200 -206 -167 44 -242 -54 -184 115 -203 26 -141 71 15 50 35 -235 118 -42 185 149 31 100 42 138 223 228 103 45 122 -34 43 -149 29 56 -47 182 -38 111 108 -139 156 7 -82 59 32 25 0 75 -183 -109 -151 249 57 5 -58 -131 94 196 140 141 53 -85 131 147 -70 -220 -115 121 154 -190 -250 -13 -22 88 126 -73 225 86 -202 -102 -204 197 -171 -166 -46 166 -64 -1 72 -219 160 128 -44 239 -210 187 -124 -35 -48 60 -245 -193 41 236 -157 168 133 227 -89 243 -113 229 191 145 -189 -100 -30 -90 -110 -84 -178 162 95 -218 11 -140 -29 -120 24 98 114 134 -148 110 -199 218 -133 -143 235 -223 -127 17 -97 -122 -179 -207 -164 -142 -28 20 -170 -61 83 99 175 216 186 -93 -6 -117 -7 -55 199 61 237 -249 -67 -98 -225 -112 87 -175 -231 212 -233 -11 -10 -132 -187 176 120 -146 242 169 165 18 91 -104 221 -221 -147 208 -128 -192 224 158 101 -211 54 89 -74 48 -59 -111 214 77 -162 76 183 -63 193 144 -161 -16 70 -41 1 172 177 -78 73 -129 112 -150 -25 146 179 -246 106 23 107 124 -222 226 -114 -99 -62 -247 245 -49 -26 -83 -71 116 -228 135 203 -36 -156 -88 30 -118 3 -87 -68 163 161 16 68 -241 150 192 -209 -52 82 -237 206 -103 -185 27 157 84 -144 240 51 -200 74 102 217 -69 -198 167 -181 14 -188 -77 117 -91 194 184 65 -152 113 178 85 -236 38 -33 -138 66 -96 125 -72 81 63 -197 198 181 -65 4 58 -108 109 -125 69 136 205 22 96 119 -186 -24 40 -240 34 -194 -230 -182 -126 -8 210 -18 248 151 10 47 -176 -94 -86 -66 -191 159 247 233 -145 164 232 -212 -201 105 -229 79 8 215 -40 -137 -23 -21 -136 -75 201 -224 97 -2 49 202 234 219 -134 -135 -244 180 -248 -9 -50 -121 -5 -60 -208 -172 -232 -130 -105 -239 36 46 33 190 148 142 92 238 9 -217 -20 -57 78 174 -80 -159 153 -19 170 -17 -227 64 213 -238 -76 204 -4 -32 37 -180 209 52 129 231 -158 -51 130 -12 -160 -119 21 230 -14 -107 195 -214 207 -215 171 155 19 90 -56 -163 67 132 173 -174 -155 -92 -234 -173 222 137 244 -243 -106 -154 -205 -37 
TEST 144 ARG:86 249 -205 -147 114 -161 247 16 208 -196 81 175 102 13 57 -60 246 -77 -113 -103 222 -241 126 137 -29 -243 154 -134 -44 235 75 65 -138 -201 -171 209 -211 -108 -123 -61 82 -234 -116 39 207 -199 18 202 -17 94 -76 4 12 200 -139 219 53 -25 -56 127 -151 -208 -225 98 -74 30 -133 128 48 -213 -220 -245 225 122 -24 -137 25 245 -190 3 -122 230 -59 -174 -6 -1 -155 37 -111 241 76 -67 155 -180 -140 105 -154 153 -35 -64 176 -144 17 -50 -12 93 233 6 177 73 115 -34 -27 -43 223 -78 -233 38 -118 -48 131 -124 -128 180 157 124 95 -83 -32 -89 111 112 -216 45 99 160 106 -101 -39 11 -197 59 -69 165 -141 142 63 135 50 -204 -228 240 -16 -102 -173 -121 187 -63 228 -176 -92 -23 -88 -52 169 113 143 -221 28 -209 190 -33 -21 -146 -153 248 -125 85 -8 42 -203 -166 193 181 195 41 -222 -185 217 88 44 192 194 -3 103 -186 215 5 138 10 51 -231 9 -49 -219 164 46 -112 -91 -206 -54 166 -4 174 -65 -73 121 -179 0 91 -224 -235 -2 -167 119 -157 -68 183 96 34 -242 211 242 -90 -215 23 -238 97 -188 -229 -55 72 -195 58 -232 189 237 -129 -142 -19 -162 22 -97 -105 -158 80 144 220 -217 2 -164 83 224 35 -131 -20 -51 -104 -28 70 -117 136 196 226 -5 134 74 61 178 -84 129 232 78 197 -30 -98 36 -94 -80 158 64 -210 92 -120 -100 152 -58 -66 -57 43 -227 236 -81 27 -95 -168 -178 156 -169 -152 146 -247 60 118 -40 182 -119 -207 -132 218 -184 -45 108 161 33 -75 163 -249 -53 145 -187 49 -239 221 32 162 -143 -189 -99 100 -236 198 68 -79 -106 -82 -46 -198 229 -246 -72 26 -150 52 -26 204 -41 -109 -36 -47 168 -130 -218 -226 54 107 151 71 -31 -237 -42 67 101 179 84 62 141 15 139 -70 -87 7 -135 79 213 216 -149 227 -202 55 31 87 125 123 167 -192 210 120 -62 140 -156 116 148 -160 188 186 69 159 8 -14 133 185 -115 234 29 56 -159 -165 -107 -230 173 147 231 -244 -250 -10 199 -248 -240 205 -86 149 -170 212 -191 191 -214 -127 -200 -37 172 -223 47 24 1 -177 104 109 -212 -13 -172 -71 21 244 -194 -110 40 238 171 -18 206 -148 214 132 20 -11 150 170 -114 -136 130 -183 90 201 -175 239 -126 77 89 -193 -38 -93 14 -96 184 203 243 -7 -163 -182 -145 66 -181 -22 117 19 -15 -85 -9 110 
TEST 145 ARG:-200 169 235 173 -167 -197 -108 161 67 213 -116 -145 163 97 -180 237 -104 94 -203 -114 188 143 -194 191 -221 -115 49 183 8 -209 -49 83 -149 -17 -58 174 -113 -45 -72 129 -224 -244 33 212 84 179 -23 -30 241 -65 -207 -135 130 15 246 -242 75 -97 -247 -19 -43 -126 -156 209 13 -64 -186 -139 216 54 -39 45 -179 -78 16 -8 -245 87 -41 -89 80 40 -250 -233 127 -79 230 -124 -9 27 -35 -243 -153 73 46 -193 -51 -36 100 -28 -73 -91 24 28 214 53 155 226 22 152 -185 232 9 41 -165 -62 12 -154 -187 102 -231 69 -75 91 -143 166 132 72 -205 -142 118 -11 -83 239 128 -158 95 -5 -32 -85 -59 150 -218 -240 -55 4 -161 86 -12 -159 200 126 189 234 103 -67 -52 -69 -235 2 -26 -128 -164 172 -102 105 -106 204 -66 110 184 -216 -168 -117 193 64 -56 -215 -121 178 122 -100 38 229 61 248 56 190 123 131 66 182 222 -147 -130 -206 50 59 142 -176 -111 233 206 -195 -22 137 -208 79 186 -96 -61 119 -3 -138 -94 17 -107 114 -248 -87 159 -134 238 -190 -68 20 -249 -88 -29 21 0 -204 6 70 -172 -50 7 98 210 -120 -53 -4 116 31 -80 -71 -140 -54 -25 195 247 104 19 -7 -57 -236 -133 -160 30 196 44 -199 68 -34 -148 -136 -24 -192 -38 -101 -77 -118 197 5 139 62 78 219 23 -74 36 -48 157 -196 60 -76 164 29 -86 220 165 245 153 -92 -201 121 74 -6 -222 42 43 25 -13 218 -177 -183 -239 -99 -155 147 217 211 133 109 -2 162 -33 -228 112 249 14 58 -210 71 -189 -127 -202 -232 125 144 -119 48 145 -70 136 170 242 244 185 -137 -1 18 -46 -213 120 32 167 107 -171 -234 146 -44 26 -166 77 -27 -131 154 -163 -95 82 55 -191 -144 106 -152 156 207 -237 -125 158 -146 227 -63 -123 223 -129 -151 224 101 -175 -14 -18 160 208 -81 -16 76 199 57 -198 -241 -132 -229 63 140 111 96 181 34 194 202 205 201 151 -90 243 -60 -122 -220 168 228 -230 -109 -20 81 11 65 -42 -10 -141 -21 -173 39 113 -37 -182 192 -217 -103 89 -225 52 115 124 -170 176 215 -181 92 -84 90 -150 88 1 187 141 51 35 99 -82 93 -211 -169 -110 -47 10 138 -214 180 134 -93 177 -226 240 -223 -238 -188 47 -31 37 -174 -105 108 -212 -40 149 -98 231 -178 236 117 203 -227 175 -162 -157 171 85 3 198 148 -246 225 135 -15 221 -219 -184 -112 
TEST 146 ARG:-14 -46 205 93 -27 -83 -3 -189 155 246 138 -67 179 216 0 -122 195 -99 83 -9 221 239 -95 -51 162 144 -49 201 203 26 -193 -173 -72 -124 -154 67 190 -29 -131 168 -26 -155 212 -162 197 61 -94 3 1 -113 54 -247 -87 97 -133 178 -35 236 241 -33 -195 -211 215 243 36 79 -76 -143 16 -160 -56 -184 -178 -223 187 186 2 171 145 -66 233 -232 -219 -145 112 -20 31 121 91 -171 87 -147 -179 108 103 -167 -65 -105 104 210 59 -37 -208 106 -31 99 -10 -121 220 152 -16 -153 -238 47 -191 133 118 207 52 111 100 167 21 -202 -151 170 -187 -2 206 -102 -104 56 -116 151 -126 150 69 189 119 8 -19 125 135 -32 71 37 27 -194 86 94 62 -123 224 82 -233 -52 4 -69 -138 -137 6 -216 240 180 -169 131 139 147 219 -140 -34 222 -148 -159 227 -236 -5 -22 -242 -97 -7 32 -70 192 -239 -55 -224 -93 -17 130 -78 -201 200 95 193 213 238 -25 -128 35 182 116 226 -207 -115 143 160 51 127 235 -24 -82 39 -245 -119 -12 -13 124 140 -172 169 -134 -88 -163 128 -86 58 196 -215 188 -38 166 -92 -222 -165 75 -63 -112 85 -64 -177 24 -59 -229 -204 -85 198 -36 -164 77 191 44 158 -166 136 45 -210 -180 14 -135 165 50 -68 -244 -183 126 41 161 218 12 98 177 211 -90 -58 248 117 60 174 81 -240 -45 -101 -149 142 5 43 110 157 -243 -44 123 96 -198 -48 33 57 84 159 34 18 -75 -217 -43 113 225 -60 183 -185 -89 223 247 -98 -150 -174 -108 90 -53 -111 202 129 29 -28 28 -71 40 -227 -228 66 -205 -249 -39 164 19 17 -57 107 -127 15 -200 -139 -50 -168 185 89 -199 76 -96 228 -192 74 88 -144 146 -141 -176 231 -157 204 163 -212 154 48 9 80 105 -109 65 20 46 232 -146 -170 102 249 -152 13 -61 173 -182 25 194 -8 172 176 -234 -250 23 -230 -196 70 -190 122 137 -1 -15 -213 244 -103 -74 10 -235 -132 149 -117 -4 242 132 11 245 -142 199 -81 -221 -241 148 214 7 208 184 114 -100 141 -129 -246 -156 -130 -42 49 -158 30 -220 230 -226 68 -107 -248 -136 109 73 -237 -218 -114 38 -120 -23 -41 -91 -106 217 -125 -209 -6 -197 -188 209 55 237 -186 72 -62 153 92 -80 -30 -181 -118 -79 78 -84 181 -54 22 156 -40 234 -231 120 115 -11 -77 64 -214 -175 -21 175 42 -161 134 -225 -73 229 53 -110 -206 -18 101 -47 63 -203 
TEST 147 ARG:80 233 213 -138 -54 168 -249 -209 -210 8 -207 214 89 -65 187 32 77 -117 31 144 -175 65 -31 34 188 200 2 -12 -79 -56 -108 -173 136 232 116 179 241 -45 -171 -146 199 -72 60 55 -73 100 -4 -131 -133 96 -85 70 -9 6 222 -132 52 22 -197 -109 -110 183 115 46 162 -94 -202 239 -58 -60 37 -178 -227 108 -113 11 157 189 -235 244 -51 -184 -151 -96 -78 74 -208 205 -115 -13 202 54 139 -193 -140 -230 246 10 -62 75 230 -76 236 -89 39 -139 -186 -10 -39 -223 -22 -245 165 -248 -40 105 1 -1 -47 24 137 4 45 -57 234 -228 -102 67 224 78 -215 -18 35 -21 -33 92 -234 28 209 -167 204 -119 -82 120 16 -232 20 -106 206 -80 -200 42 43 -114 -83 82 -90 58 -194 201 -231 -28 -84 195 -95 -205 -49 17 131 -34 -136 3 -155 73 29 191 -92 -124 50 182 -97 -93 132 88 -141 129 -125 178 102 -48 -179 -250 106 161 172 -38 41 -145 -2 -32 -116 119 40 -156 -27 149 -30 170 -41 181 -99 63 56 -86 79 95 -204 -150 192 -25 21 5 -170 229 -244 69 221 215 225 -143 113 -36 -162 218 -26 235 27 227 -172 23 175 109 -142 -81 71 47 62 -161 103 -148 -164 -46 134 127 121 -206 -75 -17 -67 153 36 -174 85 101 -98 -243 124 86 -203 180 -241 -69 18 197 -126 12 123 -11 -66 -74 -229 -100 87 -127 -103 -16 -105 114 -134 -8 -7 91 -216 -135 -123 117 -43 147 243 68 242 223 207 19 -233 140 194 185 164 84 160 248 -71 247 156 90 143 -129 -168 184 72 150 -19 57 219 -163 -20 -158 26 231 53 171 -87 240 128 -217 30 -222 220 112 83 -44 186 145 169 -91 -166 -144 122 -112 -195 190 61 -64 166 142 51 -191 99 228 -182 174 210 -190 211 -237 249 -176 152 15 48 -70 -37 -118 -122 -52 9 133 159 -121 -63 -187 155 -3 13 -111 -154 -152 -153 -5 198 -181 -242 -201 -14 -130 -165 -219 -88 33 -221 104 -77 59 -226 176 -177 203 126 -55 14 -212 -214 -61 111 173 93 -218 107 44 -198 -23 0 130 98 -238 -29 141 -59 -199 110 151 -239 -247 -157 138 38 -246 -35 -236 146 -225 -169 -15 -68 216 238 64 -220 -137 167 245 76 177 -50 -120 -147 -160 66 226 7 148 -185 -128 -211 -240 94 -213 -53 118 97 -188 135 -104 25 212 158 163 -159 -196 193 -101 81 -6 -180 -183 -107 208 -189 49 196 -224 -42 154 237 -149 217 -192 -24 125 
TEST 148 ARG:-114 -59 15 -17 -48 -200 17 53 -84 -249 87 54 -102 -109 -28 186 32 -184 -182 -230 -147 137 -157 196 84 -201 -106 110 -89 218 173 -101 -187 -231 151 145 -5 122 -57 -233 188 13 -241 -165 229 81 -168 -166 -83 -1 104 149 -60 46 -150 -202 -29 135 0 -108 -95 -135 150 82 -196 118 93 -85 90 -124 68 111 -32 207 -144 99 38 114 177 -126 -245 -221 115 79 60 136 -198 94 161 50 -218 -132 -118 223 -125 -191 -195 239 106 140 245 216 -88 -238 -25 -174 -10 -61 184 -154 -4 107 112 158 47 -20 -145 160 168 123 57 92 65 -72 249 -104 28 73 246 -203 -34 -158 63 -183 -216 -148 -197 51 -193 -164 -228 45 -65 -6 -131 91 235 69 5 234 143 -73 -78 204 180 232 166 14 74 52 230 213 193 -13 -133 -63 127 125 169 -36 29 164 -119 185 -189 -149 -170 -136 -213 -96 175 -227 -240 228 -116 2 -11 -43 -41 48 -171 -232 -68 -62 220 -179 214 -16 86 157 -51 -188 -226 -90 -97 179 -8 -229 88 146 -176 67 -246 -105 8 202 -38 124 117 126 -52 -9 227 131 210 -161 62 20 49 95 -107 203 -239 -159 103 83 236 -143 19 -163 -67 -155 241 39 -162 -248 -79 -214 -139 -75 121 -194 -220 9 -217 178 -117 22 -138 -69 100 78 219 116 61 148 240 108 211 64 -186 -236 -222 142 153 -115 6 11 155 -224 238 -18 -50 -141 -99 85 7 -199 56 -127 -15 -110 190 -175 208 -205 55 -192 70 -42 25 226 -207 200 206 243 -242 4 -54 233 209 183 -40 -211 194 -204 191 1 141 -87 231 -160 144 154 102 -151 221 -206 -35 212 189 -55 97 -181 -169 176 33 35 -122 -153 -26 42 -167 -209 89 159 -58 -219 -46 -47 222 -212 165 -27 133 119 34 76 -113 -123 71 -103 -180 -243 75 187 128 -152 225 -56 -76 -129 -134 37 120 -7 -111 -14 195 -70 105 72 -92 77 -12 -225 182 -23 170 217 156 181 27 -173 -128 224 247 23 197 -237 59 237 113 -98 -19 -137 -223 201 -74 66 101 -178 10 109 -77 -3 -185 80 58 -177 -215 -66 130 248 36 31 163 -33 129 41 -93 171 -44 -142 44 205 -208 43 -30 167 -156 192 199 -91 -234 -37 -71 -210 -247 -31 -45 152 -80 -235 -64 21 -39 -53 244 40 174 -100 -121 198 -244 -82 -146 -49 -120 -22 242 -2 -112 26 3 30 -190 172 132 16 98 215 162 -140 -21 -94 -172 -250 18 -24 96 147 139 12 -81 138 24 134 -86 -130 
TEST 149 ARG:-147 231 24 -190 21 165 38 43 148 149 -223 61 51 -192 28 -240 -68 87 172 248 -63 69 212 -77 -145 -10 140 105 44 -88 8 -160 -34 47 34 216 121 22 -73 146 -134 65 249 103 -14 -164 99 179 -116 -172 -72 -162 -178 -117 -193 -95 -93 -185 -114 9 0 93 200 -40 -241 -18 -238 -209 -70 -78 -200 116 100 -35 139 -151 -98 -148 97 75 199 108 80 30 193 163 120 89 210 -99 -28 36 -225 -140 -61 -102 -92 -101 -217 -66 -176 220 102 60 -36 155 -45 -76 -130 156 185 -163 -62 -165 150 85 202 81 -105 126 -69 -13 241 -108 -86 -137 164 -49 208 196 237 64 151 -215 -231 -205 -156 229 40 14 -249 1 236 169 -46 -123 227 117 -107 178 186 73 119 33 114 235 -97 -210 -56 17 59 -12 -149 -230 191 -199 215 -50 127 -58 74 -53 -208 -31 -52 161 145 -207 82 244 -141 83 194 173 -112 130 -42 4 138 192 234 124 16 -21 195 -235 -219 183 -132 -25 58 19 -55 -135 78 211 -220 -54 -80 -8 134 -111 198 142 133 -227 -129 181 -166 -57 -29 27 246 -17 96 -188 -3 -159 -23 112 101 -183 232 48 -32 35 -196 177 -184 -236 219 29 -64 26 111 -244 230 -15 201 -6 243 -182 -202 197 -33 -233 -138 -250 115 -103 -82 171 -59 52 -179 209 -9 158 -195 70 -44 -11 -246 -30 -187 91 -65 -60 -242 -51 -174 224 -27 -239 -126 -16 182 -41 -234 166 144 -74 -133 -171 25 190 218 92 57 -155 -39 168 -19 18 -247 53 42 167 76 50 15 -1 135 -38 -81 205 71 109 84 104 -128 67 -168 213 -110 113 -201 -243 -206 154 228 -180 214 95 -213 -228 128 162 223 54 -83 157 203 13 94 -7 226 -203 31 -158 -237 -175 221 176 110 -85 -224 63 -125 -153 -161 37 132 -100 98 -75 159 41 -221 -5 -152 7 56 6 -136 -211 -204 86 -47 -218 -186 -87 -4 122 -222 -20 143 -212 239 -120 72 -170 225 -189 -216 66 106 118 -177 222 77 68 136 -181 -245 -197 -139 -191 160 247 -150 -67 -115 -157 32 -226 -119 240 -214 5 -229 152 -154 -109 -106 189 -94 242 204 -173 188 -96 23 -122 184 90 -248 -71 -37 107 174 3 -26 125 55 -194 -79 -43 -89 62 217 137 131 -142 49 -143 79 39 11 147 -118 88 153 170 -48 46 2 -169 -90 -91 175 245 45 -198 -232 20 -167 -146 -24 -124 -131 180 141 206 -113 -2 12 -121 129 207 187 10 238 -22 233 -84 -104 -127 123 -144 
TEST 150 ARG:-165 -80 -24 75 142 -129 56 28 -175 236 45 -45 -42 112 80 221 22 87 -59 -184 129 124 -149 -103 -101 -232 156 209 -229 -212 -142 -186 -91 -151 -234 -218 -12 42 1 154 -124 244 46 -247 5 -250 -144 32 -64 119 -193 84 -108 145 -3 166 125 -29 240 -47 111 -9 234 83 -158 27 -216 126 -97 -55 -127 106 -140 203 -240 36 -152 219 -177 121 -25 -54 89 86 -221 127 73 -58 211 -171 -134 191 210 136 85 195 -181 -31 239 212 -200 66 64 29 149 0 -71 163 -249 235 223 -196 -211 -219 12 200 246 -146 233 -87 -17 -44 -126 -208 218 174 25 -155 110 35 -123 -167 71 -238 38 -243 -190 72 118 -138 201 -168 61 34 133 -139 147 113 237 44 -147 76 -102 -99 -116 -206 -223 47 -98 -187 -210 178 -174 198 -28 -157 -76 -160 -60 -112 -192 -233 20 -128 -106 -110 -68 -179 -222 -4 -141 180 -2 -148 -83 -93 -43 -56 249 -199 184 194 77 -213 -6 -194 -183 177 -214 116 -236 81 -8 238 -1 -15 169 70 -104 -202 122 143 161 -228 242 6 19 185 102 68 -118 21 69 14 188 -10 134 104 152 -26 93 -62 -78 94 16 -89 230 193 -19 -201 63 31 160 -22 79 -70 54 171 214 216 13 17 -176 -67 -132 144 65 4 -16 186 60 -197 -131 -86 -63 -88 -205 165 197 -133 -14 -125 15 -162 173 51 100 196 189 98 -145 -137 224 43 150 131 -189 -241 205 187 -130 -230 90 157 -49 -41 -38 -105 -178 -154 -85 -52 -34 -224 229 8 74 -94 227 123 -7 -150 -166 190 -225 140 -84 120 -5 7 -170 176 11 48 -113 50 -235 97 -237 -207 -161 57 108 -136 -11 -120 -66 -13 9 -195 226 26 202 146 153 217 -32 -57 99 -217 18 96 -115 59 10 172 183 137 -156 -23 247 -65 -180 -61 130 222 -50 41 -135 -81 33 -33 162 181 -18 -204 245 -231 182 82 139 -48 -37 -227 -246 213 158 3 109 199 -242 -100 88 -203 -75 115 179 -198 40 -188 -73 207 241 -82 23 -21 -114 192 -239 -173 -27 -117 155 -109 -159 24 151 -90 -215 204 -143 -209 228 175 206 -96 -35 49 -111 -172 -30 39 58 132 231 52 2 138 67 62 -46 105 -77 37 -20 78 -74 -72 -122 -95 -169 -220 30 168 -39 248 -69 -153 -163 215 -164 -248 225 232 -244 -36 95 -92 -191 -79 53 -53 -185 91 -40 -121 220 167 114 92 164 -226 -182 135 -107 -245 -51 55 128 208 101 107 103 117 159 141 -119 148 170 243 
TEST 151 ARG:-92 -187 -136 125 -18 -90 105 -95 -44 -168 -46 -23 -41 -176 100 27 171 46 -218 65 -5 104 -72 -194 -244 36 -56 -19 77 193 215 -70 -76 -113 21 40 -143 80 -80 232 -134 -147 143 -196 -109 -34 42 -248 -77 41 204 -195 101 -152 -174 -93 1 189 87 26 -39 110 211 112 173 177 -73 214 81 8 -66 -145 -159 -59 239 -212 -208 236 -124 108 128 59 190 -112 -144 19 17 -29 -125 -181 -221 39 -138 115 -86 -96 -236 -88 -67 -217 -120 23 35 58 47 -12 -30 -114 154 207 75 55 89 20 -230 22 82 136 -247 -121 166 -91 119 147 44 -51 152 -79 168 225 -246 -197 198 -198 -203 -149 -43 -102 60 73 64 228 235 -53 201 157 212 187 179 185 14 -9 145 -21 67 70 206 -241 133 3 31 56 249 -146 -26 148 9 138 10 123 -216 227 49 -64 -128 -234 159 50 195 116 -25 -42 191 -52 -47 102 -28 246 120 11 -186 -116 -54 -33 237 -142 164 -224 63 178 150 180 113 158 -22 -69 -45 74 -210 -220 -219 210 -153 -103 -55 -249 84 -94 -240 223 220 181 -161 -2 -106 -175 52 131 71 -82 -63 72 0 -243 86 219 -205 186 117 233 160 169 -200 103 -222 -166 -154 224 -141 78 -118 -170 -108 -232 -180 -78 -99 -167 -117 -16 -164 221 -148 -242 134 -101 66 -3 -157 -223 -132 106 -151 -1 24 7 -137 -192 -199 244 155 165 -214 -130 163 162 98 234 -135 76 18 -239 -183 -62 -57 243 -100 69 -84 176 -27 114 -105 139 29 -233 -191 -13 -115 -111 -60 15 -40 32 -49 196 142 -133 132 -238 -160 -188 -119 -24 -171 141 -68 -211 4 192 208 194 -131 -140 184 241 94 30 -8 197 5 199 -50 -17 12 -123 -48 -11 57 -177 121 217 183 -193 -61 -202 135 -204 109 95 51 -158 -37 -65 -139 -206 -122 229 182 218 -178 16 203 -85 62 28 -235 -179 33 -207 -228 -229 45 209 129 238 92 -215 -165 68 -213 -35 202 175 37 226 240 88 -231 93 -14 -250 -10 146 -184 -31 213 -129 99 -4 -162 151 -189 83 97 -75 79 -38 54 137 -226 174 -110 140 -190 205 96 -172 -173 -32 -81 167 -225 -98 -163 -36 111 153 -71 25 6 -126 2 107 161 -87 122 200 170 130 -15 90 -6 144 230 149 -150 -201 156 -74 127 -7 43 -107 -83 -237 -227 245 13 248 -20 222 85 91 -104 188 -58 172 247 -169 -89 216 124 -185 126 -245 34 -209 -127 231 38 -182 61 -155 -97 118 48 -156 242 53 
TEST 152 ARG:-244 -176 132 61 -79 164 136 175 -107 -122 -95 -184 95 -22 58 -49 114 -125 -155 233 -245 -205 179 150 -152 -130 -243 238 -198 49 -144 -31 -150 -237 113 -51 208 53 219 13 -230 165 -162 221 78 -60 -110 -129 100 158 44 15 -219 180 242 -121 -207 151 129 -16 47 -98 -232 -15 -167 9 77 223 39 -46 -58 38 -85 227 -67 168 -73 153 231 -83 167 173 85 -199 159 -200 104 191 -9 206 -229 -103 65 163 117 -137 -240 -234 -206 -55 -108 -38 111 202 -149 68 87 157 148 -135 -178 79 203 186 -210 -166 119 -80 63 200 -139 -126 -94 154 204 229 -32 29 -174 -63 236 -228 194 155 199 -133 130 59 32 -138 196 -241 97 138 101 -248 -186 -43 -182 -40 28 -193 -20 -197 -132 225 -111 222 -195 -169 162 -30 -8 142 -156 -96 10 37 133 -224 12 -201 -13 -69 56 46 108 -97 243 -177 -102 -151 185 166 69 -84 18 -66 -242 237 1 98 99 -218 -119 -65 -72 -175 96 127 19 235 232 -54 171 -127 -157 226 36 137 -168 -91 160 -81 -82 115 -170 -124 34 -215 -35 187 7 57 -88 -163 -1 177 105 -26 41 -141 -191 240 22 -21 122 -216 212 -4 -99 -153 -171 -90 125 -50 -56 -77 -113 81 131 -196 -39 -180 -134 54 71 -74 -6 134 201 60 109 182 207 -158 -45 146 218 -159 210 -211 216 -14 -53 -62 -37 -154 -87 181 -59 -223 -70 -187 211 -146 -57 4 30 27 124 -34 -142 52 23 145 -214 176 16 -42 82 -173 144 84 217 190 149 67 -120 55 33 123 24 6 -18 -47 120 -2 31 91 -104 215 209 193 -185 -44 -41 -93 42 -161 245 72 -68 239 -23 70 -106 174 83 -140 -203 73 246 5 -52 35 -190 -48 -24 -5 -213 64 -114 20 11 230 -29 -61 205 -209 25 -246 0 -227 -145 147 241 198 121 -189 -33 -71 -76 -118 -233 43 -25 89 -188 17 66 118 -225 -105 244 51 -239 -86 110 -192 92 40 214 172 -231 102 -92 -131 -109 -75 8 -101 178 183 -148 76 -136 -128 -194 -235 161 106 156 -220 -3 -181 -249 -222 249 -208 -112 -10 -226 224 48 88 116 -36 -116 -164 103 -250 140 107 -221 -147 247 -183 45 -28 184 -143 248 50 -19 -202 75 228 -115 188 14 126 -64 220 -179 -78 -247 -17 141 170 152 -217 -89 94 213 3 139 74 169 -165 143 80 -172 189 -238 21 195 112 -11 192 2 -123 -100 90 62 86 -204 -160 -212 26 234 197 -7 93 135 -117 -236 -12 -27 128 
TEST 153 ARG:-198 -2 -202 -90 46 -186 39 -224 63 -234 -78 61 -41 187 -230 -156 122 -193 -59 207 -140 -232 -209 -25 -80 -195 245 86 20 198 -220 -100 -119 129 227 -38 131 170 212 77 235 -204 231 -22 -88 -26 -55 194 117 -167 -163 42 104 84 -37 75 -97 -188 -20 234 -168 -172 228 -241 136 -142 185 -132 -227 178 -200 -14 159 120 215 51 244 -194 -19 -32 -67 156 -30 226 -231 35 -177 115 -24 216 -244 148 142 -73 102 31 10 209 -128 -49 183 123 -121 110 -141 88 155 -53 -243 52 -169 189 98 -133 80 247 34 -39 -145 162 91 -65 175 195 200 -124 111 -23 160 -17 -21 103 186 182 -208 48 30 -151 -240 -64 190 -197 -52 -116 82 -51 -135 89 169 221 -181 -130 233 224 202 -223 -91 54 127 145 19 151 -170 -183 -101 157 181 180 132 -1 -102 -34 -249 -180 -103 -18 -40 -86 -206 27 -56 128 -153 -87 153 -127 -70 76 225 220 -115 193 72 -68 150 241 -191 94 9 58 11 -72 118 238 -155 -99 70 -112 23 -237 -122 29 85 229 45 90 -33 -47 66 4 107 -89 93 242 108 -9 -120 57 139 -48 47 96 69 -147 26 138 0 62 124 60 203 -123 -85 213 -136 -218 -54 49 -63 -93 -113 232 154 -190 -134 218 25 53 -111 -173 73 -165 -10 5 -13 201 -81 56 -6 -83 -146 -150 -118 18 95 243 -152 -27 -84 2 22 -106 -107 -79 92 -108 28 -16 -60 -96 -228 -203 -245 -212 -213 -28 -222 -36 -166 205 -171 13 -105 184 -196 3 -58 -211 40 99 -154 15 101 32 1 114 105 -75 -239 6 -94 38 -236 -215 204 208 74 172 -114 100 -76 119 -11 -50 -92 130 -225 -201 121 24 -238 134 17 -176 -126 -229 71 168 125 -110 59 196 50 113 -45 8 -235 164 -219 67 191 152 -125 81 -207 -214 16 -174 -246 -233 -62 -42 97 -15 55 210 -175 248 146 -104 -164 161 14 179 240 163 -187 -160 7 -179 106 112 158 -29 197 -189 174 239 223 109 236 211 -5 -7 44 83 137 12 -199 -210 -226 -250 206 -178 68 246 177 -31 64 167 222 -161 -158 -77 173 -57 -131 -182 -149 126 -137 -129 199 230 -157 135 -66 -162 87 -217 -221 133 -117 -71 176 41 -148 -138 -216 -159 214 -109 65 141 171 79 140 78 -12 165 43 144 166 249 147 -185 -69 -242 -95 -43 -98 -4 -139 -192 36 188 149 -82 -248 -144 -143 217 -44 -8 -46 37 192 219 -35 21 237 33 -61 -74 -205 -247 143 116 -3 -184 
TEST 154 ARG:-190 -57 140 113 -60 83 117 -30 67 -209 -42 92 -102 -200 -173 -245 33 -113 -127 -239 56 3 153 -134 -92 172 200 -49 -172 -217 227 169 -3 182 -77 -2 -22 19 131 -243 -118 136 197 159 233 -114 -46 -86 -191 126 -165 217 -149 -213 174 -192 -70 14 124 223 -132 166 -63 191 -140 -4 -104 -85 -136 129 168 -15 165 -39 194 241 139 32 109 74 -32 25 -160 62 54 100 81 173 212 221 -241 -201 145 -150 -179 -240 -96 70 -157 -246 -180 157 -153 179 114 -219 28 -75 -162 -225 -74 214 -41 40 96 167 -193 -187 50 203 177 242 -67 -176 -216 -89 85 21 -133 -146 176 -34 225 -73 205 -236 -40 135 -55 -220 -88 107 34 105 29 239 -156 -203 -48 -202 155 23 -123 76 -99 -66 -199 -18 -31 101 1 78 -214 -224 -37 -76 198 -148 -50 -90 -109 -235 -183 -26 -58 -97 65 156 148 46 16 190 -229 91 -36 86 -207 -218 9 -1 -175 -248 -108 -169 158 94 -25 37 -125 121 186 -9 17 64 147 -230 30 180 -181 61 -87 -155 39 -158 137 -205 -211 -101 -44 249 -249 99 -206 -62 -237 -28 -151 143 -106 218 -222 -84 -164 -94 80 226 -233 -184 128 -215 118 31 41 -244 -53 -14 103 192 5 127 79 60 184 211 82 -91 -161 152 -185 -10 -68 0 -47 -141 238 -59 235 115 93 -177 -171 -167 -56 90 210 -227 -12 -188 149 -51 207 -238 206 97 57 230 202 22 8 237 236 -78 -178 10 -21 104 -154 42 188 -182 150 68 -232 -208 59 -166 -45 44 -231 181 -43 185 106 -122 15 209 -8 69 -111 26 240 -5 231 -124 53 24 -16 170 -242 -138 -64 -189 -234 -61 -247 -198 -54 134 77 -107 55 133 -116 -197 144 -13 -24 -33 -93 -35 146 -98 -250 20 -65 -226 -131 183 116 -170 -159 199 75 -174 -147 -115 35 12 244 -145 195 -6 123 -52 -72 -204 171 164 208 98 102 84 -152 248 13 175 -71 247 178 196 63 125 51 -196 215 246 27 -80 187 228 138 222 -223 219 -79 245 -210 -195 -81 204 229 151 122 -228 -103 -194 38 73 -168 -82 71 6 162 141 -19 -117 -137 119 243 -110 216 95 47 -121 111 -20 160 66 232 2 -212 189 130 -17 43 -11 -144 163 18 -221 36 132 234 45 -105 52 -119 -29 193 110 -129 -83 89 -27 -95 -69 11 -126 154 -23 -38 -135 -163 -128 224 142 -120 88 108 161 7 120 -142 4 49 112 -139 -112 72 -7 201 -100 48 58 -130 -143 87 -186 213 220 
TEST 155 ARG:-211 -110 -161 162 -15 -51 155 -133 26 -190 168 -172 206 -57 -246 -63 -235 -136 -229 108 -152 23 -218 82 -47 14 -56 -95 146 -4 -150 -151 117 181 95 184 -117 209 -83 227 241 225 102 -54 -18 122 -90 48 -176 142 -155 230 249 62 172 -67 55 85 229 60 79 -184 189 -2 -43 185 86 -49 153 207 -94 -85 237 140 27 24 -167 -143 148 98 21 -21 -24 111 135 -174 -114 49 -162 97 -126 -244 157 -182 -70 127 -45 -84 -121 -96 -224 -144 -166 -132 -187 238 -193 -28 -105 61 69 -13 -58 -33 -53 -220 199 205 -50 200 -223 -62 64 -123 -135 67 143 176 -113 -91 182 2 12 -157 -226 -65 32 170 118 -204 -118 -131 231 -189 -76 -221 213 74 -186 -111 76 -39 123 -207 -46 147 211 -78 -64 212 52 196 -40 180 31 72 195 33 -68 -188 -37 -1 -233 -197 224 41 -44 124 110 132 29 -134 5 -208 66 83 -101 107 -124 101 -69 161 -89 -145 192 150 -250 112 -100 81 -14 -35 -147 106 54 -92 96 120 158 -170 -20 -8 119 -156 -125 -74 216 248 -104 -149 -48 46 -115 -81 44 -27 -108 71 -42 -98 232 -206 204 139 -202 -29 90 56 -122 16 234 133 208 171 144 -3 -238 18 -93 -177 -139 -242 179 191 36 -179 -248 136 87 152 -109 130 100 -192 114 214 70 -217 -153 -102 239 151 246 -159 186 235 -158 -168 -148 -72 99 -241 -31 -165 218 210 -138 -12 -80 193 236 -19 -66 8 202 -17 -86 30 125 -214 -119 -247 15 -88 -181 -180 -7 -77 84 17 -227 156 187 43 164 1 240 -209 -237 -216 177 219 -11 68 28 197 50 166 35 -106 -212 -191 0 228 244 4 169 -61 159 -198 38 -32 3 -183 116 -243 226 215 -164 78 37 -140 58 -60 34 59 9 128 113 -103 221 154 -112 -73 39 -185 -38 -79 -146 174 194 138 -154 -199 -5 -130 126 77 -59 -169 -116 10 7 173 222 42 141 201 175 -228 242 93 160 -82 183 103 -219 94 40 -173 92 -213 -142 -210 -99 -205 -41 -222 -201 -171 245 198 131 -239 223 233 63 19 163 129 -22 167 6 -36 25 -107 -55 -128 53 -6 -195 178 20 -129 22 -34 -141 -234 -30 75 91 -240 -236 -127 73 -230 203 105 -87 -232 145 88 65 11 -97 51 45 121 -160 -71 109 -249 -9 13 47 -26 -245 137 190 -16 243 247 -175 -225 -194 -10 -203 188 134 -200 -231 -137 -178 -25 -163 -52 -23 -215 104 -120 165 -196 89 217 115 -75 149 57 220 80 
TEST 156 ARG:-134 -12 73 -20 112 -64 202 -26 -5 -157 115 35 124 -210 -95 -29 76 78 174 135 -21 -152 -246 17 -163 248 60 -209 55 -108 2 -197 24 -38 -193 217 -109 -92 56 184 50 -169 -78 203 27 -112 -177 -63 -47 -13 140 149 -119 220 179 134 106 18 31 177 190 15 -136 -70 -69 119 -15 -143 -72 -231 65 125 -174 212 228 -53 195 -28 -216 -192 163 164 -228 -198 -115 210 129 41 -240 148 150 204 246 88 90 -88 70 181 189 -110 -188 -79 -58 216 208 -172 61 209 -205 227 213 8 -241 -239 -106 -99 221 -237 225 236 146 -165 152 -133 186 -37 -139 110 -158 -148 -176 -75 222 -45 59 -214 -170 -202 28 108 -25 114 -247 -94 105 206 -40 -60 -105 -91 -226 -71 145 165 -201 -175 83 -52 -229 -31 -219 127 -215 -114 -245 12 -120 -123 196 139 -122 100 141 234 -102 81 219 -97 158 37 147 -250 -151 3 -6 9 -249 -173 0 11 -36 -248 -222 103 -1 237 32 -42 102 104 -16 47 -49 223 -225 235 -147 185 -190 198 -124 -113 96 -127 -146 -238 247 205 123 -140 -129 -196 154 74 -132 -180 14 -183 -221 -80 -230 231 -34 160 232 72 30 -39 -144 33 85 5 131 226 173 -217 -164 34 -145 176 -212 -68 -138 10 -32 48 -48 -121 168 -89 -67 138 249 -208 -204 63 -156 53 -178 101 58 193 -22 20 201 121 -18 75 -14 -171 6 -11 178 -223 26 29 133 182 -244 79 -82 39 91 245 89 -7 183 -235 113 -33 -207 -199 42 95 155 84 -206 23 120 118 87 52 128 199 170 -27 22 214 -83 161 122 54 -135 -159 -128 -2 -44 -9 -46 -160 132 -56 62 99 -155 194 -73 -149 -161 -227 45 -242 -107 143 224 71 67 159 57 -130 -167 -185 -90 -233 -55 116 19 233 -100 -232 239 211 16 13 93 -137 -35 -23 130 244 200 -194 142 243 192 -24 92 -189 -66 1 157 -85 230 -218 180 -236 166 -61 -168 -93 -181 -77 43 -10 -234 -86 117 -74 -81 242 -220 -200 -195 64 94 -211 -186 -203 188 -65 -43 -153 98 -50 -8 240 167 215 21 -182 86 -224 36 111 -3 -213 68 -184 46 -87 77 -117 4 241 -76 187 -96 109 197 -111 -103 40 -59 49 238 218 -19 -62 -104 -131 -243 -142 -57 -30 -118 66 169 97 38 153 -125 -98 -179 -126 -187 -41 162 -162 191 -116 82 229 -141 -54 144 207 -4 -84 171 44 175 172 107 69 136 25 -101 -17 80 -150 7 156 137 -191 126 -166 -51 -154 151 51 
TEST 157 ARG:-236 148 -217 133 -158 -75 -238 -124 -148 233 -232 224 16 218 -163 -86 -142 -146 195 186 -120 -101 -218 237 -161 -126 230 -164 62 -43 52 205 -84 83 -105 -96 -150 40 235 -199 153 46 113 -202 85 -245 -13 72 -221 61 124 -26 93 211 -28 114 103 -104 -183 197 -225 130 36 17 -204 -57 43 -250 184 -39 0 221 109 -173 170 182 5 50 6 -140 146 76 -68 -90 -194 -115 -131 30 209 225 15 -167 59 -151 65 167 187 216 -56 -94 -130 172 212 -240 -235 11 118 53 -71 -248 -249 88 -38 152 -192 140 70 142 156 -128 -111 199 -137 239 -136 48 -107 -176 81 169 -49 223 -110 -133 -69 137 190 213 -36 -162 -2 -206 1 132 27 131 -239 19 141 -34 -42 -32 13 31 -193 129 -109 -197 21 -73 204 84 -222 -85 -16 198 35 125 201 98 -88 -122 -208 74 173 -220 -45 68 -25 -165 -24 -37 -100 -127 -22 121 57 -223 -67 -116 92 -215 107 -141 222 154 231 -185 134 149 -160 180 -175 79 -77 -138 -91 -89 -118 -47 -114 -50 219 162 -228 188 -103 166 58 122 -35 -231 243 20 66 -31 227 207 39 -60 -72 -1 47 37 150 -46 94 127 249 196 -227 -246 242 -237 -198 -166 33 -241 157 -113 22 -180 -143 12 -210 174 179 55 69 95 -51 -52 -33 -78 116 161 -187 208 226 2 4 229 210 -6 193 -82 -149 97 -135 -41 26 -40 -79 214 82 241 67 -21 86 -168 111 -9 -48 3 164 246 192 178 185 115 34 240 -92 -196 -212 -83 24 -226 -179 238 126 77 25 -144 -159 49 105 -156 -178 51 168 -23 -76 147 -14 -243 -132 -191 -18 -230 -242 -139 -30 139 151 203 189 101 -172 -177 106 -17 41 -203 159 -5 -123 -8 32 244 28 -117 117 -229 38 112 -244 165 -216 128 228 -153 -95 -174 14 -184 -61 -55 163 119 -3 -63 183 -134 177 54 215 220 -108 -182 -147 -10 42 60 245 -102 -65 64 108 -209 217 -7 -213 102 143 -58 73 -233 -211 -154 -11 -27 -121 194 -54 158 -20 -112 -152 176 234 -171 181 -15 -214 -200 -125 -129 -234 29 236 -247 -53 138 -97 -189 -12 -59 -201 155 -190 8 -66 120 248 89 -224 160 145 96 247 56 -219 -4 206 -44 -80 -169 -98 -207 18 -188 -87 175 -170 -186 202 -205 104 110 -119 -181 -99 144 232 10 71 -70 -81 100 200 45 -155 -19 -74 -145 123 -62 -157 135 90 -195 136 7 -93 87 91 63 75 78 191 44 80 9 -64 171 -29 -106 99 23 
TEST 158 ARG:144 53 -128 227 97 -188 36 168 -183 39 -121 -40 126 -81 71 133 -67 236 121 -82 7 11 26 -205 234 -148 6 -231 -34 213 24 -19 -1 149 49 -163 106 224 154 -167 115 20 -9 33 -44 99 -237 -244 -101 117 146 128 -57 166 -51 -41 43 107 -178 -225 -224 173 -157 -204 -68 129 -147 -195 -145 192 -172 118 113 175 -175 -95 153 -5 160 -189 -250 -89 -202 57 -92 -182 219 222 102 -123 183 -223 -30 -14 79 -170 -201 171 15 34 62 -248 78 80 -155 -165 -99 246 208 37 -164 -173 -73 22 -59 165 237 -144 55 127 -228 -86 -52 -154 174 9 180 -106 229 170 203 -203 -158 136 187 -217 241 -211 -43 1 176 112 -233 8 -230 4 0 89 -22 -207 228 44 167 158 93 -156 -159 90 29 -239 73 137 -210 123 100 -78 98 -227 -7 -120 -131 -242 -166 -126 -219 -226 156 -8 -122 104 83 -124 -135 -84 139 -3 63 -134 249 -216 -249 122 -235 101 190 -108 -127 59 -13 120 96 -83 239 28 -49 -229 209 -66 111 38 -37 119 -169 -47 215 -115 -17 41 -187 76 95 -110 151 -119 226 -186 212 200 185 18 155 -85 5 147 -48 -196 -185 -208 -179 -221 240 225 -118 -139 40 202 -107 -143 -199 88 -161 -140 -56 51 198 242 125 14 -46 178 -60 -245 -50 -65 216 -103 -209 -6 -177 74 86 193 179 -218 199 204 -15 -54 35 -130 214 -104 231 -77 161 -191 220 243 75 -88 -39 -98 138 -11 211 131 238 2 184 -246 -220 -35 47 -129 -125 -132 195 46 140 -4 -149 -238 48 -27 181 -26 -180 134 87 -76 -64 -240 31 -137 -138 68 -25 142 60 -45 -153 -18 -102 58 177 -193 -111 -213 244 143 91 42 -53 94 162 -112 -174 -136 -42 -206 235 -96 -116 207 -152 -69 -87 30 52 -20 132 152 16 -10 -29 69 196 217 186 21 -33 124 -247 -197 13 172 -71 189 27 23 164 130 245 -90 -194 -212 -160 82 -117 -94 -232 -184 -23 45 -36 191 -100 92 182 105 -241 -61 230 148 -190 66 -133 -75 188 114 25 247 206 32 54 157 -79 201 -80 72 194 -200 -113 110 -2 108 -63 -97 -70 141 -91 150 -55 -31 -28 -21 145 169 -58 77 -181 56 -214 -168 248 163 -74 -151 64 116 221 -150 -162 70 -171 -142 3 -222 10 197 -12 -236 -192 -72 -243 -176 17 -24 50 -62 -93 12 103 85 65 -146 61 81 -141 -32 -234 218 -38 109 -114 84 232 -109 205 67 159 19 135 210 223 -198 -16 -215 -105 233 
TEST 159 ARG:-78 128 238 211 200 -43 -160 -113 -22 228 58 -65 83 -229 34 -245 59 -121 -187 154 -28 -210 35 41 141 222 62 174 -45 -110 -66 88 91 -246 -74 -58 -102 -169 -89 -107 220 143 -192 -168 -98 111 79 109 125 183 -140 -230 85 -105 178 47 -7 2 239 -126 -30 -176 -204 -68 -44 -241 -70 233 225 -137 147 159 -86 110 26 -218 -215 -92 -60 -211 -152 -117 118 221 -1 31 117 71 84 148 -129 -232 189 -190 -188 -106 -91 -118 -34 -32 -83 -139 -142 33 100 82 -21 -10 -31 -4 -199 90 -14 -54 6 -9 -236 196 -167 53 -234 5 -6 184 -195 224 165 -56 -219 194 10 98 -80 -175 -214 89 -201 -109 212 -99 126 66 103 -39 -20 156 16 86 -64 164 28 -29 112 4 -13 197 30 -183 -134 -127 -101 -95 -161 107 -178 -157 132 29 -250 -103 50 198 185 191 -180 21 171 151 -138 -198 -208 -125 201 -227 102 -26 173 232 -248 -165 -100 -128 179 236 -25 65 -228 217 -163 186 25 234 182 -79 -27 43 -216 162 -46 97 38 22 -71 219 -209 76 -51 0 136 74 -67 -59 146 -177 -185 120 216 -135 -116 -189 172 -12 -108 -207 -18 -124 177 -156 208 -159 187 -55 -122 -57 -191 -202 167 -77 195 -69 73 -90 247 18 193 -84 92 -136 122 -75 39 -2 108 104 -50 134 223 -82 175 46 138 -88 -17 -224 -184 140 -179 -150 166 -123 9 -132 226 207 15 61 180 -240 93 137 245 121 -96 124 115 -93 -213 -147 -73 -151 -223 -247 170 -133 206 131 37 248 -81 230 77 -233 -194 -120 -115 -239 133 -249 242 -158 203 235 129 -203 75 -85 17 49 214 -148 94 52 44 -186 229 -76 -206 249 42 -154 -48 163 57 243 23 142 95 70 -11 -146 27 -220 181 20 -24 -225 -235 78 135 160 127 153 144 -5 123 -38 152 130 -238 -172 -155 188 -221 -141 -231 169 14 113 -171 218 36 192 215 -97 87 145 51 -40 -23 158 -166 -153 -114 -174 190 246 81 210 24 69 -72 -196 -244 11 -35 -212 -217 54 -119 149 -243 -104 -242 209 -143 -8 -144 45 157 161 -170 -162 -94 -130 -226 231 240 -87 -49 -200 155 114 96 204 227 40 72 -222 105 99 7 -36 3 -42 -112 116 -41 48 -52 -173 -181 -131 -16 -164 205 -37 56 -62 63 -3 168 -237 150 176 -19 -111 13 241 67 8 101 139 -149 19 244 64 60 -47 213 119 32 1 -182 -193 106 202 -145 55 -53 -61 -15 -205 -63 12 -33 -197 68 199 80 237 
TEST 160 ARG:208 174 236 27 53 97 -71 161 218 50 33 3 60 117 101 121 221 -48 39 46 -207 -117 170 237 171 -129 -50 -162 -231 -140 109 -172 -124 -66 -236 -118 122 11 -170 108 -213 61 -142 5 110 -61 230 137 -208 217 123 82 96 -218 159 89 -34 -29 -75 -241 -112 93 146 -37 248 249 -205 153 1 -119 -3 -152 23 234 75 145 -67 -239 177 -11 -28 225 -193 -157 -209 47 -78 -186 -70 222 68 -97 -42 207 -182 -177 29 45 -81 -215 59 -20 130 -139 131 10 -103 -226 83 -102 105 -246 -234 205 -120 -195 -43 -59 162 17 120 21 30 86 98 -4 37 -87 -16 -14 -39 181 210 -250 -91 64 231 -187 132 51 -26 67 195 -171 166 -113 -165 -101 -106 -95 176 85 244 -125 -54 -190 160 183 15 -206 -36 -228 -154 125 -212 126 -235 72 154 -247 28 -217 142 189 -158 167 223 -227 -109 -173 -163 -191 20 80 -114 200 100 188 -41 -65 92 -58 70 164 116 151 -77 -249 -147 -123 214 -169 -159 133 -245 -168 209 88 -127 112 66 124 -85 228 220 63 115 74 -243 94 -222 178 -31 -12 -178 201 -62 147 -136 -230 -198 -202 -1 -223 -49 103 118 2 55 165 -6 -121 -188 52 -192 -156 226 215 -116 148 190 199 -185 136 140 6 -194 54 44 242 -51 -214 -153 -225 175 26 -60 71 -40 -244 141 78 184 197 243 180 -44 191 -189 56 -55 194 -134 -133 0 129 -155 14 -137 -47 -89 -199 -93 -176 143 -52 203 198 -80 -27 -35 -179 -211 -56 111 -86 99 40 241 211 232 36 -33 106 139 -229 -25 -90 -107 -128 18 -2 186 81 219 193 -232 169 -32 227 24 -19 -63 -151 235 16 -108 -46 204 156 -57 -15 -94 -111 -216 -7 -183 19 -145 163 -38 157 22 57 212 173 128 -73 58 -248 185 -238 -69 -115 -10 202 -160 158 -175 87 -13 247 155 73 -18 -82 -83 34 -30 -240 -203 -84 90 -72 149 -9 -21 -100 -131 -196 35 -64 -174 104 246 -76 113 -135 -233 238 239 41 25 -138 62 -22 -88 138 -141 213 -130 -219 -184 114 7 77 134 192 -237 38 65 -79 -23 -74 -166 -45 -242 119 224 -167 95 -132 8 9 49 -164 187 206 4 240 -197 152 -150 13 -5 48 182 -180 -105 229 179 -144 -110 -92 127 196 -99 -148 79 -8 12 -96 172 -68 216 84 245 -224 107 -220 233 168 43 -146 135 -143 150 -210 31 -149 -200 91 -181 42 102 -126 144 -204 32 -17 -24 76 -122 -98 -221 -104 -161 -53 -201 69 
TEST 161 ARG:-104 126 98 43 -185 143 154 226 -112 -1 193 -75 -246 -129 -218 -136 173 -199 -43 -148 -109 66 242 144 161 241 162 249 -145 75 -47 -33 113 -151 133 -118 51 25 42 -248 -96 134 82 73 -249 -57 -138 217 21 171 -135 139 196 198 -173 128 -213 209 71 114 -79 -201 -240 214 137 149 -195 -70 205 -46 -117 -153 -103 -102 112 -19 -126 91 125 -106 53 77 -98 -235 -215 195 120 22 -60 111 -48 197 131 83 -9 132 46 8 29 -71 121 240 -5 -204 -220 -63 59 199 11 27 26 156 -127 -168 84 130 74 247 148 180 116 44 -12 -178 -150 -35 36 221 -159 -229 90 -86 219 -74 152 13 89 -208 -51 18 4 183 167 165 -180 -29 153 215 -244 -219 40 243 99 72 -34 -4 -72 34 237 -2 235 -205 -165 -198 -212 -125 63 -21 184 70 5 202 -242 228 56 -191 -206 60 175 103 64 15 210 -111 12 -225 158 -11 146 231 41 -97 47 -116 138 155 95 14 -233 -52 104 -101 109 -69 127 -196 170 -91 -202 -13 35 93 -164 246 -80 129 -26 -53 123 33 -95 17 37 58 164 -188 57 -93 218 -84 -167 223 -186 -100 203 -124 -128 -231 168 192 -107 24 204 178 -209 -123 -160 19 245 151 -137 -247 230 -18 -250 119 31 -221 -27 -94 -216 227 -3 200 -39 -17 194 225 188 52 101 92 -241 -193 -158 3 -169 -134 182 -141 122 -162 -147 -194 -224 78 189 -140 -50 -88 110 -227 201 176 -223 -179 97 -192 222 150 -175 -56 185 229 -78 -232 54 67 -89 208 -172 55 216 -119 -58 -37 -243 69 -76 -190 212 142 23 96 105 76 -228 -83 -166 -222 244 -130 -108 -66 -24 100 48 -114 -25 -183 -36 -92 -214 -131 147 213 65 -62 115 94 86 39 62 2 -197 0 -59 32 -149 68 117 -187 85 -65 49 140 -7 -82 136 -20 -133 -67 88 -30 -15 -73 -31 -234 107 233 87 -200 -14 177 190 -144 -105 -81 -184 102 -142 61 -55 81 124 1 -207 30 -42 118 207 16 -230 -155 145 20 174 191 160 -238 -203 45 234 80 -132 -181 -49 172 -115 -157 -99 -10 -22 232 166 -143 -170 236 159 135 -121 -90 187 -54 224 -174 -211 -6 -156 -177 108 -41 -77 -217 -32 -28 -40 -44 38 -38 -239 163 6 -85 -152 157 211 179 -226 -182 -45 79 238 50 -68 -237 -163 -210 -171 -113 -146 186 -120 206 239 -245 -23 106 -176 -236 -139 -64 141 -87 -61 7 -154 -122 28 9 220 -161 -110 10 169 -8 181 -189 248 -16 
TEST 162 ARG:36 18 239 -213 203 172 -211 -229 25 -169 -147 27 -64 -70 66 64 179 242 -237 -52 -168 -110 89 -149 -35 32 238 -196 41 218 139 177 143 125 160 157 -137 5 28 -79 79 -50 87 -247 -130 14 -235 52 -145 225 -204 -218 -22 186 -184 -206 164 -139 -120 214 113 -127 199 -214 166 162 -133 144 220 -123 -58 -56 -212 -85 86 138 44 26 -5 237 23 -9 -10 197 167 81 -94 -141 170 -189 -132 -192 69 -165 -215 151 -153 -106 213 -61 -121 -116 -228 95 -37 -96 141 -138 -240 111 16 72 88 17 11 -57 159 235 -102 -250 -60 173 232 -95 207 -11 123 -179 188 -185 56 -88 150 -104 -25 7 35 -47 -19 100 -140 145 -224 142 118 109 -202 45 33 -43 190 50 212 110 -155 -53 71 22 -12 -183 -80 161 -164 97 -8 -87 75 -217 240 1 183 -41 -193 104 19 63 107 226 -89 230 204 -107 74 -143 246 -186 210 -136 180 -24 -178 -32 124 85 215 185 165 115 68 137 227 -209 181 163 29 158 -188 -82 -173 93 65 39 -29 248 -148 136 40 -142 132 -105 0 30 112 10 174 61 -226 -55 -227 -91 76 -117 4 -97 67 -27 -157 -197 249 -146 -190 193 130 -112 42 -77 247 222 -124 -69 -170 -232 -219 -62 -125 -128 -238 196 152 -245 34 -93 46 -152 105 -231 -90 -119 -172 73 -195 200 62 209 106 205 -92 -14 -207 -49 -15 119 -1 -225 -44 -3 -191 -176 -99 103 175 208 -114 154 -46 98 80 -181 -201 -160 156 178 -81 -98 184 231 -34 201 -234 -233 -73 176 191 -40 15 -67 -63 -115 12 -21 116 91 -74 -45 192 9 -198 126 -175 -236 206 149 -111 84 47 -243 -78 216 90 99 -20 -216 -163 -48 -75 129 -13 228 6 -156 92 31 -126 168 233 -182 120 13 202 243 148 51 -42 187 -2 -39 131 -159 -154 -134 59 134 -18 -26 24 189 198 146 -72 -151 -161 37 108 -242 224 54 -59 122 101 -54 21 83 -200 -222 -166 -244 -108 147 241 53 -249 -103 -30 38 -246 211 -162 -129 -230 234 49 229 -220 20 -205 155 114 135 221 48 8 -16 -23 -6 -118 96 -68 -180 -122 -199 55 140 -36 -194 102 3 -86 -167 219 43 182 -135 -223 244 -65 -248 -131 236 -239 -83 128 -113 -31 -66 -76 -7 223 -38 -4 -203 -17 245 82 2 -28 171 -174 -33 -210 217 -171 -187 -150 127 78 153 -101 121 58 94 -177 -109 57 -71 60 -158 117 133 70 -51 -241 169 -100 -208 -144 -84 194 77 195 -221 
TEST 163 ARG:192 -45 -107 -98 174 62 99 -244 176 132 -208 -166 -51 -176 -5 -185 -237 -210 229 113 199 92 -155 -64 -138 -248 -242 155 181 56 -32 -29 -36 -133 -47 -136 -196 3 204 -19 -153 -69 25 233 -75 134 -187 230 240 -204 -70 33 -215 60 -113 125 36 -81 -9 243 87 121 -159 225 172 -59 -99 189 -137 81 -54 -222 249 235 -245 -207 58 -243 -231 129 237 -180 200 43 -62 38 -3 -163 -87 226 154 -141 -177 -61 95 211 103 -220 -226 -72 22 -93 42 157 -194 -84 75 116 194 163 -130 179 31 -60 -227 -224 168 -49 10 158 238 221 -139 -35 115 -73 -57 150 41 128 218 -142 91 -206 -169 239 -8 -122 -154 109 -37 -170 -126 -171 -135 20 69 -156 241 193 198 -182 151 -68 -96 -42 -193 -236 127 141 96 -105 -186 137 143 11 -240 212 -173 173 -102 -250 -6 -181 18 -223 231 21 164 -132 -241 80 159 -55 -140 -160 -24 216 -191 -86 86 124 -82 53 227 148 -157 185 -209 -202 -27 66 50 -50 123 197 -76 14 -201 49 65 188 232 -212 -41 15 76 -235 -52 228 -216 -249 -225 90 -18 118 186 -58 -1 -123 -183 149 108 -16 74 190 -200 130 202 133 32 112 -167 -161 77 -92 -56 169 207 -203 -106 70 12 73 94 54 17 119 114 104 -114 248 -145 -143 -213 -189 -221 55 -121 -192 -165 -219 -175 210 -246 46 -118 219 -38 245 40 45 101 -190 -172 215 -188 122 -14 -97 178 -39 -112 -146 -79 -66 -10 -88 165 -89 85 220 139 -65 106 140 -80 171 -117 126 -179 84 166 -94 167 -116 19 161 64 208 -238 5 -211 183 105 153 35 184 100 102 -100 -152 224 -23 -195 68 213 79 191 83 -111 -127 -44 93 59 203 23 29 136 195 52 -2 -125 -115 61 0 -33 47 78 187 8 -63 -25 234 -232 88 223 -150 -199 -230 48 -17 -103 120 -74 -129 177 -174 -178 16 89 -198 -90 147 -71 -168 30 214 67 156 26 -214 -91 206 138 7 -108 131 -13 57 -67 -30 -22 -247 -144 -28 201 13 -120 -228 182 -85 175 -34 39 -164 -218 209 -239 82 97 -104 170 -184 -158 37 145 236 144 -77 180 -119 -229 111 -147 98 247 -110 244 242 -217 142 -234 34 -109 51 -205 -40 -134 -4 -43 27 117 222 -31 -95 72 -48 1 -15 -128 71 -21 110 24 217 246 9 -12 205 -149 -124 28 -53 44 -148 6 107 2 152 -162 196 135 160 162 -7 -78 4 -101 -11 -26 146 -197 -46 -131 -151 63 -20 -83 -233 
TEST 164 ARG:233 -78 -244 -79 49 213 22 -171 183 238 -23 -187 -50 217 -218 -121 -57 -11 -117 48 -224 17 -127 -248 180 -131 127 -180 111 123 192 72 193 -64 199 -198 -220 136 -13 -235 93 -93 -21 -135 66 10 -174 103 1 -42 100 -227 54 188 95 216 85 -116 204 -53 -51 -84 15 -85 8 -9 42 14 -113 -87 -225 124 -40 163 92 -17 -101 221 -175 -143 121 -8 -82 -217 222 -133 155 207 26 69 65 219 151 -153 74 129 201 224 236 58 -2 78 -245 -18 170 16 56 3 -109 -190 -199 -96 144 -106 -136 -129 7 -137 -144 -24 73 132 -128 44 2 220 80 24 -115 6 -205 25 114 -237 -211 -213 -98 -114 128 -192 109 52 137 -125 -240 -152 -186 60 -222 -60 -62 107 146 -236 -75 218 -167 -169 -107 110 -63 -33 223 -242 195 -139 174 -209 179 112 -155 208 178 -97 23 67 -99 150 -210 122 75 -88 -164 162 96 -44 164 -229 -66 157 145 -37 -221 -182 -5 190 -156 -191 -6 -112 53 117 -197 104 55 -70 -1 -203 -119 0 116 234 -200 -55 -149 -15 228 -46 -193 -250 134 -47 -185 -12 -163 212 200 214 -246 97 -194 -150 87 -27 27 161 -120 194 241 -122 46 -170 -196 249 -151 -148 -83 37 21 82 -77 248 -68 185 -166 -102 153 86 115 -35 84 61 131 -183 -206 -226 -168 -134 203 90 -67 -239 -49 -65 -34 -80 -69 130 -25 5 -140 235 229 88 -126 -26 36 240 242 -189 158 -141 94 133 -92 105 126 41 166 45 -138 -61 -103 -233 -14 62 99 169 -7 -234 -158 108 38 -72 -145 184 143 159 -73 206 147 231 -243 -52 244 28 232 152 -201 -160 -4 33 140 -104 11 225 197 209 -177 -58 -105 -94 -22 -247 -179 173 57 106 -111 113 -48 91 -32 43 205 -28 227 -95 64 149 -212 40 -29 68 -165 156 142 -132 202 243 181 119 71 -43 -130 -36 -230 -215 47 63 70 51 -232 -214 20 -176 13 -110 -38 -172 226 -45 9 31 -219 -195 -10 -19 -202 237 -241 171 246 -123 -91 165 4 -56 186 -147 138 77 35 -41 -204 215 83 98 -238 -207 12 230 120 -20 34 -231 -118 18 -157 141 -184 -162 196 177 -188 167 -71 -59 -124 -3 81 -181 -249 -39 189 125 -228 182 -81 -100 211 -161 -173 59 19 -90 172 50 -31 76 -54 -89 198 139 247 210 30 135 -76 102 -208 -146 148 -142 245 29 101 32 176 79 -154 191 187 -178 -159 -86 -16 168 -74 -216 239 89 154 -108 175 -223 160 39 -30 118 
TEST 165 ARG:149 -120 -177 142 -139 227 11 -216 122 -98 -96 -170 -200 40 94 105 -218 177 206 116 -103 -242 112 173 198 -161 -153 -144 -194 -19 108 186 -2 9 -99 -11 128 -93 61 1 -192 188 -129 -234 -225 -130 225 -212 201 -8 28 -113 158 167 -80 232 -53 109 193 217 -54 21 210 55 -131 39 -163 -135 -43 202 -183 26 -45 -110 12 194 100 65 86 74 126 156 -236 46 70 -122 -158 47 -160 223 153 224 -10 -6 63 -55 72 -173 184 187 -29 -220 14 129 90 42 54 -107 -208 195 -106 -167 -217 -57 -159 -123 -47 -154 -215 78 233 247 229 179 -83 66 174 147 -69 -231 -79 -100 171 115 -70 -229 49 181 131 228 199 97 -142 -108 64 -186 -156 -190 -12 -207 -59 231 52 -119 244 -187 19 -199 -40 -95 37 135 -140 51 -230 -3 -75 152 220 50 -76 -209 -224 -210 136 -1 -248 -141 53 180 -188 -33 95 -245 -226 197 213 102 -179 121 104 -72 236 -148 2 205 -233 80 -185 -35 166 -60 -97 196 -249 -46 226 221 -15 132 240 107 157 110 -181 -213 13 -149 164 -62 169 -132 -18 183 214 140 235 178 -191 -124 -92 130 145 -42 189 -147 -196 113 -138 159 -174 -39 -118 71 249 241 -37 215 101 111 190 82 230 -223 -7 219 238 35 218 -241 -77 -81 -152 -88 -74 -143 176 25 34 -31 148 -127 16 -232 239 -204 237 -155 -104 84 -102 -121 -84 -244 150 -78 -26 29 92 -16 59 15 -136 17 -237 -87 -222 48 -44 98 56 -203 44 172 143 243 -116 38 -34 -168 -86 10 208 103 -90 146 93 33 -151 154 -219 -5 -211 -56 -73 85 -189 -146 68 -23 75 18 216 -52 45 96 -94 -38 43 67 -66 5 -61 -205 -71 -30 134 -101 -247 -85 182 -109 -240 -67 3 -126 -105 160 245 -238 -41 60 -17 -157 73 -36 -21 7 -49 -32 -9 -175 30 -128 88 155 -48 -112 -20 -246 -115 248 -164 -27 -169 8 36 -137 -4 -197 -111 89 -178 204 -134 200 -63 242 -165 175 69 -198 91 4 144 -51 -91 234 -65 -28 -150 87 -182 119 -117 24 83 -206 -64 120 -243 124 -14 114 211 -202 118 209 57 -184 79 -25 -162 -145 77 170 139 246 168 222 207 165 137 -221 23 31 141 212 133 117 32 123 -24 -193 -13 -227 -58 -195 99 185 -214 -82 192 58 -172 -250 -228 -176 20 27 -166 -89 162 138 -22 -180 -239 76 0 -171 6 -133 -68 163 22 62 41 127 106 81 -114 -235 -201 -125 -50 203 151 191 161 125 
TEST 166 ARG:-4 204 168 -138 60 128 -233 -217 -220 139 191 -165 -191 71 130 -15 87 -197 -105 178 -144 107 -209 162 201 216 235 -110 90 -212 -109 67 202 -147 -175 -42 -6 -213 -73 -107 -231 47 180 16 -14 -63 -96 219 14 -224 -10 -37 -182 -194 100 -100 163 36 -88 -48 -141 81 -25 -85 -136 -247 17 222 -117 198 -131 117 155 -104 -227 57 245 -245 38 123 56 -148 194 85 46 188 -246 169 -167 -241 74 -20 193 50 103 69 -2 -22 152 -118 -115 -7 64 166 -94 -207 -176 -58 221 108 -54 -242 2 96 -66 -234 207 10 239 -120 105 138 -183 -45 34 -32 211 129 -97 0 118 -75 -221 170 228 91 121 217 174 158 -36 37 165 -184 -170 42 -240 -82 48 113 114 23 -177 97 153 -174 63 -43 -142 -219 -244 -84 -93 70 -125 -95 -114 137 149 122 -5 21 -57 -47 141 -172 -181 12 -1 -193 27 7 73 197 177 8 218 -67 -163 106 -155 240 92 -99 -178 145 -200 -72 111 -98 -89 238 -62 247 39 77 147 86 -46 156 -190 -108 -11 95 22 -134 -79 99 -30 -102 186 -225 -60 189 -137 89 25 115 -173 93 -52 -157 -113 173 68 159 199 210 -27 109 75 83 232 65 -230 45 -71 231 -171 -143 51 112 -119 244 49 -34 -158 -90 150 20 -199 146 241 -189 -121 13 -198 215 -169 249 132 144 88 226 160 195 230 248 -195 -112 -8 -215 -44 246 9 -92 -129 3 200 -216 220 43 -33 -211 -205 -249 -201 116 -35 76 -91 -81 -76 101 183 151 133 -150 164 136 80 -70 127 -65 -64 -21 119 102 -206 -162 -159 -17 26 -248 72 5 206 -218 -38 126 -153 -9 120 203 -126 131 -164 179 -149 -31 140 196 -39 -145 -86 -192 -59 -83 -203 33 -250 -204 4 11 -61 58 -18 -228 -69 -53 182 32 -196 -87 -78 -156 -161 -180 -111 61 52 66 24 -236 209 54 -187 161 -41 242 110 30 53 -232 -237 -74 124 -50 -130 224 154 -135 -133 -128 -226 -160 237 -154 84 171 -106 -123 29 -26 157 104 -16 213 134 82 -127 -103 15 -12 -19 -116 -124 59 -214 -185 -23 143 214 181 -202 -80 -239 234 -152 227 175 28 208 40 -238 -49 190 -3 -186 148 184 98 1 -51 19 -235 18 35 142 212 78 225 -24 192 79 -179 125 -77 -229 -68 -140 167 41 62 185 243 -40 -56 -13 -210 135 6 94 -28 229 -208 -243 -122 -223 55 236 205 -168 -29 -151 31 -188 -55 -146 -132 176 187 -166 233 44 172 -222 223 -101 -139 
TEST 167 ARG:-126 -134 -55 -21 20 -22 -196 92 -204 -108 173 98 -7 -230 -198 -15 -119 -32 -162 -121 -12 -153 -13 112 243 123 -160 195 -248 -56 -80 -191 233 -245 74 223 -214 -96 199 231 162 -171 -64 196 118 36 -246 -242 -86 -151 129 -177 -85 38 183 147 -141 -239 105 -142 24 57 -167 -238 203 101 -44 235 246 -176 -87 -152 13 28 132 -122 88 126 -182 -155 165 -210 140 14 103 207 35 139 -114 113 167 -227 150 109 135 -185 -159 201 194 -17 117 -183 -235 171 -222 -170 -34 211 -157 -221 190 82 -103 -24 94 46 -154 -74 114 -101 -131 219 -110 158 -219 52 229 108 -20 179 -247 -54 -231 125 95 115 210 212 170 86 -40 -107 -28 142 156 -1 -29 -120 31 -90 -41 -9 175 97 182 143 90 -14 153 -99 64 59 187 -223 -215 21 -26 -186 208 121 48 133 -213 -220 -69 152 -179 -130 -169 -111 80 -212 83 -240 202 -249 138 75 184 3 106 -66 -203 26 -94 78 -145 61 66 -19 -43 -95 4 168 -123 232 -137 -178 -102 -172 198 -149 -225 -46 18 127 -63 39 -117 -144 144 149 33 -202 -148 247 68 154 96 206 -192 225 159 213 216 -83 -25 215 -98 -166 -112 205 81 -139 146 131 169 -48 65 99 145 60 148 -138 236 -156 220 51 178 -8 9 -65 67 -35 -72 102 -243 -158 -16 -180 124 -10 -84 -91 -118 222 -140 44 209 42 -27 54 5 -190 240 -168 -161 234 12 -233 -77 100 -143 -31 27 70 -81 -109 -211 -52 155 -79 -53 -232 45 111 71 -62 -6 -88 30 185 -147 34 -199 -194 -234 -82 -70 -38 189 -195 -181 29 242 -124 -241 227 197 -67 72 -207 157 -5 -42 -92 -3 0 218 -4 11 224 -51 47 -113 -129 85 -209 23 -173 -200 -217 119 -216 93 -132 116 -165 249 1 164 -89 228 56 248 76 244 17 177 241 -37 238 -23 40 53 191 -59 37 50 -50 -175 -244 -47 2 55 -75 107 -201 63 32 -205 176 104 -218 130 -146 151 -128 -73 217 -236 -135 128 -116 -193 230 -105 186 -224 193 174 -174 -57 -106 -78 -229 137 172 -206 87 -11 -33 43 -39 -71 -187 41 16 239 -228 19 -100 25 -226 -133 10 -189 -68 -30 -250 -188 -61 122 -164 79 -127 22 -125 49 -36 91 -93 226 134 -208 136 -60 141 77 120 6 -49 -136 221 -58 -97 214 -45 188 200 -163 -104 -115 -150 -76 163 -197 58 110 -237 84 -2 181 166 15 89 73 161 -184 237 62 160 245 7 8 -18 180 204 69 192 
TEST 168 ARG:176 3 169 -192 2 221 10 14 119 136 -85 93 25 226 -78 -218 -20 86 -232 204 160 -119 66 -33 197 109 128 94 -153 133 -207 167 117 129 174 -32 -2 183 -150 89 -51 51 15 -155 75 36 1 222 -13 98 227 240 -138 -220 30 -144 247 120 -147 -142 73 165 159 -26 18 -158 43 -70 -120 -219 141 -107 -204 22 207 -116 -245 -11 -35 212 192 84 -205 -247 210 -8 -86 -177 -198 190 239 67 55 -236 -108 -170 206 -244 -55 -104 -180 230 223 -203 194 216 139 -17 -145 -45 -63 112 -3 217 144 -141 -100 -44 -41 -15 114 35 203 -42 -161 218 58 108 157 -72 -106 -178 -95 -65 33 -46 -148 90 -240 193 88 158 -214 42 102 57 -241 -187 -84 68 -90 138 54 -174 -121 168 -59 8 191 72 232 229 -34 181 23 166 241 -179 -48 -97 61 -193 103 12 -133 -24 -92 -163 122 126 154 34 -7 -64 182 -58 -164 -224 39 -249 19 -160 -105 -175 -146 92 -36 162 11 -101 -118 63 78 -124 -52 13 -239 -212 -77 -171 -131 70 97 5 -53 -213 -12 -216 -194 113 244 -21 -110 131 -123 -88 111 195 91 29 188 123 -56 -30 -40 155 -228 -159 -122 83 -73 -208 -57 238 185 -136 213 62 -139 -37 148 205 150 -68 -157 -149 179 -9 -173 180 110 -18 127 177 28 -76 208 -196 -223 189 -225 -67 53 149 130 156 -69 -49 115 161 -211 -227 -19 -14 151 137 -235 81 -126 56 47 178 249 163 202 -188 184 236 -83 -166 -66 96 -200 -75 -176 -209 -199 -60 38 80 -99 187 -237 -143 -43 146 -231 31 -154 214 77 124 -93 -140 -82 -5 106 -152 224 -23 170 134 99 37 0 242 199 233 24 -132 -16 121 219 -172 87 171 17 -115 -221 -229 152 248 -250 -71 153 -230 -98 -234 60 235 49 64 -112 74 201 -162 -61 186 52 225 147 76 164 -91 -233 65 173 140 -79 132 -47 -1 59 -39 243 -128 -96 46 215 -151 -190 234 145 27 -191 79 20 -226 -238 -210 231 -243 142 -242 9 -186 -80 118 -102 -31 228 100 198 116 50 105 246 172 -215 -134 40 237 -94 -189 -50 -109 69 -183 7 -130 45 -168 -103 -169 -114 104 -165 -125 -197 220 41 -113 -248 48 32 -117 -129 -127 -182 16 107 -137 -6 143 -185 -156 44 -222 245 -28 4 135 -22 -4 211 196 21 -246 -38 -10 -62 -111 -184 -181 6 -27 71 -81 -87 -206 -54 -217 26 -195 101 -167 209 -29 82 -74 -135 -89 125 -25 175 -201 -202 200 95 85 
TEST 169 ARG:93 248 -111 67 -122 -52 224 -187 -78 2 -132 -2 -58 226 -171 0 -220 -76 12 -84 -66 247 -124 51 -231 -131 -169 96 -120 -11 132 -102 -137 234 -67 78 25 -133 -65 189 7 -35 180 10 217 182 213 -134 55 -13 5 94 119 164 1 -130 21 -39 -226 28 -128 23 54 -204 82 -80 115 -236 -237 139 71 230 53 -4 162 -119 -90 -144 146 -55 232 -188 73 -6 -162 185 80 -103 178 20 -216 -182 -233 70 -243 135 171 136 -18 -140 83 229 -248 81 241 -86 -50 193 79 47 138 -31 -75 -223 -145 201 167 -69 -116 -101 -17 179 -99 143 238 -28 221 91 175 31 44 -146 -83 206 209 150 -244 -9 59 245 -239 -245 -246 156 -181 239 -112 -192 43 -211 -207 240 -89 109 -115 -249 235 -92 100 -125 126 -106 -159 -71 203 -250 105 152 -194 -151 233 200 149 204 -172 -64 160 -195 188 172 244 85 -200 211 -161 -158 -15 196 -93 56 39 -190 113 -147 11 214 155 -179 -21 197 63 -153 52 219 -82 174 -213 114 95 -218 131 -46 -87 158 227 110 187 169 -235 117 -62 168 127 144 -97 97 -184 137 186 -241 16 -1 154 -143 -157 77 84 26 231 177 -183 236 -229 -48 101 46 65 -60 -193 -176 -100 -54 -168 -27 173 -198 134 -127 -126 89 19 -155 -242 -37 6 -85 -247 41 121 157 104 -228 -234 8 111 -197 -230 -221 -165 24 -196 -150 -136 116 13 -205 -95 -160 -219 66 64 87 -224 184 -170 128 -141 -45 141 -201 123 -96 -113 50 -178 -177 -225 103 130 -203 176 205 -191 -238 140 207 -16 120 38 170 -94 98 -118 -208 -47 212 -104 68 58 35 228 -42 22 -175 -12 -10 -68 -121 -51 -152 215 -232 -44 -114 -167 -8 30 -149 147 -73 75 -212 151 -72 181 57 191 107 -91 -88 194 192 32 -24 -32 34 -5 15 148 199 108 218 -108 -7 243 246 49 17 166 153 220 -129 -210 18 122 -38 -57 210 -154 -74 202 -25 222 69 -41 -43 -20 -186 216 183 88 -19 86 -105 129 29 -56 -34 3 112 -33 -14 -30 -142 -215 125 -70 124 237 -180 45 198 -209 42 -199 27 -206 159 -53 -156 163 -163 90 60 -227 48 -23 -110 118 -222 -217 223 -185 37 99 -173 -138 -26 -202 145 -123 161 -214 40 208 249 -79 -63 -139 -29 -81 -189 -98 -107 -61 -59 36 133 9 76 -22 -49 -3 165 -164 72 242 -240 102 -166 195 -174 4 61 -77 74 62 -40 -135 -109 33 92 14 -117 142 106 190 225 -148 -36 
TEST 170 ARG:220 -132 4 153 -54 31 -181 -49 116 -171 78 136 249 43 -182 -195 -227 -189 -46 154 234 30 -143 -115 11 -15 149 182 225 218 -61 54 -163 -25 -59 -221 94 -243 -173 88 113 49 76 -18 -63 -96 34 179 -198 -161 135 -30 -230 -34 -162 110 -209 122 127 20 -233 -211 -45 -226 221 -168 -215 -97 158 -133 -7 216 244 90 189 68 0 75 -247 -148 245 150 224 -197 59 107 66 -160 164 130 -178 -82 69 -156 -69 152 42 -228 -3 29 -102 73 160 -249 -231 211 -83 18 -31 97 47 -188 -218 166 -201 55 89 -39 -28 91 -242 196 141 7 -219 134 71 -37 223 -196 -22 119 40 201 39 -134 -26 239 100 -116 248 156 129 -41 133 159 185 23 13 -57 24 -112 -157 -89 -17 123 242 238 -245 33 -70 -167 -154 41 -71 106 14 226 80 203 -2 -105 -238 9 -145 163 165 -58 -236 -56 -127 92 -67 -187 112 -4 8 -142 197 -113 25 -138 -32 -109 37 -43 157 184 -179 -95 85 236 -76 246 208 52 171 217 183 -38 -246 83 172 46 -205 -123 -210 219 128 139 5 -224 -110 -9 -214 1 -229 143 35 -20 -222 243 77 155 -212 102 -129 -192 -152 -250 -130 -107 -50 -33 235 -75 111 74 50 98 -64 168 138 -98 -78 61 -199 45 -27 -19 58 -24 -40 131 51 16 125 -16 117 -108 -185 -141 99 -62 -208 -147 193 -99 21 -100 -88 38 145 57 206 190 32 174 233 212 121 -203 -237 -65 -91 44 142 -166 -184 231 -158 -8 170 36 -248 -193 204 -183 213 70 -191 81 -85 62 -21 205 -118 -87 188 -81 -207 -68 -11 -244 -239 232 -84 65 -137 -159 -240 -216 -223 207 87 -150 -135 114 -186 -10 17 -48 -170 200 -194 56 241 -174 -120 96 60 101 109 15 -164 178 194 202 228 237 82 -190 27 120 -200 -180 180 227 -172 6 -136 -14 118 -74 67 -122 148 -111 -149 -234 -47 173 -225 -217 84 -235 247 -12 -139 215 214 -44 161 22 -53 -131 144 -128 -177 -106 -176 175 -144 12 240 191 147 -79 -42 72 210 -119 -204 -146 -175 2 176 64 103 209 -104 -202 140 -23 -86 26 108 177 -153 132 -52 104 187 -125 -77 95 86 -5 -151 186 19 -213 -220 198 151 199 137 -13 192 167 -92 -169 169 -206 -117 -103 105 -232 63 10 79 -114 146 115 53 48 -55 -124 -126 124 -72 3 -241 222 -1 126 -35 230 -94 -80 -36 -121 -140 229 -155 -29 -90 -73 -51 28 195 -60 162 -165 -101 93 181 -93 -66 -6 
TEST 171 ARG:71 -39 53 -250 133 -197 -112 -133 -72 15 236 162 192 -148 228 35 -182 176 -216 -135 -127 -77 -237 -191 -96 -212 -205 63 -54 41 -70 68 -181 30 -171 -198 -85 -17 6 65 -142 217 -120 -174 -172 14 -157 -89 212 26 99 196 81 -8 156 2 -29 100 -33 -232 225 -113 -34 234 -165 0 -2 -236 171 116 126 -68 204 128 230 -101 125 175 -242 -11 47 -46 -143 -25 97 245 220 -75 -43 -52 200 168 -35 55 -200 85 -195 10 -18 157 -102 -9 189 36 -105 235 50 152 108 207 -168 -240 205 161 198 -50 -125 -7 109 44 -124 208 170 214 60 -111 115 -192 58 223 219 110 103 146 -100 51 76 206 -30 -190 112 -226 237 -26 -188 -115 -136 135 113 -235 96 -244 221 -132 23 37 160 -176 54 16 21 -5 -128 120 -164 84 248 -82 233 246 -51 88 179 -87 -228 -147 9 -162 -137 222 177 -47 242 -139 -79 -23 4 -170 24 -84 -208 7 -246 -74 -173 218 188 -186 238 118 -149 203 190 187 20 -65 48 131 240 22 83 164 -20 -108 123 -160 -55 -32 59 -141 239 227 141 -215 -58 166 -214 -175 210 -202 244 117 -57 -187 107 38 -219 -248 89 241 -44 153 -86 -229 -152 165 104 -80 -177 -206 -227 215 180 -6 178 34 1 -146 -122 249 42 -201 -91 -42 148 -67 -159 82 -13 -129 -119 12 -118 32 122 106 209 -60 181 -121 90 46 129 232 -189 -19 56 -156 132 114 216 142 98 -151 -97 -59 139 -245 105 -179 66 -73 -178 -140 -117 52 75 -27 159 -62 -217 -161 -231 93 -83 -184 64 39 77 -49 17 -247 231 130 -163 -196 -1 -24 -66 145 -230 -238 -185 43 -243 -131 154 172 -116 -221 229 -93 134 -123 -155 -114 3 -78 -64 -223 140 -183 -180 -134 29 -154 193 -95 -207 -224 185 137 -138 138 92 136 247 174 -110 74 -218 -145 -94 211 102 80 -69 -166 195 -249 -4 163 101 -199 27 151 183 182 -21 69 -12 -153 143 -10 49 201 -169 -103 -53 -241 13 213 61 -28 121 -210 186 18 -76 25 191 197 -225 72 149 -36 -22 45 19 -40 199 127 -104 -220 -92 -239 -15 -16 -90 78 8 31 -211 70 -38 -3 -45 -31 -48 -234 33 147 73 -130 5 144 -158 194 111 -194 169 184 -150 -37 243 150 173 11 -109 -222 -167 -14 86 -193 -144 119 -88 -209 202 -99 57 -107 -63 167 -71 87 91 124 -56 -98 224 -61 -233 94 -204 -203 155 -126 226 95 -81 28 79 40 -41 -106 62 67 158 -213 
TEST 172 ARG:13 224 -124 220 -235 79 -91 -66 -158 116 59 -100 9 -95 64 148 249 -108 50 180 -114 -93 -192 -3 216 -55 28 7 -68 130 48 -228 172 122 -201 -40 -87 -232 106 99 44 -60 -110 -128 -37 -214 -22 128 -20 111 67 -234 169 -186 123 -193 -65 96 -205 221 -246 -171 -120 142 -167 -119 -156 -34 26 -77 -7 -16 -149 -82 233 178 170 -134 -137 38 -154 -41 -148 -226 -227 200 -69 -241 -111 -33 203 127 108 -121 -173 126 19 -249 -177 177 35 17 84 190 120 248 -84 131 -52 16 -12 29 -196 -26 133 -27 68 -92 20 -122 168 209 246 -88 -72 240 -175 153 -47 2 -208 129 -142 215 -169 -18 192 229 146 -67 -99 202 219 -180 207 49 -144 166 173 -220 212 65 -50 -198 117 149 103 -80 189 -49 -248 112 8 82 171 70 -212 86 162 155 -183 201 12 -182 54 115 194 69 -231 -197 239 135 -8 37 -14 40 -200 242 -159 157 -199 -51 160 47 174 71 -206 228 -61 -123 60 4 227 186 152 -219 -70 244 -86 145 -239 -153 107 42 76 -44 -118 222 0 24 -191 -76 -11 -224 77 -213 -35 32 -24 102 39 -73 -113 143 -39 74 46 97 241 78 -46 90 -181 -127 36 98 -56 188 -132 -170 187 243 113 83 6 55 -166 -54 -125 -79 -102 -63 27 -131 -244 -207 -195 61 105 -17 137 -32 231 -230 -97 -85 -43 -71 238 -9 -240 -233 121 124 -152 -90 -209 -242 -145 -229 5 21 -215 -138 -178 -150 -187 159 80 -141 182 -225 100 -146 -136 62 -29 -237 -31 -78 -58 58 158 -89 -222 199 -185 -117 -115 10 -4 14 -83 136 104 210 -250 93 31 206 -109 154 164 89 247 -143 -243 223 -155 144 -112 88 -53 235 165 139 -94 191 -129 33 91 179 -174 66 -223 -28 -189 -135 110 57 -160 213 94 -42 -15 211 -59 -221 -19 118 11 156 23 43 53 45 75 92 -216 236 -163 -194 151 -133 -105 1 -157 -217 205 -168 -104 198 193 85 -147 34 -151 225 109 245 56 -98 196 -190 22 15 -165 150 140 -1 72 -64 208 73 176 218 163 -13 -62 214 226 -103 -107 -161 -139 234 -106 114 175 -75 -202 232 167 -6 204 -126 -140 -172 -36 134 52 81 -116 -21 184 -48 -2 217 -30 101 -130 -184 18 -204 25 -238 181 63 -38 138 -45 -179 51 119 237 132 183 95 -162 -10 -176 -74 -203 185 147 -218 -236 -245 -23 -96 -164 41 -101 141 -5 197 -211 -81 -210 30 230 3 -57 195 -188 161 -247 -25 87 125 
TEST 173 ARG:177 202 186 68 207 41 -128 20 -77 227 173 72 -10 6 -2 -146 -89 -58 -235 -54 235 -3 -148 -186 -234 113 200 144 -37 -75 -26 122 -126 -116 206 -233 60 -156 52 98 213 -176 193 216 -6 -21 152 -165 -143 -142 -179 -56 -38 188 -1 233 109 -97 99 221 -108 -136 -248 -236 141 229 -84 185 43 76 -88 212 12 -73 -115 -55 56 66 -170 -100 -250 -30 180 80 150 -162 -103 54 -133 182 -34 -169 16 131 164 -72 210 51 -224 -206 -94 -249 -196 -25 -246 -161 -22 105 33 -99 -167 -120 78 67 237 -191 -76 -18 -173 -200 -203 239 -68 -71 -86 127 -80 -157 -151 15 -134 -113 25 -57 -122 174 -238 -244 -178 -212 230 -135 -164 128 89 -91 120 81 -189 95 71 -247 140 61 50 111 124 -36 162 -210 -118 -12 175 -47 46 181 -226 -28 -147 -193 64 85 -194 -158 222 18 -66 -237 118 -215 14 97 -32 31 179 38 93 -45 -96 -79 231 137 -229 147 151 145 -87 189 187 205 -177 249 208 102 157 223 -241 -74 -152 10 -106 134 178 -39 217 190 -67 -129 87 220 -211 77 247 -137 104 106 -140 -40 -53 75 -245 -19 176 -183 47 -153 2 59 -63 -42 -204 192 201 -239 -144 -7 167 -90 -52 5 241 79 -232 28 114 11 44 55 -145 -60 126 -9 -199 -184 -208 36 154 132 -101 160 92 -105 -43 -82 196 -214 234 117 -220 37 -174 -17 -219 165 -218 172 -227 32 17 -81 -85 -8 138 163 -141 -131 -41 108 -24 -46 -27 -217 -150 40 -65 73 90 -243 -14 58 219 238 116 -121 -155 42 149 248 -23 123 -202 30 161 34 -112 -139 146 119 8 -35 246 107 -213 -159 121 65 168 -216 35 -240 -124 1 211 130 166 70 -138 194 13 -230 242 -4 -16 57 -160 83 4 155 197 -119 -109 -62 171 -98 -59 -223 148 -61 26 -5 228 101 96 225 29 -195 -13 156 39 -44 0 -20 -198 86 -149 129 -50 91 23 110 203 245 82 184 48 191 -163 133 183 49 -182 -111 -83 53 3 135 112 -231 -132 9 19 115 136 153 243 169 125 -221 -123 142 -205 103 63 -185 195 45 -104 -207 209 -181 236 27 -201 -228 -127 -114 -225 204 -188 88 -117 -110 -209 198 94 215 224 -168 -175 -166 -95 69 22 -192 199 -154 -222 -107 244 -15 -31 -197 74 21 -102 84 -70 -33 240 -78 -92 218 -172 -69 7 158 232 -125 62 -187 -93 -242 -171 -51 -130 -190 214 -11 -29 226 24 139 -64 100 159 -48 170 143 -180 -49 
TEST 174 ARG:-227 84 128 223 173 -111 158 38 144 -27 104 -122 44 80 195 -95 231 102 132 -172 -197 56 -166 180 0 77 14 -250 171 166 154 119 -47 -124 -4 70 122 114 243 -212 118 -169 -192 -158 -249 48 -16 235 101 105 -43 -246 -127 -240 37 53 -76 -80 -140 68 212 -213 33 13 161 -78 -119 -62 -50 149 61 203 46 -241 216 -44 -215 198 -116 129 -15 -188 -184 91 50 -159 63 3 -173 -35 67 57 -191 -195 -168 210 244 -17 -77 186 -33 -211 -186 126 8 127 21 165 -160 23 -9 214 -231 -72 -214 65 181 72 -223 59 201 130 135 54 164 -20 -109 133 -67 219 -117 -131 200 227 12 7 197 -230 36 -239 16 -130 -128 172 -53 -51 -55 146 -162 49 -25 79 100 -149 11 -56 -126 160 -216 -64 -248 196 45 141 -210 -86 142 125 -205 28 40 -24 113 175 -104 -54 137 -100 209 -66 27 -163 -242 -203 4 -6 -136 -88 -143 -89 32 -79 -180 230 -70 -245 -218 247 -46 -30 10 -155 9 73 174 184 -193 -97 188 -179 -75 213 -57 236 -8 -5 -201 -3 190 162 106 -206 111 39 85 205 -202 25 -90 -177 189 -190 26 -207 -40 -92 -73 -21 -60 -232 -237 74 110 76 167 -19 116 -133 96 -236 -91 -132 -63 -189 -234 -125 145 115 -85 228 139 35 -93 -114 -110 -22 -209 217 -219 -14 131 155 211 5 -233 150 112 -145 -247 51 78 30 41 -83 94 -94 98 99 -148 82 -37 163 -222 -221 -10 -139 -45 -26 159 -138 232 -38 62 147 29 199 55 92 -31 170 88 143 -182 -142 -217 -154 1 66 218 24 103 193 -224 234 208 -13 -11 -115 -7 -118 191 182 60 69 -28 -208 -134 18 -81 -156 15 192 -144 178 -200 225 238 -161 136 -82 -42 107 -164 220 -101 206 -12 -34 185 -99 -151 -198 90 240 -84 -18 233 87 179 20 -65 -121 -135 2 -123 -235 -52 -176 -157 246 109 194 -1 215 177 -185 134 221 17 -194 -87 -137 52 6 248 -102 242 89 34 -146 204 183 -29 -181 140 -105 -71 152 123 -49 -107 47 -238 120 -23 -174 187 43 117 -147 -178 169 -58 19 151 71 75 -112 -69 -68 93 -129 -165 -196 -61 245 224 -153 -170 22 58 222 -204 31 -98 86 176 -39 -120 168 -175 229 239 153 64 95 156 -220 202 121 -225 -243 241 -228 124 -36 -108 148 -2 207 249 -106 108 -152 226 -226 -41 -183 -96 42 -48 -229 -32 -167 83 -59 237 97 -141 -113 -103 -150 -187 -199 -74 81 -171 157 -244 138 
TEST 175 ARG:227 -8 -211 -132 -175 25 219 -56 169 -174 -151 -165 -79 -127 247 22 -59 -233 10 -209 21 36 38 -90 9 96 -204 172 245 -247 175 162 208 -198 -73 -202 154 198 232 164 -9 -106 138 177 129 34 -149 -177 24 145 161 -170 228 238 -114 -40 -81 218 -246 63 -94 240 -30 -173 -102 -60 216 132 1 -152 -217 -22 213 119 158 -69 -105 209 11 234 -214 189 -100 204 159 -55 -2 -93 -78 -71 -164 -148 148 214 -80 -97 230 -34 8 -141 -210 -199 48 -64 -77 -176 -189 -226 199 -228 52 249 -183 184 142 83 -115 121 -126 97 86 168 -163 -184 75 -86 -139 -208 -38 -153 -237 -122 231 58 -104 -157 -32 102 -36 -146 -181 79 -216 87 179 -235 57 -50 -49 -75 91 -84 33 -171 55 -1 112 -91 206 105 66 235 -186 42 -53 -222 176 -41 -12 23 46 236 171 -128 -156 207 -121 136 -103 191 30 107 -13 103 49 201 -201 243 110 160 131 -161 72 -191 150 196 -185 -67 59 -236 -227 18 -7 -224 28 239 -135 -117 -160 89 135 43 99 -108 4 50 -142 194 -220 -52 80 29 -37 -182 -120 248 17 224 39 -51 149 -240 -138 180 -4 -166 45 125 -88 190 246 143 3 -43 82 -137 106 187 71 -110 31 182 114 -213 -190 -24 -234 -231 68 -83 133 78 -150 -158 70 229 26 -16 53 205 -72 -239 -212 -168 40 193 203 -29 -207 -54 -92 200 56 139 146 222 -66 16 144 67 115 130 -250 -178 32 100 -48 124 -195 -28 -58 221 211 15 -187 73 65 62 -244 -179 122 -229 2 210 170 64 76 -112 -113 -27 13 -101 117 -154 -39 -96 128 85 217 147 -95 -249 -223 81 126 -238 173 -206 -99 -35 7 -74 -225 202 -6 -200 -11 163 61 98 197 -194 -129 -123 116 -10 -167 -197 -205 -19 -23 95 233 -118 77 223 137 -241 220 -119 -192 -140 237 27 -87 183 -143 5 -180 14 -219 -155 178 -230 215 242 20 127 165 -232 195 101 6 -21 -109 90 -172 192 -111 -196 134 156 -130 -136 -133 -33 155 -45 -221 -162 -42 -215 -134 -76 -131 241 141 151 41 84 -107 -85 152 -159 -245 -243 -57 -70 19 104 -17 -3 225 35 -18 -248 -188 120 54 167 -31 -68 92 -20 153 118 -63 -169 69 -61 244 -62 185 -242 -47 -218 113 166 -25 174 181 12 60 -44 109 -125 -26 -98 47 -144 226 186 74 37 -147 140 44 -46 108 -89 111 51 -116 88 -124 -65 -14 -5 123 -82 94 188 -203 -15 0 157 212 -193 93 -145 
TEST 176 ARG:133 26 212 -207 -109 -57 221 -144 46 -194 223 125 -214 -39 52 -247 -1 44 172 -139 -140 192 -149 142 74 71 38 -170 196 188 218 -248 -176 -123 -156 24 131 226 173 -80 -190 48 -126 23 -180 -17 -165 -27 124 240 117 227 230 -179 -232 15 224 233 -233 -153 -224 204 -186 -199 -136 -237 -76 247 -192 136 -168 -15 62 160 100 199 209 -203 19 89 -19 181 32 163 122 111 183 -87 -81 20 126 207 -43 16 211 10 108 -197 41 59 -141 203 198 107 162 249 -29 -229 -152 -73 -20 -10 67 80 135 112 130 -159 174 -225 30 242 -75 113 -34 -62 228 -128 -151 -245 116 -117 98 49 56 -82 -201 88 -208 -25 -12 -193 217 115 9 248 -83 -63 96 70 -183 202 102 -32 143 94 -105 -134 -106 -178 85 -216 -243 109 2 37 90 -127 220 4 6 53 215 186 191 -188 169 151 165 -56 93 -98 -204 206 166 3 219 -93 156 -169 -122 -64 171 -163 127 144 -61 184 -3 -158 178 -182 -51 -70 -44 -202 -209 -5 214 225 -6 -49 -206 -239 246 8 -35 -150 -14 213 -47 81 -143 -235 -89 180 106 195 -46 12 -138 73 99 222 -115 -246 -99 -54 27 33 -112 200 77 167 -236 128 182 193 42 83 -108 57 -242 -9 237 -91 40 -55 58 -175 76 -79 -50 86 179 -215 -16 -114 137 -125 -238 -228 -86 55 -210 -31 -240 97 -162 -244 238 -119 -222 47 29 244 72 239 -21 -96 103 -187 -161 5 105 -211 28 201 -78 185 -72 140 36 -226 -92 241 -155 110 31 210 -23 -181 -135 34 -160 148 95 -36 -100 -48 -166 51 64 -45 141 150 -90 -129 -74 -205 138 189 -103 243 139 119 152 82 231 39 -184 232 63 -154 -107 245 -121 -97 234 -171 -8 -137 -40 -212 -104 118 149 146 -133 -13 -95 79 -42 43 229 -24 -195 -147 216 154 -28 -41 -85 132 157 -68 -173 75 -231 69 -177 -30 -94 121 -118 -164 -11 -124 -77 -223 -130 -88 13 -174 175 25 -33 17 187 -167 7 159 84 176 -217 68 -71 65 123 147 87 -146 -7 -52 -189 92 134 235 21 208 190 -200 -116 -66 155 120 -142 18 -132 -230 -58 78 -221 -198 -102 -84 -185 101 -101 114 45 54 -172 91 197 145 194 14 -111 35 -191 -67 -60 161 50 -131 60 -220 153 -37 -196 104 -18 177 -38 -157 -219 -218 61 -53 -249 -26 -234 158 66 0 -241 168 170 -227 -213 22 -113 164 -2 -148 -250 11 -59 -110 -120 -22 129 -4 -145 -65 -69 205 1 236 
TEST 177 ARG:-54 229 211 -234 30 162 175 -105 25 -77 38 -210 -65 -200 -87 75 -217 -191 -195 203 -227 135 -57 93 -245 -138 -236 192 62 -230 -246 -240 -126 180 71 -38 151 242 -185 131 16 -151 -109 -189 244 26 122 202 22 104 -6 20 209 -170 11 72 -176 65 -2 3 107 -22 126 -184 -223 158 -173 -171 48 34 108 231 78 142 -196 -58 156 5 160 -187 176 -93 232 117 -20 50 123 96 -88 88 -174 66 163 17 110 -141 45 167 -116 -16 -219 -8 137 -21 83 239 -127 76 221 243 -48 197 1 -194 -115 -12 94 82 -131 39 -51 179 145 -52 -207 207 -150 217 -238 -244 -44 118 -213 -81 -9 185 -137 -132 127 -19 -121 -46 -36 61 9 116 -228 -158 -32 125 -1 -152 -162 -34 -15 -218 193 98 -177 -235 -4 -181 -84 -53 8 -224 -123 -71 130 99 199 -247 111 101 15 -62 -214 109 -110 -242 12 -169 56 -241 235 77 -165 146 18 238 169 -135 -72 -204 60 230 234 236 -106 -69 -154 57 63 91 -164 58 -28 49 150 153 -143 -5 -149 210 -136 124 -26 -45 129 -91 -79 -56 168 -248 -178 -205 212 213 -145 -192 -201 -202 97 149 -221 241 -111 -7 14 29 -74 -13 -180 -29 -10 -147 -182 70 -222 205 -118 -198 -225 24 -89 -179 -206 7 19 214 -148 103 247 220 -75 120 -27 -60 0 10 140 41 -73 112 -55 -250 81 -70 161 -11 165 -96 -17 -86 35 69 51 -167 224 -153 181 144 173 55 -80 -43 159 27 105 186 -23 73 154 54 -90 -82 -168 -40 -239 -183 206 -211 222 121 141 249 178 152 85 -243 -193 -98 -113 -114 -209 -95 218 4 -229 -107 -61 -233 164 87 92 -42 -3 113 -14 23 -31 119 -37 -199 -160 174 240 -85 -139 -140 -172 -146 68 248 -50 189 74 -231 80 183 -108 196 -41 -66 114 102 -216 194 -94 246 59 166 -76 100 133 -237 44 -64 -226 223 -134 136 84 143 -47 132 -35 -156 -190 115 47 33 171 42 79 -99 37 -18 -67 -83 155 53 -59 95 21 106 -125 -30 -119 148 -103 -97 -175 208 128 233 -188 -163 86 204 200 46 -155 -122 -161 157 -49 -100 139 134 2 245 182 -128 -117 188 170 227 184 -249 187 138 -104 216 -186 -78 52 43 147 177 90 -102 -112 -212 -120 226 -68 -208 89 -232 -39 -24 237 -142 31 64 -220 -157 -159 -129 -33 172 225 -215 -144 190 -92 195 67 28 215 191 201 228 -25 198 -166 32 -130 219 36 40 -63 13 -124 -203 -101 -133 -197 6 
TEST 178 ARG:-36 10 181 136 -205 29 135 87 245 -232 31 -89 176 229 239 183 125 -124 149 -33 -212 -46 -207 193 -58 200 -25 -183 -51 -154 118 192 -118 86 -188 -2 98 -26 -125 -136 0 131 -227 59 -239 -107 47 -102 114 48 17 42 177 184 -191 241 -127 34 78 -54 -162 -49 -50 138 -22 -230 151 95 -164 -151 -122 -70 210 182 -38 -88 104 248 -240 8 -111 191 123 84 -15 -98 92 217 -214 30 -64 89 -45 4 234 -10 -123 165 97 96 -37 218 -181 -226 195 -145 -40 -158 -216 -243 -96 21 19 -189 -199 141 -28 107 -41 115 -55 -242 140 -116 -247 101 -138 -161 164 -13 -104 -84 -8 -113 -201 -143 -12 -130 -43 -82 -169 198 -173 161 128 -241 11 9 -248 66 77 55 -175 -157 -177 -91 -203 -99 -235 -42 -69 237 44 -208 65 214 93 219 -163 72 209 -11 -16 54 -178 -147 111 -192 1 167 -132 142 99 148 -197 12 -27 -76 -237 -166 -19 16 18 28 -168 -133 49 179 -213 225 24 231 199 -115 206 -172 35 38 213 -186 -92 -34 -146 185 37 -159 159 -142 -52 51 -224 178 -101 26 -66 45 -236 -137 -110 204 39 -220 -228 70 -222 139 211 -48 175 207 -129 -194 156 129 -202 -140 -182 14 -61 2 134 -171 74 -246 3 119 -100 22 -160 -174 232 -198 -57 -53 15 90 -187 83 150 103 -114 169 -195 -215 -6 -128 146 -94 147 69 23 57 -79 208 -74 133 168 82 -83 56 244 -119 -139 -200 166 -121 43 -149 46 -71 233 216 40 157 36 -23 62 -231 -153 -117 -86 -148 222 -126 130 228 -32 143 -62 -165 -155 172 117 -206 152 -184 64 -218 -209 85 -180 122 -112 -249 63 32 154 -211 -18 109 173 246 187 -234 249 -4 158 238 -3 190 -135 52 108 -80 50 186 243 227 94 25 162 226 171 145 188 75 6 163 -156 100 202 -75 137 -47 -72 -68 201 -221 242 -108 -223 160 -17 189 -73 -141 194 60 -244 -245 -30 144 127 -44 68 -14 -93 -85 212 -190 215 197 -103 124 -9 -1 71 -5 -193 -152 -219 110 -170 102 205 -65 81 67 153 -196 235 41 73 13 -238 58 -109 -20 88 105 -95 -67 -144 -217 -24 -90 -176 240 170 121 91 79 -31 230 180 120 -97 7 -39 236 -204 -59 -210 -29 247 5 76 113 20 -56 132 155 -21 112 -250 -81 -35 116 -105 -78 126 33 -225 -134 220 53 27 -60 -63 -87 -131 221 -77 -7 61 -106 -120 -229 -185 80 -233 174 223 106 224 -167 -150 -179 203 196 
TEST 179 ARG:-125 188 -186 -113 2 9 -147 -201 -241 235 -9 101 -164 -13 227 -213 126 159 -230 200 244 -242 -190 -157 -39 220 171 -11 -204 25 -68 -65 -165 -40 -169 104 241 139 -185 -212 37 207 64 187 -30 -136 120 -238 -130 -102 130 31 -176 -70 81 116 40 -63 0 106 152 -52 -248 -127 148 -112 -2 239 221 145 -235 -217 109 128 5 189 48 131 -140 179 156 111 216 -207 -225 105 -170 -210 204 -114 -71 -41 -76 -178 168 163 -166 127 -151 215 33 -24 236 -14 -208 -182 -88 83 71 96 238 12 -16 161 124 -231 -111 18 -158 -12 195 -5 59 -60 -28 70 -167 -17 206 -206 -34 243 60 203 73 123 -27 232 -77 -72 117 -15 -42 -236 -135 95 19 178 173 134 -32 248 164 -192 76 245 -237 66 -249 -183 -117 -134 94 -43 -138 -216 -246 -250 -198 222 56 63 192 -47 233 -53 247 -67 -3 -223 -124 79 165 49 51 -229 153 132 107 -20 167 -203 -226 -75 -80 93 -118 146 144 237 174 229 224 -100 -146 -97 53 43 -215 -44 13 230 121 100 -227 8 133 -64 226 -181 91 114 -108 -81 -109 58 -194 -104 223 -10 -119 213 155 -240 -150 240 45 30 -50 39 142 -69 -214 -22 199 119 -26 -29 99 -84 -152 125 -126 78 16 85 -232 158 7 186 92 -105 -21 198 4 -92 -55 -48 110 -91 15 57 -137 -245 42 194 29 27 -149 219 -33 102 75 -145 22 205 68 -189 -174 176 -87 -172 -233 -61 -161 211 -73 54 162 -59 154 -35 -148 74 52 234 108 -1 -83 -7 -82 34 72 -123 -129 -222 -49 -175 -228 36 184 -18 166 -115 86 -141 -220 -195 225 151 115 175 -171 90 -131 -184 -168 103 -93 -56 -103 -120 246 -23 190 118 -95 -38 97 -57 41 -196 -143 -6 -106 -179 -85 181 217 -205 3 -107 -156 141 -132 -78 28 -86 210 -162 -46 169 -8 -101 88 -99 -244 -90 -209 32 38 208 -94 -160 -121 -110 35 -163 55 -193 122 1 177 -180 -58 209 65 -139 -54 -187 -62 150 -37 135 -224 172 20 -218 157 -239 -133 113 87 23 50 69 -188 201 149 98 84 249 -19 -199 46 -219 62 -128 143 160 180 -79 136 14 -234 -159 140 231 77 228 26 242 182 -31 -96 183 10 -247 -221 6 212 197 202 -153 89 -45 -200 21 -98 191 -155 67 24 17 -177 138 196 -116 137 193 -89 214 80 218 112 -74 61 -36 -144 185 -243 -197 -211 -51 -154 -66 11 170 129 147 -202 82 47 -142 44 -122 -173 -4 -191 -25 
TEST 180 ARG:-200 206 -107 -46 -68 112 152 62 212 -141 -73 118 166 109 -10 57 -64 231 41 189 28 77 91 155 210 104 180 -88 54 55 -110 134 -22 238 211 -215 71 -154 96 -219 -228 97 108 -83 158 129 83 -36 -112 -7 -79 32 -231 -161 -185 -236 4 7 1 85 -43 -208 51 -18 165 -143 -172 -102 -60 237 142 -158 228 -128 -222 -78 113 101 184 -198 45 235 -232 10 78 233 190 -80 138 -187 -190 87 39 -51 151 146 -250 65 154 -180 -146 25 -204 125 -192 182 187 179 239 79 -206 144 240 213 93 -152 -8 -26 61 242 42 -85 186 -67 241 -81 50 -119 -145 232 -174 215 -233 246 196 229 -121 -3 -149 -214 117 -124 -23 -140 -108 220 159 -70 122 38 -224 -58 141 -168 -89 132 -40 -189 88 148 156 218 -28 -184 147 -97 -182 35 70 8 -194 18 -183 30 -72 -50 90 -229 244 -30 139 -170 94 106 236 -1 162 -216 9 -137 68 47 -186 -69 208 -223 128 -49 76 136 167 -57 -92 -169 -47 -164 -17 -248 -147 -11 33 224 161 -181 48 0 -188 149 2 115 -63 -151 98 92 207 -203 -218 -138 -56 59 -21 -226 174 3 200 -155 205 204 -116 -127 -139 226 168 -162 -205 5 -238 -225 -96 -82 175 37 -230 191 -34 -77 -177 -111 171 -2 -247 -54 249 135 19 -98 214 -61 111 -166 -191 110 20 12 -160 -52 -135 -157 243 119 -133 31 -93 -86 127 -120 21 131 73 -171 81 -245 -105 -25 -95 -76 23 -239 84 120 -6 201 -31 36 13 -150 -193 -87 69 -159 75 130 -123 145 72 -176 -5 46 22 -165 16 82 245 56 80 -175 63 100 -136 124 176 44 105 -199 -42 -209 216 24 188 195 -197 -244 -59 43 -213 -235 -12 -39 53 -99 74 17 -14 -114 26 114 29 99 6 121 -130 66 209 -20 -221 -234 -246 -115 -19 -237 -122 -9 178 217 197 202 -227 -45 -129 143 14 153 -131 157 163 -241 86 40 34 164 248 160 150 -41 -37 -196 -249 -62 -212 67 -4 -29 126 181 -125 -179 -142 103 -38 -217 -167 -243 -173 247 -163 102 -75 -242 -33 223 227 -210 172 225 -90 116 -55 -113 183 -44 -156 -109 203 -148 -48 11 -91 52 89 234 -24 -65 185 193 -15 -106 -117 -94 -132 64 15 133 -118 219 -66 170 107 -126 -32 27 -134 -27 -195 -53 -71 -178 192 -153 137 -220 230 123 -100 194 -104 -240 221 -103 177 60 -16 -35 58 -84 222 -74 49 -101 169 -202 140 -201 -207 173 -211 -144 198 199 -13 95 
TEST 181 ARG:33 211 98 222 -158 205 -56 -216 -16 3 -214 103 -37 -240 171 -61 79 -226 223 -204 7 -135 -2 188 225 27 207 -64 15 -31 -27 175 -58 131 -1 -13 43 214 77 157 122 94 63 78 224 11 88 -86 -74 246 2 84 -57 -149 -130 -198 226 -24 49 39 177 118 132 67 -138 104 -101 -78 71 -152 190 193 -10 208 203 16 240 22 -206 -239 119 -92 60 -117 200 -143 -54 -131 -72 -23 184 29 183 228 -192 218 230 -118 18 220 -46 -241 76 -185 181 144 -243 -211 -157 234 160 95 -108 -195 196 245 170 -47 -26 123 215 129 31 -124 110 219 14 238 145 -114 -132 -104 -175 102 -129 197 25 -133 20 46 57 12 -203 108 -20 204 -42 13 242 159 -208 -249 -69 -159 89 -219 -191 59 107 -99 -196 100 -178 -75 92 153 -113 21 -21 74 161 174 178 -63 -169 209 40 127 32 -225 54 -62 -199 97 185 167 -6 -247 -234 182 -9 137 130 -210 -102 -51 -93 -142 244 8 -137 112 85 152 -43 36 -227 128 -150 154 -11 -81 216 -167 -89 117 -17 -194 -250 -28 -213 -155 -38 -184 189 134 111 37 199 41 169 -68 -128 221 -221 -22 -84 -67 243 -235 -126 -151 68 10 0 -153 -34 47 187 -177 -154 201 -77 -197 -116 -29 -165 24 -229 -59 124 198 93 82 69 -35 -96 139 -70 -188 -95 101 173 66 -223 -39 210 -33 -246 165 -18 -66 -105 -233 249 -170 248 -218 -122 90 -107 -164 164 -32 -176 158 -14 202 62 166 -232 -144 125 233 -193 73 17 -41 -217 195 34 186 30 -12 -19 -200 -110 247 239 -100 114 61 180 133 4 -248 44 52 -201 35 212 -146 206 -44 -209 96 -90 -127 -222 -161 -53 -5 19 138 -106 -182 -244 192 -230 -236 235 -3 -181 -171 -173 -231 -8 236 -85 143 65 -36 -73 113 149 5 141 -145 121 -50 -60 -121 -179 140 -115 86 83 227 70 -139 115 155 -123 -147 -119 109 -162 -25 -125 -207 213 106 81 -48 162 -88 -7 64 55 -120 -148 -134 -168 194 -190 147 -212 -205 120 151 -180 163 237 -136 -238 232 231 -94 87 99 172 229 -109 6 72 191 150 -183 -242 -228 -187 -202 28 -215 -52 176 1 -80 -49 23 -97 -87 50 58 75 241 217 -30 -140 -45 -172 116 -82 136 -186 -174 -55 51 -163 9 38 -98 -245 105 -220 -141 -71 -112 -91 146 26 -83 148 -15 -166 179 -103 80 135 48 142 -189 156 -79 -4 -160 168 -65 -237 53 -76 45 56 126 -40 -156 -111 -224 42 91 
TEST 182 ARG:46 117 -105 78 -200 110 124 -87 -169 -231 -71 74 108 -138 183 -224 203 -100 205 -95 -88 -107 -142 -48 84 72 94 127 -193 -166 15 244 -205 25 -164 96 118 -108 247 -63 -156 14 199 88 226 -54 222 113 59 -41 -236 193 12 -141 238 48 -115 -144 184 -184 -86 149 -27 -90 -20 -197 119 -82 -225 -168 181 -92 -101 -145 23 -75 -22 -72 180 221 -140 219 34 -118 29 -189 178 -234 -12 -232 -199 35 237 -44 -157 -25 164 -19 -230 87 234 17 214 -237 197 138 -179 -42 -161 -170 -68 57 -188 -194 64 174 -150 2 207 165 -235 -163 146 -180 169 3 0 -195 97 155 129 21 -134 143 -55 243 -3 192 158 210 -16 -130 -7 -198 -133 19 -222 114 249 -158 -211 -40 -23 137 63 -242 5 201 156 103 -52 -38 50 -67 -196 13 -143 231 161 -123 128 8 26 206 -124 -226 47 -220 -32 130 145 -174 139 10 1 -11 202 -8 224 153 -37 -21 -228 -2 140 -70 42 -30 39 99 -14 -112 112 -221 239 167 62 27 -190 154 -99 194 -79 68 -248 16 102 -73 104 236 -207 116 30 51 -96 248 -111 -216 -49 9 123 -47 223 107 40 52 220 18 65 -119 -125 -229 -172 189 -4 -104 -62 89 56 147 -61 157 -146 -5 -147 -178 -77 -175 -202 136 -98 -239 177 131 109 79 -183 -149 134 -13 -64 -139 33 100 71 6 75 44 37 -126 -56 160 217 232 -114 -213 -136 95 -17 73 -36 -240 182 -109 208 83 135 106 -171 -137 36 -192 22 -39 179 55 111 -176 -208 -91 -209 54 -135 -66 86 229 91 66 198 -51 60 204 -26 216 -6 -191 -80 82 -165 246 122 28 233 175 -93 -102 170 -206 105 -59 211 142 -152 -9 -151 -84 -241 215 132 53 -212 70 -50 -128 176 159 163 -218 -65 -83 -89 -113 151 -34 -78 -204 230 -74 -210 120 -246 144 80 227 -249 43 235 61 -160 191 -97 -148 173 -106 245 -94 69 32 20 -81 -58 195 -182 -201 133 -45 92 -223 24 -69 148 -215 -129 -127 141 49 -167 162 209 7 31 81 -28 188 76 11 -153 -177 4 -31 125 -24 213 -187 -43 -243 90 172 -85 196 126 -116 187 168 -46 185 -120 -244 -53 -15 67 -76 45 190 242 -245 -29 -159 171 101 -132 115 -33 -121 -181 218 98 121 -154 212 -60 -57 150 -122 -203 -155 85 58 228 152 -186 38 -247 -173 -131 -250 -233 93 241 -110 77 166 -219 -117 -103 -214 240 -10 -35 -217 41 -162 186 -227 -185 225 200 -18 -1 -238 
TEST 183 ARG:225 -133 148 -166 -250 57 -117 -188 137 -141 37 205 -46 96 15 2 -156 -216 -3 -12 112 -205 101 52 230 -228 -60 34 202 -246 -30 103 -108 -113 -231 151 176 -174 27 -62 -7 217 -199 71 -38 212 160 -139 204 -136 -129 81 -69 106 -130 157 -226 -172 -249 -233 -31 184 -225 0 228 9 39 -223 161 -52 142 -197 -59 235 248 24 20 247 -116 -240 155 -158 -34 -229 -140 102 74 -73 13 -173 35 132 126 154 85 237 43 -181 93 73 78 120 84 -171 187 -211 -243 7 166 159 114 -242 146 97 49 163 165 -202 -189 -182 -18 54 -45 3 12 -82 130 182 50 98 -86 236 224 6 115 192 -215 -97 48 -122 -109 -98 -138 -87 134 -5 227 -198 -180 -238 -78 90 104 61 -55 -144 239 19 245 117 170 -178 -224 221 4 214 -47 -152 171 -20 -126 88 -114 33 131 173 86 107 -24 -56 147 -94 208 -76 -220 -105 -230 188 95 -25 -37 198 83 140 -214 -169 105 25 -96 -203 168 -35 17 -67 -247 242 53 -83 113 -124 -85 -110 177 -125 -51 -147 229 209 -227 99 -77 -163 238 -4 -151 87 201 -53 -248 -50 -8 226 122 65 -183 243 -165 -54 100 218 -207 136 180 -153 210 -21 124 127 141 -212 207 174 47 82 51 -123 119 36 149 -137 -88 -187 196 8 -118 -176 77 -1 -40 42 -221 38 -70 91 -13 178 55 5 139 -95 -135 200 153 241 -10 66 -127 60 -36 -121 150 59 145 -74 -244 10 -43 121 234 -28 -164 -154 -219 -26 -245 143 138 128 92 21 -93 172 -185 -120 29 -190 -150 -103 216 181 -61 -132 222 -218 190 118 240 -32 58 23 -48 -184 -79 109 -64 72 -80 135 68 -236 220 -204 -143 244 16 46 152 -235 -149 -195 -131 108 -27 -193 215 -145 28 -179 211 32 123 -75 45 -6 231 -19 -239 -232 158 191 -209 -146 -177 -142 -90 76 64 -112 -49 194 -206 56 -128 175 -9 -11 -66 62 -167 63 232 -22 197 -58 31 203 89 -170 -210 -102 26 -234 213 80 110 -101 -157 -134 -115 -65 233 94 206 195 246 -155 -2 -100 -44 -161 -39 -208 -106 -168 -72 22 -217 -194 -71 -159 -41 -148 -196 -17 -23 -119 30 144 18 -201 199 133 -15 116 -175 179 -92 111 1 169 -160 -241 193 -42 -192 -68 -104 223 67 183 125 41 162 -99 -63 -200 164 -222 -89 -16 156 11 -237 14 69 40 -57 -84 -111 79 -33 -213 185 167 189 -191 129 75 219 -14 186 249 70 44 -186 -91 -107 -29 -162 -81 
TEST 184 ARG:-198 -10 -39 80 202 246 -147 30 118 -102 -161 208 230 -81 -31 120 153 232 59 110 -66 -76 37 170 -159 215 104 71 179 -14 -36 -25 -164 -235 60 -88 38 147 -240 -221 -3 0 -37 -9 -144 121 -61 -195 -121 -45 27 -126 132 31 67 -85 -182 158 87 186 -179 -26 -32 135 23 -211 -94 220 -165 91 128 -43 218 15 138 -208 -16 178 191 -241 40 83 -189 20 94 228 -57 16 156 169 -122 -215 163 -148 235 76 -177 79 -33 188 -49 -24 -185 129 42 -176 -113 192 -82 201 239 -99 -206 -73 -70 -20 -146 -150 233 97 8 -5 39 -239 33 -199 44 -250 53 46 -29 175 -184 -141 167 161 -231 22 194 -48 -95 -28 74 107 227 180 -92 -220 93 -213 11 -124 84 -207 -112 -117 -58 -238 12 189 -219 -23 148 58 197 144 223 77 17 49 122 -30 4 -145 -127 -244 3 225 7 124 -234 28 -63 52 112 166 -242 140 89 -47 -54 68 162 62 96 103 177 -79 -108 149 249 -218 181 78 130 203 -50 99 5 -120 -245 -22 69 -226 116 221 -157 -190 -237 -162 -209 -55 -200 222 73 -109 -158 -60 -104 -110 -149 34 -106 -178 137 -21 10 -125 100 -233 -84 63 -154 -247 -51 -166 66 90 212 -1 -183 243 -181 -15 -187 29 -203 64 47 -69 205 214 -224 216 -44 -137 108 2 164 26 -174 -194 -153 -175 234 200 -46 -103 142 25 -114 229 98 -156 -2 198 172 -142 -68 -134 134 171 19 240 -86 -163 185 157 92 32 55 14 -27 -93 -236 187 -223 111 -83 -107 -192 -80 72 -52 -64 193 106 113 176 109 -196 -170 -248 -232 -35 244 -205 -91 238 -193 133 143 -151 211 168 48 -89 207 -78 -188 105 -11 -17 -214 -140 -123 152 -249 -96 56 -77 -135 -100 35 -128 150 -75 1 -139 141 -191 -131 199 -38 219 -132 -118 196 204 -212 -201 -186 -152 -40 -72 -138 160 -116 -217 139 -65 13 213 182 -115 -59 82 -229 9 -230 -4 209 -171 145 -119 151 -210 242 195 18 51 101 -167 125 -87 217 102 -180 123 -222 131 41 -136 -41 190 -101 -111 -12 95 245 -105 -18 154 119 155 -129 -53 114 57 24 86 -42 248 70 -227 -19 136 159 146 237 -216 85 -67 -90 -172 126 -173 -8 -243 -228 184 -143 -13 -197 -98 226 174 43 115 247 -204 183 173 -202 -7 65 81 -71 -133 36 75 -56 -74 61 6 -62 210 165 241 45 -168 -130 117 -246 -155 50 206 -34 127 54 236 224 -225 -97 -6 231 21 88 -160 -169 
TEST 185 ARG:-223 186 69 -134 245 172 -95 -124 -202 -85 -208 -36 2 96 39 134 -190 -233 -162 -247 139 131 -29 143 -27 65 38 -20 -169 -182 164 -228 -201 -130 103 197 -6 216 13 247 -32 19 124 178 165 -195 -99 9 -225 -181 -108 -175 176 -65 -96 -149 -86 -203 -224 -232 -200 118 94 115 -57 40 211 -31 208 -128 -159 31 -218 -39 57 -80 -220 -61 -63 -210 -246 27 70 -37 30 238 -26 170 -219 -76 -171 -244 56 -229 217 -136 -115 -105 66 207 37 106 147 129 -46 47 -206 -237 114 173 -221 117 -155 -2 168 -187 153 26 49 159 -51 -205 14 -53 -66 190 3 215 108 181 107 -118 83 149 81 42 75 210 -79 -16 60 -145 104 234 -196 18 16 63 -249 -45 184 -151 -56 -41 -183 -142 76 -234 -132 -138 -239 203 29 133 -9 127 -222 -112 11 -231 142 177 -40 -197 -248 -81 -3 73 -101 162 99 -148 -119 -43 -191 -165 -207 20 228 196 -49 -109 -70 64 7 59 180 -104 193 -102 28 -30 33 -18 -97 150 223 -180 112 244 -1 -146 185 80 179 200 225 -121 110 -69 -11 160 84 79 -33 36 237 -62 43 -173 -50 4 248 -19 -38 152 205 -168 -167 -123 8 -157 50 -217 -72 -47 -227 183 -58 -125 -174 51 -54 -161 135 32 222 -7 236 -189 195 -42 191 140 48 53 -90 -24 -186 206 -67 -250 -215 161 0 90 101 -160 156 -176 182 -60 46 -82 136 -192 -179 -147 -213 198 -243 -21 246 188 -113 199 157 -172 -188 105 192 15 109 138 -111 144 72 -94 -143 230 95 -150 10 97 -235 -88 34 -84 -211 194 -10 -55 55 239 -242 -75 5 155 24 137 123 -240 -226 132 154 -106 166 -59 128 -166 -17 219 218 -238 148 -52 116 235 241 141 -127 -114 -74 -156 62 45 -68 119 93 17 -98 -140 -83 -93 -71 -48 249 -87 -133 -241 209 92 44 35 68 -64 -185 23 -103 -12 -120 -5 -204 -170 243 -35 229 6 -15 -139 130 100 -92 -236 85 -193 221 167 -199 214 -28 227 -245 -78 202 -116 -153 58 151 -44 -137 -216 -164 -77 122 -8 -25 22 231 174 -89 189 -107 -13 145 240 -212 -209 -178 -126 -194 102 89 -154 -117 213 -22 67 169 98 120 -230 -144 126 125 82 187 -135 -100 -152 -34 -14 74 -4 224 71 86 -198 -158 -122 61 -141 88 146 113 226 233 77 232 212 52 121 41 242 -110 -129 1 87 204 220 -184 12 -91 -73 78 111 25 -163 -23 21 -214 158 201 171 54 175 91 -131 -177 163 
TEST 186 ARG:133 -101 191 167 3 -77 -110 -128 140 -137 174 105 90 166 -105 -19 36 141 -171 -86 238 -240 142 229 178 28 198 -119 216 -102 97 23 -39 -155 -10 -166 0 92 244 16 180 -8 -156 -94 -99 111 -114 -131 -239 -121 -219 32 -142 -24 -18 103 1 67 -100 -125 -109 -69 130 -215 -144 158 219 -66 235 -61 159 139 148 -242 -206 153 -184 101 -220 -233 71 -241 152 -13 189 128 -231 -108 218 -116 146 -15 65 -198 58 -54 -149 75 -238 -16 -168 40 62 -53 8 -87 -165 -174 46 -221 -38 89 -58 -5 -147 236 -59 207 -209 -60 -183 -130 -135 -30 221 39 -12 120 122 196 -111 -65 194 107 -44 151 -123 -75 -157 182 129 -189 -37 -139 -62 -47 245 -196 72 -186 -33 145 -148 78 79 -3 -27 31 -210 61 -249 -98 -46 193 -120 170 -133 80 37 -41 112 50 190 -107 -164 -95 -152 147 102 230 201 -20 -176 -31 192 85 -89 225 -145 20 106 -159 -192 48 -187 24 -172 138 -197 5 86 -136 45 -170 125 -83 22 -124 -193 -190 30 84 -81 94 222 157 197 96 176 200 215 -57 126 -245 -71 35 -207 55 -228 249 248 4 175 -84 -112 -182 91 -246 227 -90 83 -222 233 -151 213 87 76 217 -218 -208 124 64 51 118 -55 -169 181 2 33 -106 119 210 -129 144 63 171 134 -63 -122 -92 208 116 -158 -113 154 -17 -175 -78 -26 -153 -138 237 211 -162 -1 -134 -80 149 -79 -72 -154 26 168 -160 204 186 -211 6 206 137 -93 143 43 -42 -35 -32 29 162 228 21 242 -45 -235 239 77 -204 -50 246 -163 188 -48 -250 231 27 -143 -225 179 123 -22 -28 44 -14 164 -234 -201 -74 -150 -104 -167 -51 -4 150 160 -191 -64 -185 113 -177 155 54 56 42 -223 185 -34 -230 241 212 -237 -7 -247 -67 -146 -224 41 -11 -200 -140 -179 -178 108 104 9 -227 70 -91 52 -70 -6 223 -96 15 -73 243 169 232 109 234 187 247 95 -199 -188 74 136 -226 -229 98 184 -213 12 -216 -195 165 156 -205 -97 47 -25 14 -132 -76 199 -212 -103 135 10 66 -248 18 -243 202 -115 -68 68 -21 -194 19 -85 -244 59 -23 -232 73 172 -126 49 -127 81 -161 -52 -117 -49 205 -181 161 131 -118 -56 99 183 82 177 163 -217 195 -9 93 110 132 -203 7 114 -180 -214 17 34 60 69 -43 -36 -82 -2 117 -202 11 214 220 100 25 224 57 -236 -173 173 -40 127 53 -29 121 -141 240 13 -88 209 88 38 226 115 203 
TEST 187 ARG:-54 -47 -84 -206 -61 -67 28 -92 -28 248 130 -53 -151 246 -117 14 -244 -159 -149 135 -242 80 -217 202 -250 -180 -7 -109 -124 -141 47 -208 -50 221 106 -230 -119 -23 42 18 -77 -41 181 -85 -102 214 114 -86 -90 222 29 -43 -10 200 26 245 224 -52 60 41 -112 100 -69 88 -12 225 125 -29 -87 87 218 -238 36 229 -178 215 -205 249 207 72 59 -99 82 126 98 231 127 2 211 223 209 -36 -165 93 226 66 -113 197 139 105 148 232 31 -233 -22 136 108 186 -37 -58 38 -152 -164 92 6 -160 -2 -15 189 220 -179 32 -200 -35 96 62 81 -166 -239 162 -39 -13 84 -143 122 -248 184 -171 76 199 171 -63 241 170 -78 158 180 -96 227 -51 195 110 -116 219 123 191 68 -11 -228 205 121 243 247 -30 -202 -237 -137 -182 -125 37 118 10 -62 1 75 -34 -49 -161 51 30 94 17 104 83 90 -44 160 -213 -122 149 142 -115 -192 -186 -199 -45 238 -226 140 -20 -98 33 -107 -21 -130 -26 203 12 -55 -19 -133 -114 -118 210 -175 11 24 173 175 -227 116 -33 -93 -82 -128 204 -201 -25 -64 176 20 237 182 179 25 -191 201 -162 111 -183 5 -142 -249 141 -195 -198 69 45 -131 145 -189 188 8 -4 49 65 -245 99 77 78 -79 157 -240 133 -214 -9 -247 44 107 54 -59 -57 -197 -76 -120 19 -184 16 34 -129 103 39 -215 156 -246 128 15 208 147 -81 13 129 143 196 -65 -80 153 235 -104 -155 -71 74 -168 -139 91 73 -229 -172 138 137 -32 -56 -157 -212 95 -110 -38 -68 -207 -40 46 169 79 154 -221 -169 -97 -196 -147 120 -153 -174 -108 185 -187 4 -163 163 234 -103 -126 -31 -241 159 -75 -156 -74 -167 174 -42 -121 240 113 -24 -100 144 3 -16 43 -225 -235 124 166 0 -236 -220 178 168 -218 64 -231 212 40 -194 -219 -216 112 56 61 -173 228 -223 190 183 9 -140 71 27 89 -14 48 132 -209 239 -17 -222 -190 -91 236 134 193 -101 -203 -135 187 233 -8 217 244 53 102 35 -46 58 -127 192 -224 -146 7 -148 117 161 198 152 177 -210 -204 -123 -150 213 -111 52 101 -243 85 194 146 -106 -158 67 -6 50 119 -132 -145 70 206 167 21 155 -70 -89 151 -188 150 115 -48 -154 -234 -138 97 -3 -177 -27 -1 -88 172 -105 -193 -232 -176 -83 -5 109 -185 242 -211 63 -95 -170 -136 -181 165 -18 -144 131 -60 -94 230 216 22 23 -73 55 -66 86 57 -134 -72 164 
TEST 188 ARG:-191 92 -144 -53 -208 -222 -95 85 91 -249 101 119 65 67 -33 149 -1 182 -176 -49 19 -204 95 -198 -199 167 -171 71 61 38 -31 -70 -78 -125 -69 -165 -132 34 154 -111 -47 229 -136 58 -86 215 -206 -101 -48 -134 -7 -22 14 56 185 -234 -94 -46 150 163 108 4 -193 240 -24 171 223 -81 194 98 -9 20 66 -130 -122 -145 -166 -218 147 -142 136 -67 -189 -21 -98 80 79 -107 -160 -74 -114 192 133 210 128 25 -162 28 225 -16 -100 29 -59 -85 8 -137 -182 177 231 57 -215 -153 181 120 83 13 -178 10 134 -58 232 -75 143 247 -172 -55 -104 12 176 -123 -37 84 -180 -151 69 -187 -50 222 -131 213 169 -148 99 -41 148 64 -194 -181 -87 -66 53 -76 178 180 126 27 54 205 -112 6 -186 -159 22 -202 -211 238 -214 39 139 -71 -25 76 89 45 -84 166 9 164 -235 -39 116 105 74 -108 156 244 188 153 132 -96 63 248 -102 131 -190 199 -11 -163 -42 -14 47 114 -119 -225 117 -12 162 31 236 33 214 82 -80 0 -238 32 -89 151 217 -72 165 -60 40 97 -217 235 242 -29 -250 -173 -210 -139 -192 -20 228 52 -224 187 243 -38 110 -128 30 -73 -93 -18 50 93 -188 -149 195 41 -62 227 135 -5 -141 221 -154 211 146 59 206 203 2 -157 -3 -140 -201 -45 -35 -105 -115 -36 193 -110 220 87 179 -248 -170 -209 -223 -241 137 -19 -90 -232 -83 201 -156 -233 173 -135 152 21 104 -8 -240 212 -183 202 123 130 -44 -4 197 -97 234 -146 -246 68 174 245 -10 -32 43 129 36 96 -63 196 23 -121 124 -138 -91 -228 -27 7 246 -113 73 122 -68 37 224 3 237 -54 -236 -30 106 -158 144 -2 140 191 107 -227 -155 141 -239 -43 109 -212 -231 -221 -168 18 241 209 -213 -52 -161 200 -152 86 142 113 -118 -77 55 183 42 112 75 233 249 226 -13 -245 -65 172 72 -203 -164 -57 -205 190 218 -92 -195 155 46 204 -207 184 15 -28 127 -51 -167 111 138 -109 -127 1 -237 -200 16 70 219 -56 -174 -150 -15 -17 44 77 -185 -226 -64 168 198 60 -61 208 26 24 121 160 35 207 62 94 -169 -197 -126 161 -124 81 -243 175 -99 -120 170 -116 186 88 -23 -82 -106 102 -88 -133 239 115 78 -103 -34 -219 51 -143 -242 -6 48 -129 189 -147 -229 -216 216 17 -179 -117 90 230 145 5 -230 -184 159 -196 -177 118 157 -244 -220 125 100 -40 -26 103 -79 49 11 -175 158 -247 
TEST 189 ARG:-214 29 33 -114 -33 -8 246 -7 -178 -115 -152 27 112 -39 118 -236 -109 -72 4 103 236 11 -247 183 99 188 -87 13 -71 51 82 205 -79 -51 93 7 161 -88 121 -25 231 -117 -53 190 153 -82 226 144 -34 223 -89 -182 141 192 -193 176 224 209 -41 -123 81 12 173 -162 -40 102 -102 204 -184 -65 -122 84 87 -128 -197 -105 39 -195 143 49 171 -77 -172 -149 -83 -240 -135 -118 -153 157 -218 -26 -24 114 -76 80 225 -146 73 179 -56 113 -18 207 -19 -45 -179 -202 -156 227 126 154 233 18 56 9 -176 -210 -75 235 -22 195 -209 208 -249 23 52 -183 -233 96 -86 75 -215 -222 -250 69 -204 -221 -103 -1 116 -177 180 110 109 -235 135 20 -174 72 234 -166 -186 243 46 162 62 -69 200 36 68 158 -192 -131 107 -234 -32 61 -47 60 -17 -107 -95 79 1 218 -124 -168 -36 138 22 44 -50 155 -246 -90 -81 -108 -5 -15 -226 -200 228 -211 -55 -224 5 94 -159 -4 -173 128 196 148 -134 -30 -244 170 -132 -245 132 244 160 -207 142 -54 -13 -10 -31 214 230 -137 149 43 83 -127 237 45 -121 78 14 -169 186 42 187 -225 117 104 -223 95 26 -27 -37 -129 70 48 41 194 -151 123 -67 2 136 -165 -150 3 219 37 91 -205 -9 217 130 -99 47 177 -112 64 -111 17 -84 105 0 -142 108 247 -155 -141 -57 164 -91 25 151 178 215 -23 -136 199 86 -229 -106 -85 152 -157 -145 -163 249 147 -217 -104 -138 -42 -96 -38 -52 85 220 -49 -181 35 203 -248 -11 229 -227 -144 189 197 54 55 24 -143 -232 -219 -216 242 -158 240 202 -213 106 -238 159 111 133 129 67 -212 221 40 -120 -119 166 -203 181 222 100 175 30 -2 -80 198 -126 -241 97 140 -100 -198 88 -46 -206 156 131 -242 -161 -189 -170 -164 -125 -63 134 163 19 -175 -148 -64 92 210 -133 184 213 28 238 -147 -58 185 59 -35 248 -3 -230 127 172 216 -190 6 211 15 145 -231 -20 -70 -94 -194 -228 -110 -171 -180 -239 -237 -188 76 -139 -199 137 -101 -92 -220 182 16 -196 53 167 -21 -167 146 -28 206 66 241 193 63 168 -16 212 -61 32 10 -48 -140 -12 21 -187 38 125 139 245 -201 98 -29 -44 -130 -62 -185 -59 -97 -6 -160 -78 -60 -43 89 -68 191 119 120 150 -154 -208 101 -74 90 50 71 -66 -14 -113 -98 -243 74 -73 124 31 77 201 65 232 -93 115 8 122 169 165 -116 58 239 57 174 -191 34 
TEST 190 ARG:207 -134 241 110 223 239 53 9 -192 -58 -211 113 -9 -74 -212 -174 -234 -163 57 129 -88 30 -13 115 -162 -207 -108 141 88 168 -218 132 34 -59 -166 85 -55 -84 104 -222 -10 130 -47 -208 -215 159 245 244 22 -191 138 -193 232 -116 -63 94 205 164 15 98 144 201 -104 100 78 -121 101 -246 -48 31 -61 2 -221 -117 -20 -198 -130 60 -176 187 -179 176 -66 99 47 -103 -173 212 -70 90 240 -31 -80 -35 -25 222 -201 172 72 -113 6 16 -105 -65 237 -5 76 202 23 220 161 105 -217 8 -119 -227 -34 158 -100 73 -86 -49 182 -219 -95 69 177 93 42 -185 4 51 -158 -94 189 127 -177 -32 149 -167 163 96 84 231 210 -44 32 -97 -250 82 216 41 -4 142 -168 25 -132 -110 -98 55 117 -53 106 -228 20 137 -245 56 151 -85 119 59 -247 -135 -101 37 35 -161 235 108 -42 -160 -243 -190 -26 -93 19 -29 203 156 -14 109 -206 211 121 7 -143 -99 215 -233 -189 -62 77 -214 -79 -129 139 -199 -213 242 -115 114 29 179 -153 95 -19 191 194 -249 46 116 126 71 111 -127 -41 -239 -2 -56 148 -27 -102 -165 40 74 -126 -21 -136 213 -43 -107 -81 -224 -111 -11 -171 -64 230 -92 -180 188 12 209 18 -33 157 -141 -23 -178 -229 -200 -155 -226 136 27 75 181 -114 10 -140 150 -45 0 169 39 1 128 -175 70 -137 131 36 103 -15 -7 -240 -144 -148 217 5 123 -195 -156 125 -202 -96 173 145 -16 -122 197 133 -142 50 155 -150 -230 -124 24 -138 -159 -172 -50 -194 234 165 -210 166 146 48 120 214 58 -22 147 -112 -170 193 54 -248 -68 118 -8 -209 -24 102 -237 -131 -17 -12 -82 196 -75 248 -242 -145 28 243 -57 -157 49 61 228 -54 221 81 -73 107 -186 -205 170 -204 68 152 208 -89 -183 -235 160 238 -71 83 26 -77 -203 17 -154 -188 -60 14 -46 218 200 -39 -220 63 -90 -238 91 -181 -125 -196 -76 171 -37 -197 225 -51 184 -78 89 21 -182 97 -28 -216 195 66 38 67 219 -3 64 167 -241 -225 185 233 -1 45 -118 -87 186 249 -184 143 135 -83 206 52 180 175 -232 247 -36 -164 -72 -146 -38 -106 -52 134 -69 92 192 62 -231 -123 -223 199 80 -128 -147 -187 33 79 198 204 183 246 178 -30 -244 -109 229 112 162 174 11 122 224 65 86 -236 -152 -139 153 3 -40 43 44 154 -169 -133 -18 -67 227 87 236 -91 13 -120 -151 -149 -6 190 124 140 226 
TEST 191 ARG:185 89 121 118 122 82 117 -189 -132 38 -7 58 -76 -77 114 -108 -220 -186 -209 -91 71 -93 -164 -242 181 158 235 -28 179 124 221 32 -182 -49 -97 -5 157 131 66 230 -214 171 151 231 -116 11 -223 -114 80 15 -226 177 -45 106 -217 37 92 79 -4 -218 2 -191 -140 52 77 41 -40 -154 9 -121 136 217 113 192 5 198 -52 143 -122 -232 -138 194 -165 228 -153 -249 -72 175 -147 178 226 -211 -166 -173 161 -56 -195 -179 -128 -239 45 -247 202 -237 227 96 224 119 46 -21 -59 -98 115 -51 153 -80 -243 166 30 170 -58 140 48 234 -31 -61 35 -235 -75 -85 -142 -88 65 -200 -102 204 128 -224 6 -36 109 12 -65 105 -221 147 233 22 195 26 173 24 -168 163 -187 64 101 208 148 -206 229 103 -69 84 -55 -213 -33 -10 249 44 -130 39 189 -81 -112 -157 74 -54 60 -156 61 127 176 51 -240 -184 93 116 152 -47 -25 -208 236 -145 -83 -107 -95 -197 -16 -109 190 -162 -229 21 -201 -176 100 -196 -163 243 0 -177 212 -175 86 -70 -42 23 87 -188 -202 120 187 -67 -101 207 -203 -245 -20 -94 -234 -62 -84 -57 -230 182 3 126 -169 -26 -190 248 -17 183 -134 40 -96 156 -92 57 172 75 29 -178 245 -15 -135 -246 99 76 1 72 222 49 -71 7 108 -64 83 -14 17 14 95 -37 125 47 133 205 107 33 184 -32 104 -3 25 -205 -110 154 213 169 -46 81 123 209 180 112 196 -171 -99 -66 85 27 164 -41 -8 -233 242 -124 -19 -210 -222 59 53 -198 69 -87 -104 90 -150 -103 -38 219 -180 -204 55 -126 -227 10 203 94 -148 -241 137 -248 -1 -136 240 206 162 -74 13 -183 159 142 200 -82 -30 141 -123 -90 -29 -167 -106 144 -149 20 -13 -155 188 223 -194 -6 -219 -86 -113 218 -111 -250 102 98 246 -159 -43 167 241 -35 -27 -133 42 -39 199 -53 110 36 -127 -48 -139 -181 111 -215 19 -24 -170 193 62 -144 -50 134 70 -143 78 139 168 -172 -207 -161 247 -129 -137 16 214 -22 216 165 -146 130 138 63 145 68 -11 -119 -34 -89 -174 -228 174 -60 132 -73 -192 73 -120 -117 34 201 8 -79 191 31 18 -9 -2 43 238 186 -115 129 54 -44 -236 -78 -216 -158 -68 -212 97 160 -231 -131 -18 -23 -160 197 225 -12 -118 -141 88 91 220 -105 239 237 -193 -100 155 4 28 67 -238 150 50 232 211 -152 135 -244 149 -199 215 -151 -185 244 -63 146 210 -125 -225 56 
TEST 192 ARG:73 -56 -50 -125 -80 132 92 -126 186 135 114 203 -208 -2 -99 -197 150 177 185 4 -90 195 216 -82 -38 -249 94 208 -168 28 -156 131 137 63 175 169 -213 191 -100 173 60 -134 91 214 34 152 225 -27 189 67 139 -196 -217 -231 108 -119 -123 -207 62 -174 -69 -96 -14 -203 -150 -98 182 -230 -48 245 -209 153 164 -225 178 -24 -219 -7 -250 75 -169 -33 -93 149 -247 -163 77 16 -133 -191 -177 -76 232 228 -185 -173 -86 -218 -206 -222 -229 -240 -154 148 -42 -26 -149 117 25 -184 156 -132 -59 210 116 82 -101 -186 -141 90 202 -187 -52 -151 -39 87 3 37 35 126 52 218 192 11 104 22 133 155 100 -85 113 -136 81 -37 71 -113 -4 -104 -180 18 223 -77 55 102 167 157 2 -16 -40 56 248 141 -92 205 240 -41 -192 -74 -111 -17 244 -75 200 -199 162 96 204 -201 151 -114 -91 -130 -128 98 -165 111 224 29 -193 69 129 76 174 -54 -97 36 -30 -147 180 110 -64 -61 -79 -67 112 -233 -32 53 124 14 247 130 -143 212 -157 -228 27 -189 7 74 -21 -152 -216 -160 179 159 -195 41 -68 -20 -221 -112 13 93 32 -105 -223 -176 125 147 -171 109 119 -3 31 68 170 106 121 160 -102 -35 166 242 -18 -135 -103 123 184 49 -47 5 -22 -215 51 -1 190 -211 227 -120 181 -6 70 -153 118 -19 -109 235 221 48 -71 19 61 65 101 -49 -194 -179 -224 -65 -62 176 -28 -25 -11 -13 -122 -181 -183 89 209 -121 239 58 -226 33 -55 241 172 -182 -45 -36 -248 -53 -146 -162 -106 -244 -129 -127 45 -205 201 44 -118 -83 128 207 83 -107 127 -178 -73 234 -46 -63 -190 -34 158 8 99 -140 57 -95 188 -84 -51 -108 -246 105 215 -89 140 -66 -144 213 220 142 219 -212 15 -145 -158 183 122 -188 193 -87 66 88 197 136 -137 138 -237 249 1 72 40 198 -234 217 -138 -200 229 161 144 -9 -159 -23 163 -220 230 -198 -172 236 -110 211 226 54 246 17 50 103 194 168 -170 -161 -232 -117 38 222 187 78 43 -142 85 39 -238 64 206 -155 -175 -94 9 233 -8 -236 86 165 21 30 59 -58 -10 -44 0 -81 -148 97 -241 238 46 145 -60 -78 231 -43 -116 -29 -167 10 146 -235 -243 -202 -245 -239 -124 -15 -227 80 171 47 -72 -5 -115 84 -31 143 42 -204 -12 -214 23 -139 196 -131 -88 -164 107 12 26 -210 115 95 154 -70 134 -57 79 20 24 199 6 120 -242 237 243 -166 
TEST 193 ARG:-71 197 -138 127 -159 106 89 -110 188 -30 -194 143 -175 191 67 11 155 194 221 42 164 86 -61 247 245 167 52 200 -89 -100 55 74 239 -196 -58 -96 63 112 105 23 -106 -155 -81 180 172 -238 -219 -70 165 -54 -86 159 -127 96 116 -149 131 -216 22 -172 10 -130 175 241 113 -27 -107 -229 8 122 217 -174 -16 -59 108 158 -200 233 184 119 -160 -83 218 14 15 28 39 46 148 225 -128 -37 168 220 -123 154 -90 88 -205 -231 -63 97 -222 -147 213 -145 -213 136 -247 179 -6 115 -19 47 -52 -153 45 -47 -50 -11 -217 177 -241 33 32 16 -188 -210 -38 -65 93 249 61 73 -181 -126 43 36 124 185 202 101 71 176 163 199 110 -48 -193 -208 -2 -24 -177 -165 -77 141 -125 12 -115 -139 244 -154 -73 20 -119 49 118 -79 133 -49 -121 208 212 98 -14 153 -46 190 -56 -224 -204 -26 -45 -237 223 -10 214 53 -215 -28 -133 -53 -178 128 181 114 -183 -180 1 186 -142 -72 65 -156 -232 -82 -36 -32 -31 161 77 166 -7 50 59 38 140 -176 94 57 174 13 -3 -182 -234 -152 -240 228 -122 -21 192 -230 -74 222 78 -146 -131 231 -39 145 -150 -112 -84 9 -4 -223 -185 104 170 146 210 54 240 79 5 3 0 -102 -64 -235 -103 24 -158 -245 -132 120 91 66 206 182 109 125 235 -1 149 44 232 130 -5 48 30 -23 139 -179 -173 62 -44 76 209 -62 -206 -197 -97 -199 -201 95 173 27 -91 -209 58 -98 201 4 64 21 -187 -135 -57 19 83 -29 -67 -136 135 18 -75 -189 -143 211 -124 207 75 -228 -148 69 137 -167 -220 144 123 -164 -226 25 215 -17 -60 248 -34 -43 160 37 81 -9 -35 -80 -55 40 187 178 237 -214 216 -225 196 126 -195 92 -250 -76 -13 204 103 -117 -198 -244 236 -94 230 -218 132 -85 -171 -184 -227 -18 -242 -168 198 183 -212 -137 147 -104 -41 -88 -169 -113 107 243 -111 -161 193 -190 142 -157 2 29 34 111 -69 72 151 -78 157 35 -239 -116 -33 -207 117 -144 87 17 -8 -92 134 138 82 -15 7 189 -40 129 152 -87 -66 60 70 162 -134 -68 205 85 -203 -186 -192 -120 -166 203 -140 26 -95 -163 -20 171 246 238 41 195 -243 -191 219 229 -246 99 51 -114 -22 -25 -12 234 90 169 -101 156 80 56 227 -170 31 -249 -108 -118 -99 -51 -221 -233 68 100 -42 -162 242 -202 -248 102 -141 -105 -129 -236 226 224 84 121 -93 -151 6 -109 150 -211 
TEST 194 ARG:-106 -202 -41 -101 -31 -189 -150 49 -242 -38 -66 -43 -151 47 227 221 -187 248 -72 -212 175 -213 76 -178 143 106 179 66 98 149 242 -133 -157 -115 147 137 -220 110 -54 60 155 21 18 -160 10 165 217 85 -125 80 2 20 -110 -139 0 166 207 -119 126 -79 210 -152 196 157 -208 -35 -1 -207 -87 39 197 238 -170 144 -230 -236 -175 172 11 -164 -140 194 -199 101 -247 -248 -111 -104 -26 96 -2 31 -32 -36 170 -25 1 -209 108 -108 117 125 -180 -182 4 -16 169 27 23 -112 154 -198 -62 -176 -4 -153 177 -223 -239 211 -168 192 -53 -137 37 -94 -200 -19 -226 88 -126 55 -203 -129 -71 -166 182 -228 -244 -225 -231 124 241 240 13 203 123 53 -245 -90 -37 213 9 151 130 24 148 51 119 215 109 71 -105 234 237 -186 -67 -159 -141 184 -50 -45 43 97 -81 19 34 -100 -30 152 -84 -116 -103 134 115 -185 209 132 219 77 -69 -163 -59 -217 -215 -13 -102 -135 -146 228 93 -148 131 33 -136 22 79 -113 12 -7 -184 16 -75 -233 -56 26 -8 3 -47 -121 199 -51 -169 45 127 -78 -218 183 99 -250 161 122 -48 150 -118 180 40 -57 -161 100 69 220 46 -130 -246 -190 64 140 56 223 -154 29 214 -20 113 -156 -86 -70 -21 -188 52 91 73 61 206 244 133 -241 75 -89 -44 114 236 48 186 224 245 160 212 174 -23 159 -65 202 102 87 -91 -11 5 -237 -222 142 205 243 84 -3 191 -61 162 70 141 17 -205 95 92 -40 163 146 -193 -12 -18 118 193 249 -109 -158 -219 -42 198 7 225 128 -14 -123 -88 232 -162 156 6 -92 -195 233 44 -77 63 94 54 -73 -24 -143 104 -107 -196 138 15 82 158 -192 65 59 226 -240 -80 229 -15 -114 8 178 -96 -76 -128 105 58 -229 -10 -64 -221 -6 164 -124 189 112 -210 -227 50 116 -39 -97 -234 25 30 -60 -83 86 195 139 -122 35 145 -132 89 167 -194 -149 -204 -177 -167 -147 -93 28 68 -95 -134 -165 -155 14 -127 78 -33 -82 -117 -28 -179 -5 -68 -120 72 200 230 129 239 168 67 -142 -238 231 90 -29 173 -144 -85 -191 74 -214 -249 208 42 83 -211 -9 171 -46 204 107 -232 -131 -206 -181 216 38 -22 -63 -171 188 -58 -216 120 222 36 -243 -174 -235 247 181 81 -145 -172 185 -74 135 136 235 -224 -27 -34 190 176 201 187 57 218 -49 -98 -183 111 -138 121 32 246 -201 153 -55 103 62 -52 -197 41 -17 -99 -173 
TEST 195 ARG:-186 -46 75 -231 -184 -10 -194 -12 165 -21 135 -213 33 157 -170 -67 -74 -100 67 125 28 87 -124 121 76 200 -160 -246 210 85 154 113 -223 202 -173 51 -6 16 -90 115 175 133 -166 60 -211 -193 -214 -70 88 -236 -85 -104 -227 -181 143 226 148 -203 142 193 -222 98 -127 182 -192 145 58 70 97 183 -65 -120 219 -96 -44 -109 -41 213 105 -59 2 -66 13 198 15 77 107 -183 -138 -32 238 -235 -23 122 -17 -122 -79 -106 -42 -72 -243 174 96 109 -218 -140 73 -139 228 78 -233 199 -146 64 -1 -238 170 62 41 -33 -35 -30 -91 -88 -114 -216 180 -250 194 49 231 -219 -158 237 -175 -22 137 -169 -198 35 -179 -62 -9 -97 74 -225 -77 -215 -206 216 -76 221 -200 -188 -80 167 173 -63 -237 95 -234 103 -131 -164 1 -47 171 144 201 151 29 -25 152 21 -168 -13 -156 -101 47 -136 -197 7 -130 -135 -18 215 -48 -229 19 229 -244 65 -149 130 -176 79 81 20 141 14 -129 69 -241 -117 192 38 234 32 139 -108 82 161 -15 189 -52 -73 -69 249 23 -34 -208 45 206 -167 89 -99 160 -240 -89 48 -150 136 3 52 -230 -37 140 -61 -187 -172 241 -133 -132 242 -207 4 -107 68 -228 104 37 -171 117 163 -102 -182 119 -162 -16 -180 147 -19 110 111 218 220 203 36 177 -55 132 -145 -86 44 158 236 155 -11 -60 -28 72 -134 127 162 39 -144 12 11 149 153 247 -29 -204 -7 166 138 134 -4 -118 207 106 83 184 56 22 40 -217 -177 -195 57 169 31 -94 114 -152 -153 217 118 46 80 10 224 227 -245 108 -205 129 123 240 187 50 66 -56 188 204 -159 -40 -165 -189 94 -147 205 150 -64 233 -247 126 -110 176 179 71 -163 55 -95 190 -68 -36 9 59 -39 146 54 34 86 156 91 -178 101 30 102 -196 -20 -27 112 -105 -151 0 -232 -249 -226 26 63 84 172 239 18 -128 8 -224 248 -43 -54 93 6 245 -26 99 -248 164 124 -3 -58 -87 -2 -119 -157 -202 -121 -154 -113 116 -115 -143 -51 -81 120 -82 178 -201 -191 -71 -141 17 181 -137 -83 90 131 -49 246 -50 61 -75 185 27 -111 225 -212 -45 -242 25 243 211 -38 235 -174 -148 -98 222 -221 191 42 -78 -14 -5 196 -155 -53 -31 197 230 100 -112 -57 5 214 53 -103 212 209 -8 159 -220 -209 -24 92 -92 24 43 -161 186 128 195 -199 -142 -190 232 -185 -239 -84 -116 208 -93 -123 223 244 -125 -210 -126 168 
TEST 196 ARG:-220 87 189 -173 -19 123 88 -96 -247 -74 -209 -15 -123 153 -7 167 -154 146 -235 98 -172 -214 186 -24 -55 -37 182 -53 30 -218 -161 246 -250 -58 81 200 -38 -216 -75 82 -108 29 -180 193 -142 201 190 -230 -47 -28 -82 -131 -39 249 54 150 -148 -88 -90 -193 43 162 -158 -157 -31 125 -1 -167 -116 240 108 169 -59 -56 -248 -16 -171 46 -204 80 -118 -57 214 -155 8 244 65 122 41 156 -236 -200 -152 131 33 -63 147 -20 -65 11 -205 -162 -64 -156 -150 221 -186 -202 109 172 26 59 -68 -79 213 -137 93 111 -95 199 227 -198 -165 56 136 -246 24 27 180 13 -23 -187 -163 39 -33 -227 -98 236 110 -240 202 120 -9 -69 -71 -70 135 45 -132 245 241 60 -174 101 106 -4 -168 -87 4 -101 -244 184 142 144 -83 19 160 230 -135 242 -40 154 112 -201 124 -228 121 247 -18 2 170 -30 94 -184 -29 -199 235 -124 194 191 -36 176 173 117 198 32 35 -197 66 -129 -60 -224 37 -225 129 143 -234 -86 141 -233 31 -104 -85 -215 -134 -182 -50 196 48 -62 -26 85 211 145 -46 -245 -179 -136 -113 25 -114 34 -6 149 -45 228 5 174 -223 9 49 -12 -78 15 36 -151 140 -185 -181 -121 16 77 -110 68 119 -54 61 3 215 100 44 -27 197 157 -73 89 -183 73 92 52 86 -195 -32 50 231 158 -229 79 -206 188 -127 18 -249 103 -13 69 90 76 222 -130 67 -91 -149 192 -49 -177 225 -166 -169 128 -144 12 177 161 -89 187 -107 195 -213 23 -119 238 57 -237 -170 -211 -66 -97 -99 -93 -67 -21 21 209 212 -139 -10 -80 -192 166 234 223 155 134 243 -153 -106 -189 -212 -43 114 -239 -103 -2 229 116 99 -210 179 183 -133 40 217 96 224 28 204 -231 139 -5 -34 -188 -164 -105 171 6 -222 237 -25 -22 64 206 -115 97 181 74 -194 0 148 220 -146 -141 -226 -112 115 -41 -94 -128 216 233 -232 47 168 -3 -217 -122 70 151 14 132 10 -77 -207 -143 -243 159 163 185 -61 113 -11 -238 -92 -120 42 78 -221 84 165 126 -14 75 -72 -51 137 -8 107 -147 138 -81 232 178 208 -242 239 -191 127 22 -102 -190 53 -117 -35 38 17 -109 63 91 -48 218 83 205 248 -196 203 -159 7 226 -100 -241 105 164 -219 95 -176 -17 210 -126 72 20 219 -145 152 104 71 -140 -125 -203 62 -42 -178 -138 58 -76 55 102 175 118 207 -52 -111 130 -208 -84 1 -160 133 -44 -175 51 
TEST 197 ARG:-117 -246 234 -11 -229 93 64 135 -61 -122 -78 -73 -102 -175 238 161 224 155 -63 -32 -126 -94 68 -141 -54 -38 -130 193 -95 -107 200 -207 -79 210 126 -239 -183 21 245 15 239 -187 -12 -128 118 163 66 42 81 89 -90 -74 149 148 -77 -86 129 -174 -219 33 -155 114 -214 -143 179 85 2 150 17 -103 -224 -29 -223 -226 206 -47 -10 207 171 6 -241 -145 71 133 -112 -236 -150 -85 28 -237 151 134 236 -44 -97 102 213 208 110 92 -142 87 -178 31 158 140 -72 184 44 41 -58 4 152 -180 40 70 10 141 185 113 -232 -206 -161 -196 191 18 -106 -245 14 145 -153 -199 -132 72 98 67 189 -220 55 -234 -137 -48 194 121 5 43 -205 -231 -218 94 216 247 225 -177 9 115 -18 -209 -154 230 125 -24 -51 -152 83 39 11 -204 -186 202 -185 226 211 -96 -147 -62 -114 -83 -110 123 -49 174 175 214 -52 -36 -100 -189 105 -39 204 -221 -75 -168 229 -9 -92 -129 45 -93 167 -159 88 74 -55 242 201 131 -2 117 -170 -53 -27 -135 -242 165 -230 -217 -70 29 32 -25 47 -82 -193 -211 122 -166 176 -31 -21 78 -46 244 51 -213 147 143 69 79 -164 -20 181 24 -235 -69 219 95 127 -59 -228 -222 46 -42 -227 -202 -41 -248 222 103 -191 215 -244 157 20 217 48 49 -243 237 197 -23 109 -169 -148 -6 -67 136 30 -13 190 -35 -144 192 -249 75 153 162 183 180 132 84 119 -14 195 -88 168 -181 235 8 25 -200 35 124 7 3 90 -109 -134 -118 223 -131 37 160 1 61 86 23 248 59 -201 -127 -233 -8 -133 -160 108 138 232 -216 203 -162 -171 120 -101 -7 -66 -225 106 -65 -45 128 169 -136 -197 172 27 218 -195 -111 241 -188 212 -89 187 -115 53 199 58 -34 -215 107 99 100 142 -50 137 22 177 196 233 -138 227 112 -125 209 -17 101 -43 -179 173 96 -19 -182 76 62 -87 -116 111 -240 19 52 -30 91 -15 -176 -173 240 -3 156 146 50 186 -192 -108 -149 249 -198 188 182 -56 -80 -40 -84 246 34 -91 13 16 -158 -165 -57 -194 -146 -4 -247 170 63 60 -140 -151 178 -156 -250 116 57 -5 -210 -28 -98 -123 130 -163 -76 73 166 38 -120 -16 54 82 -113 -64 243 -121 26 144 -37 -99 77 164 228 159 -238 -60 -203 -71 -1 -105 12 -212 80 -184 36 198 205 -33 -104 0 -172 231 65 56 -139 -157 220 -22 -119 -208 104 97 139 -190 -124 -26 -167 154 -68 -81 221 
TEST 198 ARG:-129 -239 216 -57 -64 -80 107 -208 55 -35 -219 31 75 7 173 29 -191 -241 -148 -68 99 -67 -166 -238 28 46 -58 -229 86 -81 165 14 238 170 -23 -24 110 135 -249 198 194 -156 126 -40 171 -144 130 -86 72 -42 4 113 -121 188 -179 -2 88 62 -198 129 -230 93 -211 -127 187 248 2 53 -56 236 -170 151 -33 -92 226 154 -135 -237 79 -109 -69 -228 -107 247 -246 76 64 34 -37 147 -88 50 -52 -187 150 -122 94 -29 -138 143 111 177 33 230 218 155 103 -65 -30 105 -100 176 0 -206 66 -78 141 -5 -63 168 -27 -158 179 185 192 163 -180 25 -250 -66 -91 227 144 221 -17 -79 -39 61 139 -26 -243 134 -201 -151 -73 149 91 -34 -145 -177 -119 -133 112 -90 -193 -185 -117 -99 175 -160 -32 -225 -110 97 -240 80 18 -1 -10 -21 162 -72 189 -214 -43 -95 -212 -25 212 -38 -203 104 -136 74 -6 137 235 -235 21 45 184 209 -4 148 -8 123 174 190 51 183 196 -83 -189 158 124 -130 -181 12 152 26 20 -132 -102 -137 -224 169 -167 3 48 195 -124 166 229 -105 89 -51 -227 145 142 87 -49 -3 -112 -141 119 -139 243 131 -188 -164 210 217 -13 -74 -194 115 -169 127 -199 -222 -245 -76 -14 245 36 223 -82 -233 -54 23 -18 181 -75 82 231 -126 -55 71 78 -7 -197 -120 -71 32 49 -114 37 206 220 -19 -123 120 56 114 70 136 -85 215 -140 17 159 -125 193 -146 -84 -150 -98 -101 240 65 39 -231 -113 -171 -16 -157 249 -44 140 222 191 30 44 -61 -108 42 101 -20 -244 -153 172 122 157 -182 -111 35 -142 11 106 59 -205 -22 -53 237 138 -165 233 118 67 -234 -59 -87 15 85 -174 -202 -115 -48 -77 -186 16 90 -106 167 219 -70 -200 68 -154 208 -163 5 -223 200 205 -62 58 -242 -221 -47 -195 128 -161 207 -116 -207 234 -11 -190 -118 -196 52 84 -173 178 -93 22 161 211 199 63 98 156 102 -247 -147 241 -15 -31 203 239 77 -192 -175 -45 -128 60 54 -9 -216 6 -152 -218 146 -89 -41 160 224 225 92 109 132 -103 -209 -28 213 95 -46 202 100 13 73 -168 -131 69 121 -143 57 8 182 -220 -134 246 201 -184 -149 180 -104 204 -50 81 -159 214 -97 186 -60 164 125 -215 43 19 -210 -183 -226 242 -155 117 38 41 -36 -96 -94 -232 96 153 108 83 -178 40 10 -236 9 24 116 -217 -204 47 -248 1 -12 133 -176 -213 -172 228 232 197 27 244 -162 
TEST 199 ARG:208 -178 -206 215 -230 -92 197 -148 104 -102 -235 -12 -187 183 216 -44 74 -116 -245 122 143 237 156 -99 44 -228 81 -127 115 -157 -117 -1 -191 193 13 -39 -40 157 82 -27 -8 -109 93 244 -226 -238 127 131 -42 223 -234 -108 -183 -122 -233 159 -196 166 249 -88 181 -136 -158 70 -209 124 97 -66 -128 -219 247 222 -28 -124 154 161 -112 -75 120 126 -14 76 151 211 73 -68 -244 -211 -59 -133 -162 -32 -220 30 117 -175 134 40 69 -161 22 -154 92 -81 -17 2 -36 19 88 86 116 -63 17 -155 100 105 200 -103 -232 48 147 47 -130 71 198 -198 155 248 -77 142 -79 58 7 -134 199 -173 228 226 -159 53 210 190 172 245 -147 141 -170 -205 8 -83 201 99 -93 -15 -247 106 -11 110 15 56 221 -34 234 66 146 14 242 108 91 41 6 -98 65 -10 -47 -31 189 -193 240 145 -18 78 -7 158 -168 16 10 -29 39 42 -24 18 -217 231 9 241 171 174 -225 45 -186 176 195 60 -189 -138 119 -210 -239 -212 -188 -115 -172 -9 -21 -118 -246 218 0 -54 -165 153 -184 -61 -96 229 -126 -156 103 46 83 162 49 -60 182 118 180 -78 -51 -55 163 121 -20 -82 -46 -22 165 -30 203 -90 114 -58 233 -84 -35 -179 84 -242 -72 4 -5 -111 -6 -150 -87 -167 209 35 -53 3 34 -142 -144 50 169 -62 132 89 164 -45 -241 -91 -89 -174 175 -97 191 -86 -71 -69 -149 -181 102 -70 -223 -107 107 -213 219 61 -43 -57 -48 -33 -104 5 87 149 32 -201 -49 -121 68 212 59 -16 243 111 136 -182 -145 -236 -94 -166 -197 135 109 -215 232 187 225 -208 52 -200 98 144 -227 140 -113 186 227 246 38 20 64 -221 -2 113 139 -224 -73 -180 -131 230 236 -56 62 192 -204 79 -163 152 -243 160 95 130 -52 101 -114 -139 -143 -41 194 -199 -153 -177 -216 220 207 33 173 148 -38 -65 238 129 55 -64 -207 188 12 217 150 -203 37 224 138 -146 202 -50 196 -250 -26 -194 205 -105 137 -123 214 25 123 29 185 -140 -106 178 27 -129 28 168 31 26 90 -137 239 21 -3 -125 85 -100 24 -23 51 -37 72 -192 -13 -190 75 125 -240 -229 -95 -176 213 -151 -19 36 -237 204 167 80 43 -120 54 94 -4 -218 -214 184 -248 -119 -76 -195 -160 -101 -74 206 -231 179 -169 96 67 57 1 -135 -164 133 -67 -25 -185 112 -171 63 177 23 -152 235 -80 170 11 -141 -85 -110 77 -202 -132 -249 128 -222 
TEST 200 ARG:117 72 48 -113 95 -144 -12 1 -29 -124 2 -126 118 78 -77 44 18 -89 176 137 93 -148 204 -218 12 112 234 -205 223 -171 -191 55 74 -108 101 205 158 -21 241 139 170 248 50 -47 107 -73 247 122 187 -150 172 -74 31 -24 -136 -45 -145 -227 -243 225 -163 151 80 157 -106 -52 6 -167 -198 40 142 7 -90 180 56 228 232 16 -134 102 -70 -174 111 -224 -222 -67 -240 51 -27 213 -201 58 -153 -139 32 -9 11 -34 -244 218 -247 -239 -8 152 81 -202 -181 -48 133 -175 193 -63 249 -221 211 -137 120 -59 15 -85 237 -177 182 143 -204 109 -46 -147 -135 23 -246 220 -36 -146 61 -116 -71 33 207 -35 22 178 147 108 13 -110 240 -41 -7 202 197 -98 99 79 59 136 106 144 -249 -94 57 199 -209 19 45 134 -101 167 -69 -200 224 103 -4 238 -114 141 235 -105 83 -173 -133 43 -91 -109 -164 42 -10 159 -84 76 -127 -182 64 4 -161 100 3 -40 -210 -211 181 221 -119 63 41 -233 198 -23 -172 -138 -215 140 73 -217 65 214 21 -185 -64 -151 123 -203 -30 34 9 145 -95 -82 67 209 154 89 -122 -49 153 8 -6 -75 75 -107 -99 -54 14 -88 38 201 -228 -160 -92 -192 -18 129 217 96 -199 10 17 -76 -241 -129 104 -168 -65 -220 -194 -214 84 52 -83 -31 149 -156 24 29 -16 -66 -188 -223 -68 -237 -154 231 -236 -87 244 46 86 -51 47 77 -248 62 -165 186 219 88 -125 -132 -120 135 -235 -78 -3 -26 -219 242 -155 -57 114 216 -187 -142 174 -176 215 222 188 110 200 -2 -162 128 113 69 194 166 98 -13 87 -250 -226 126 -62 -28 -55 162 227 203 127 -32 210 -141 -39 -130 -179 -231 -111 -102 27 -195 -158 35 146 -140 132 -178 -196 36 -19 -79 -131 121 82 116 -213 124 192 -81 -183 -112 -229 -169 -206 0 68 -230 212 164 160 -43 -232 150 189 148 183 53 239 161 208 71 165 -56 20 130 185 171 -234 -17 243 -143 229 -42 206 163 -58 -149 -86 -190 -11 97 -25 70 85 125 -184 -22 -159 -121 -128 49 -96 90 -189 105 236 169 -60 -245 60 190 179 -38 -193 -80 177 -115 -104 115 -61 -123 25 -216 -212 -93 54 233 -225 195 -44 37 -208 -33 -117 -238 39 -53 175 191 -180 -72 -197 -37 -15 138 226 -118 -50 230 91 -186 196 245 -100 -207 30 -5 119 -152 -20 92 173 131 -170 94 5 -166 -103 156 26 28 155 246 -14 66 -157 168 -97 184 -242 -1 
TEST 201 ARG:183 65 -122 -228 1 190 -182 34 -34 85 -5 233 -116 68 167 -57 -65 155 118 180 31 -128 163 168 14 -113 82 -158 50 -42 -232 -94 -238 99 91 29 73 -25 -189 193 175 121 -153 -74 225 157 -245 -145 22 -90 -54 -19 -26 -150 176 171 -164 79 -51 -181 -84 -43 -104 -148 184 -222 48 122 219 177 -156 90 -179 -110 -41 112 -61 100 105 159 56 115 -79 117 -206 61 -247 -200 -220 -49 63 12 242 114 -162 21 -194 -28 86 -173 97 109 -8 28 -127 192 -133 -136 243 -53 -170 83 138 170 -198 102 -91 142 39 41 -10 -20 20 -186 72 -95 -73 -50 4 -214 237 191 234 -81 -66 -184 -188 186 -151 -236 229 -22 -72 30 -123 -178 -93 245 -165 -124 -119 -167 -134 150 -154 182 7 -242 202 -191 -209 45 23 -33 166 -48 60 -27 42 189 106 -117 -80 -139 10 -111 27 -3 76 103 58 -239 -67 220 -32 -101 36 -205 218 53 169 -36 104 5 -37 89 84 249 -244 188 140 -172 40 -88 149 -39 -92 -217 -219 199 -58 -56 -230 -160 -35 125 153 -76 -174 129 204 13 75 212 156 -221 -14 16 3 -237 -129 214 -17 205 -218 221 -169 -59 66 -29 92 111 -1 -187 74 181 -229 197 57 -105 43 -30 78 71 216 230 93 146 94 161 179 35 -190 -77 -87 47 -175 -115 187 178 213 -195 147 -227 -99 110 -44 0 228 -47 132 101 143 -4 -71 25 54 -63 -21 -13 246 151 -143 144 -248 38 232 -45 195 -149 -163 24 139 44 206 -109 -23 -216 165 198 -131 -106 108 -52 33 -55 -112 164 124 119 -40 107 160 -225 9 203 -185 77 -114 -85 11 -132 -98 46 -152 -2 222 -15 -155 -168 137 80 -102 227 -121 32 244 -212 162 -38 98 -204 17 -86 -97 69 37 209 -224 241 95 -215 -166 -100 70 -246 -211 -60 224 152 -24 -137 185 -240 210 -12 -70 59 -183 18 81 247 128 -207 -144 -83 240 -18 51 -16 -249 -107 158 148 -78 133 154 49 134 -192 236 136 -120 87 -75 -69 200 -89 64 -176 174 173 -31 -130 -141 -233 238 -223 -250 6 -147 26 67 -177 113 116 62 -159 -140 -171 -7 -125 194 235 -108 215 196 172 207 239 -234 -157 88 -226 -213 126 -203 -142 -11 231 141 131 123 -243 -196 130 127 -208 -82 226 -138 201 8 208 -103 217 -199 52 -193 223 135 15 -201 -126 -235 -62 -241 -146 -210 96 -6 -64 248 -202 -46 19 -161 -96 -68 2 -9 -118 -197 -231 -135 -180 211 55 120 145 
All size test
